facility_id,hospital_name,address,city,state,zip_code,county,phone_number,hospital_type,hospital_ownership,emergency_services,beds,lat,lon,in_2011_data,in_2026_data,has_name_conflict_2026
010001,SOUTHEAST HEALTH MEDICAL CENTER,1108 ROSS CLARK CIRCLE,DOTHAN,AL,36301,HOUSTON,(334) 793-8701,Acute Care Hospitals,Government - Hospital District or Authority,1.0,,,,1,1,0
010005,MARSHALL MEDICAL CENTERS,2505 U S HIGHWAY 431 NORTH,BOAZ,AL,35957,MARSHALL,(256) 593-8310,Acute Care Hospitals,Government - Hospital District or Authority,1.0,,,,1,1,0
010006,NORTH ALABAMA MEDICAL CENTER,1701 VETERANS DRIVE,FLORENCE,AL,35630,LAUDERDALE,(256) 768-8400,Acute Care Hospitals,Government - Hospital District or Authority,1.0,,,,1,1,0
010007,MIZELL MEMORIAL HOSPITAL,702 N MAIN ST,OPP,AL,36467,COVINGTON,(334) 493-3541,Acute Care Hospitals,Voluntary Non-Profit - Private,1.0,,,,1,1,0
010008,CRENSHAW COMMUNITY HOSPITAL,101 HOSPITAL CIRCLE,LUVERNE,AL,36049,CRENSHAW,(334) 335-3374,Acute Care Hospitals,Proprietary,1.0,,,,1,1,0
010009,HARTSELLE MEDICAL CENTER,201 PINE STREET NORTHWEST,HARTSELLE,AL,35640,MORGAN,2567736511,Acute Care Hospitals,Proprietary,,,,,1,0,0
010010,MARSHALL MEDICAL CENTER NORTH,8000 ALABAMA HIGHWAY 69,GUNTERSVILLE,AL,35976,MARSHALL,2565718000,Acute Care Hospitals,Government - Hospital District or Authority,1.0,,,,1,0,0
010011,ST. VINCENT'S EAST,50 MEDICAL PARK EAST DRIVE,BIRMINGHAM,AL,35235,JEFFERSON,(205) 838-3122,Acute Care Hospitals,Voluntary Non-Profit - Private,1.0,,,,1,1,0
010012,DEKALB REGIONAL MEDICAL CENTER,200 MED CENTER DRIVE,FORT PAYNE,AL,35968,DE KALB,(256) 845-3150,Acute Care Hospitals,Proprietary,1.0,,,,1,1,0
010015,SOUTHWEST ALABAMA MEDICAL CENTER,33700 HIGHWAY 43,THOMASVILLE,AL,36784,CLARKE,3346366221,Acute Care Hospitals,Proprietary,,,,,1,0,0
010016,SHELBY BAPTIST MEDICAL CENTER,1000 FIRST STREET NORTH,ALABASTER,AL,35007,SHELBY,(205) 620-8100,Acute Care Hospitals,Voluntary Non-Profit - Church,1.0,,,,1,1,0
010018,CALLAHAN EYE HOSPITAL,1720 UNIVERSITY BLVD STE 305,BIRMINGHAM,AL,35233,JEFFERSON,(205) 325-8596,Acute Care Hospitals,Voluntary Non-Profit - Private,1.0,,,,1,1,0
010019,HELEN KELLER HOSPITAL,1300 SOUTH MONTGOMERY AVENUE,SHEFFIELD,AL,35660,COLBERT,(256) 386-4556,Acute Care Hospitals,Government - Hospital District or Authority,1.0,,,,1,1,0
010021,DALE MEDICAL CENTER,126 HOSPITAL AVE,OZARK,AL,36360,DALE,(334) 774-2601,Acute Care Hospitals,Government - Hospital District or Authority,1.0,,,,1,1,0
010022,FLOYD CHEROKEE MEDICAL CENTER,400 NORTHWOOD DR,CENTRE,AL,35960,CHEROKEE,(256) 927-5531,Acute Care Hospitals,Voluntary Non-Profit - Private,1.0,,,,1,1,0
010023,BAPTIST MEDICAL CENTER SOUTH,2105 EAST SOUTH BOULEVARD,MONTGOMERY,AL,36116,MONTGOMERY,(334) 288-2100,Acute Care Hospitals,Voluntary Non-Profit - Church,1.0,,,,1,1,0
010024,JACKSON HOSPITAL & CLINIC INC,1725 PINE STREET,MONTGOMERY,AL,36106,MONTGOMERY,(334) 293-8000,Acute Care Hospitals,Voluntary Non-Profit - Private,1.0,,,,1,1,0
010025,GEORGE H. LANIER MEMORIAL HOSPITAL,4800 48TH ST,VALLEY,AL,36854,CHAMBERS,3347561400,Acute Care Hospitals,Voluntary Non-Profit - Other,1.0,,,,1,0,0
010027,ELBA GENERAL HOSPITAL,987 DRAYTON STREET,ELBA,AL,36323,COFFEE,3348972257,Acute Care Hospitals,Government - Hospital District or Authority,1.0,,,,1,0,0
010029,THE EAST ALABAMA HEALTHCARE AUTHORITY,2000 PEPPERELL PARKWAY,OPELIKA,AL,36801,LEE,(334) 528-1300,Acute Care Hospitals,Government - Hospital District or Authority,1.0,,,,1,1,0
010032,WEDOWEE HOSPITAL,209 NORTH MAIN STREET,WEDOWEE,AL,36278,RANDOLPH,2563572111,Acute Care Hospitals,Government - Local,1.0,,,,1,0,0
010033,UNIVERSITY OF ALABAMA HOSPITAL,619 SOUTH 19TH STREET,BIRMINGHAM,AL,35233,JEFFERSON,(205) 934-4011,Acute Care Hospitals,Government - State,1.0,,,,1,1,0
010034,COMMUNITY HOSPITAL INC,805 FRIENDSHIP ROAD,TALLASSEE,AL,36078,ELMORE,(334) 283-6541,Acute Care Hospitals,Voluntary Non-Profit - Private,1.0,,,,1,1,0
010035,CULLMAN REGIONAL MEDICAL CENTER,1912 ALABAMA HIGHWAY 157,CULLMAN,AL,35058,CULLMAN,(256) 737-2000,Acute Care Hospitals,Government - Hospital District or Authority,1.0,,,,1,1,0
010036,ANDALUSIA HEALTH,849 SOUTH THREE NOTCH STREET,ANDALUSIA,AL,36420,COVINGTON,(334) 222-8466,Acute Care Hospitals,Proprietary,1.0,,,,1,1,0
010038,STRINGFELLOW MEMORIAL HOSPITAL,301 EAST 18TH ST,ANNISTON,AL,36201,CALHOUN,2562358900,Acute Care Hospitals,Proprietary,1.0,,,,1,0,0
010039,HUNTSVILLE HOSPITAL,101 SIVLEY RD,HUNTSVILLE,AL,35801,MADISON,(256) 265-1000,Acute Care Hospitals,Government - Hospital District or Authority,1.0,,,,1,1,0
010040,GADSDEN REGIONAL MEDICAL CENTER,1007 GOODYEAR AVENUE,GADSDEN,AL,35903,ETOWAH,(256) 494-4000,Acute Care Hospitals,Proprietary,1.0,,,,1,1,0
010043,CHILTON MEDICAL CENTER,1010 LAY DAM ROAD,CLANTON,AL,35045,CHILTON,2057552500,Acute Care Hospitals,Voluntary Non-Profit - Private,1.0,,,,1,0,0
010044,MARION REGIONAL MEDICAL CENTER,1256 MILITARY STREET SOUTH,HAMILTON,AL,35570,MARION,(205) 921-6200,Acute Care Hospitals,Voluntary Non-Profit - Private,1.0,,,,1,1,0
010045,FAYETTE MEDICAL CENTER,1653 TEMPLE AVENUE NORTH,FAYETTE,AL,35555,FAYETTE,(205) 932-5966,Acute Care Hospitals,Voluntary Non-Profit - Other,1.0,,,,1,1,0
010046,RIVERVIEW REGIONAL MEDICAL CENTER,600 SOUTH THIRD STREET,GADSDEN,AL,35901,ETOWAH,(256) 543-5200,Acute Care Hospitals,Proprietary,1.0,,,,1,1,0
010047,GEORGIANA HOSPITAL,515 MIRANDA ST,GEORGIANA,AL,36033,BUTLER,3343762205,Acute Care Hospitals,Voluntary Non-Profit - Private,1.0,,,,1,0,0
010049,MEDICAL CENTER ENTERPRISE,400 N EDWARDS STREET,ENTERPRISE,AL,36330,COFFEE,(334) 347-0584,Acute Care Hospitals,Proprietary,1.0,,,,1,1,0
010050,ST VINCENTS BLOUNT,150 GILBREATH DRIVE,ONEONTA,AL,35121,BLOUNT,2052743000,Acute Care Hospitals,Voluntary Non-Profit - Private,1.0,,,,1,0,0
010051,GREENE COUNTY HOSPITAL,509 WILSON AVENUE,EUTAW,AL,35462,GREENE,(205) 372-3388,Acute Care Hospitals,Government - Local,1.0,,,,1,1,0
010052,LAKE MARTIN COMMUNITY HOSPITAL,201 MARIARDEN ROAD,DADEVILLE,AL,36853,TALLAPOOSA,(256) 825-7821,Acute Care Hospitals,Proprietary,1.0,,,,1,1,0
010054,PARKWAY MEDICAL CENTER,1874 BELTLINE RD SW,DECATUR,AL,35601,MORGAN,2563502211,Acute Care Hospitals,Proprietary,1.0,,,,1,0,0
010055,FLOWERS HOSPITAL,4370 WEST MAIN STREET,DOTHAN,AL,36302,HOUSTON,(334) 793-5000,Acute Care Hospitals,Proprietary,1.0,,,,1,1,0
010056,ST VINCENT'S BIRMINGHAM,810 ST VINCENT'S DRIVE,BIRMINGHAM,AL,35205,JEFFERSON,(205) 939-7000,Acute Care Hospitals,Voluntary Non-Profit - Other,1.0,,,,1,1,0
010058,BIBB MEDICAL CENTER,208 PIERSON AVE,CENTREVILLE,AL,35042,BIBB,(205) 926-4881,Acute Care Hospitals,Government - Hospital District or Authority,1.0,,,,1,1,0
010059,LAWRENCE MEDICAL CENTER,202 HOSPITAL STREET,MOULTON,AL,35650,LAWRENCE,(256) 974-2200,Acute Care Hospitals,Government - Hospital District or Authority,1.0,,,,1,1,0
010061,HIGHLANDS MEDICAL CENTER,380 WOODS COVE ROAD,SCOTTSBORO,AL,35768,JACKSON,(256) 259-4444,Acute Care Hospitals,Government - Hospital District or Authority,1.0,,,,1,1,0
010062,WIREGRASS MEDICAL CENTER,1200 W MAPLE AVENUE,GENEVA,AL,36340,GENEVA,(334) 684-3655,Acute Care Hospitals,Government - Hospital District or Authority,1.0,,,,1,1,0
010065,RUSSELL MEDICAL CENTER,3316 HIGHWAY 280,ALEXANDER CITY,AL,35010,TALLAPOOSA,(256) 329-7100,Acute Care Hospitals,Voluntary Non-Profit - Private,1.0,,,,1,1,0
010066,FLORALA MEMORIAL HOSPITAL,24273 FIFTH AVENUE,FLORALA,AL,36442,COVINGTON,3348583287,Acute Care Hospitals,Proprietary,1.0,,,,1,0,0
010069,MEDICAL CENTER BARBOUR,820 W WASHINGTON ST,EUFAULA,AL,36027,BARBOUR,3346887271,Acute Care Hospitals,Government - Hospital District or Authority,1.0,,,,1,0,0
010073,CLAY COUNTY HOSPITAL,83825 HIGHWAY 9    P O BOX 1270,ASHLAND,AL,36251,CLAY,(256) 354-2131,Acute Care Hospitals,Government - Hospital District or Authority,1.0,,,,1,1,0
010078,NORTHEAST ALABAMA REGIONAL MEDICAL CENTER,400 EAST 10TH STREET,ANNISTON,AL,36207,CALHOUN,(256) 235-5121,Acute Care Hospitals,Government - Local,1.0,,,,1,1,0
010079,ATHENS LIMESTONE HOSPITAL,700 WEST MARKET STREET,ATHENS,AL,35611,LIMESTONE,(256) 233-9292,Acute Care Hospitals,Government - Hospital District or Authority,1.0,,,,1,1,0
010083,BALDWIN HEALTH,1613 NORTH MCKENZIE STREET,FOLEY,AL,36535,BALDWIN,(251) 949-3400,Acute Care Hospitals,Proprietary,1.0,,,,1,1,0
010085,DECATUR MORGAN HOSPITAL - DECATUR CAMPUS,1201 7TH STREET SE,DECATUR,AL,35601,MORGAN,(256) 341-2000,Acute Care Hospitals,Government - Hospital District or Authority,1.0,,,,1,1,0
010086,NORTHWEST MEDICAL CENTER,1530 U S HIGHWAY 43,WINFIELD,AL,35594,FAYETTE,(205) 487-7000,Acute Care Hospitals,Proprietary,1.0,,,,1,1,0
010087,USA HEALTH UNIVERSITY HOSPITAL,2451 FILLINGIM STREET,MOBILE,AL,36617,MOBILE,(251) 471-7110,Acute Care Hospitals,Government - State,1.0,,,,1,1,0
010089,WALKER BAPTIST MEDICAL CENTER,3400 HIGHWAY 78 EAST,JASPER,AL,35502,WALKER,(205) 387-4000,Acute Care Hospitals,Voluntary Non-Profit - Private,1.0,,,,1,1,0
010090,"USA HEALTH HCA PROVIDENCE HOSPITAL, LLC",6801 AIRPORT BOULEVARD,MOBILE,AL,36608,MOBILE,(251) 633-1000,Acute Care Hospitals,Voluntary Non-Profit - Church,1.0,,,,1,1,0
010091,GROVE HILL MEMORIAL HOSPITAL,295 JACKSON HWY S,GROVE HILL,AL,36451,CLARKE,(251) 275-3191,Acute Care Hospitals,Government - Local,1.0,,,,1,1,0
010092,DCH REGIONAL MEDICAL CENTER,809 UNIVERSITY BOULEVARD EAST,TUSCALOOSA,AL,35401,TUSCALOOSA,(205) 759-7111,Acute Care Hospitals,Government - Hospital District or Authority,1.0,,,,1,1,0
010095,HALE COUNTY HOSPITAL,508 GREENE STREET,GREENSBORO,AL,36744,HALE,(334) 624-3024,Acute Care Hospitals,Voluntary Non-Profit - Other,1.0,,,,1,1,0
010097,ELMORE COMMUNITY HOSPITAL,500 HOSPITAL DRIVE,WETUMPKA,AL,36092,ELMORE,(334) 567-4311,Acute Care Hospitals,Government - State,1.0,,,,1,1,0
010099,D W MCMILLAN MEMORIAL HOSPITAL,1301 BELLEVILLE AVENUE,BREWTON,AL,36426,ESCAMBIA,(251) 867-8061,Acute Care Hospitals,Government - Hospital District or Authority,1.0,,,,1,1,0
010100,THOMAS HOSPITAL,750 MORPHY AVENUE,FAIRHOPE,AL,36532,BALDWIN,(251) 928-2375,Acute Care Hospitals,Government - Hospital District or Authority,1.0,,,,1,1,0
010101,CITIZENS BAPTIST MEDICAL CENTER,604 STONE AVENUE,TALLADEGA,AL,35160,TALLADEGA,(256) 761-4542,Acute Care Hospitals,Voluntary Non-Profit - Private,1.0,,,,1,1,0
010102,J PAUL JONES HOSPITAL,317 MCWILLIAMS AVENUE,CAMDEN,AL,36726,WILCOX,3346824131,Acute Care Hospitals,Government - Hospital District or Authority,0.0,,,,1,0,0
010103,PRINCETON BAPTIST MEDICAL CENTER,701 PRINCETON AVENUE SOUTHWEST,BIRMINGHAM,AL,35211,JEFFERSON,(205) 783-3800,Acute Care Hospitals,Voluntary Non-Profit - Church,1.0,,,,1,1,0
010104,GRANDVIEW MEDICAL CENTER,3690 GRANDVIEW PARKWAY,BIRMINGHAM,AL,35243,JEFFERSON,(205) 971-1000,Acute Care Hospitals,Proprietary,1.0,,,,1,1,0
010108,PRATTVILLE BAPTIST HOSPITAL,124 S MEMORIAL DR,PRATTVILLE,AL,36067,AUTAUGA,(334) 361-4267,Acute Care Hospitals,Government - Hospital District or Authority,1.0,,,,1,1,0
010109,PICKENS COUNTY MEDICAL CENTER,241 ROBERT K WILSON,CARROLLTON,AL,35447,PICKENS,2053678111,Acute Care Hospitals,Government - Hospital District or Authority,1.0,,,,1,0,0
010110,BULLOCK COUNTY HOSPITAL,102 WEST CONECUH AVENUE,UNION SPRINGS,AL,36089,BULLOCK,(334) 738-2140,Acute Care Hospitals,Proprietary,1.0,,,,1,1,0
010112,WHITFIELD REGIONAL HOSPITAL,105 HIGHWAY 80 EAST,DEMOPOLIS,AL,36732,MARENGO,(334) 289-4000,Acute Care Hospitals,Government - Hospital District or Authority,1.0,,,,1,1,0
010113,MOBILE INFIRMARY MEDICAL CENTER,5 MOBILE INFIRMARY CIRCLE,MOBILE,AL,36607,MOBILE,(251) 435-4700,Acute Care Hospitals,Voluntary Non-Profit - Private,1.0,,,,1,1,0
010114,"MEDICAL WEST, AN AFFILIATE OF UAB HEALTH SYSTEM",995 9TH AVENUE SOUTHWEST,BESSEMER,AL,35022,JEFFERSON,(205) 481-7000,Acute Care Hospitals,Voluntary Non-Profit - Other,1.0,,,,1,1,0
010118,VAUGHAN REGIONAL MEDICAL CENTER PARKWAY CAMPUS,1015 MEDICAL CENTER PARKWAY,SELMA,AL,36701,DALLAS,(334) 418-4100,Acute Care Hospitals,Proprietary,1.0,,,,1,1,0
010120,MONROE COUNTY HOSPITAL,2016 SOUTH ALABAMA AVENUE,MONROEVILLE,AL,36460,MONROE,(251) 575-3111,Acute Care Hospitals,Government - Local,1.0,,,,1,1,0
010125,LAKELAND COMMUNITY HOSPITAL,42024 HIGHWAY 195 E,HALEYVILLE,AL,35565,WINSTON,(205) 485-7117,Acute Care Hospitals,Voluntary Non-Profit - Church,1.0,,,,1,1,0
010126,TROY REGIONAL MEDICAL CENTER,1330 HIGHWAY 231 SOUTH,TROY,AL,36081,PIKE,(334) 670-5000,Acute Care Hospitals,Government - Federal,1.0,,,,1,1,0
010128,JACKSON MEDICAL CENTER,220 HOSPITAL DRIVE,JACKSON,AL,36545,CLARKE,(251) 246-9021,Acute Care Hospitals,Proprietary,1.0,,,,1,1,0
010129,NORTH BALDWIN INFIRMARY,1815 HAND AVENUE,BAY MINETTE,AL,36507,BALDWIN,(251) 937-5521,Acute Care Hospitals,Voluntary Non-Profit - Private,1.0,,,,1,1,0
010130,ST VINCENT'S ST CLAIR,7063 VETERANS PARKWAY,PELL CITY,AL,35125,ST. CLAIR,(205) 338-3301,Acute Care Hospitals,Voluntary Non-Profit - Private,1.0,,,,1,1,0
010131,CRESTWOOD MEDICAL CENTER,ONE HOSPITAL DR SE,HUNTSVILLE,AL,35801,MADISON,(256) 429-4000,Acute Care Hospitals,Proprietary,1.0,,,,1,1,0
010137,COOPER GREEN MERCY HOSPITAL,1515 6TH AVENUE SOUTH,BIRMINGHAM,AL,35233,JEFFERSON,2059303200,Acute Care Hospitals,Government - Local,0.0,,,,1,0,0
010138,HILL HOSPITAL OF SUMTER COUNTY,751 DERBY DRIVE,YORK,AL,36925,SUMTER,(205) 392-5263,Acute Care Hospitals,Voluntary Non-Profit - Other,1.0,,,,1,1,0
010139,BROOKWOOD BAPTIST MEDICAL CENTER,1280 COLUMBIANA ROAD STE 102,VESTAVIA,AL,35216,JEFFERSON,(205) 877-1000,Acute Care Hospitals,Proprietary,1.0,,,,1,1,0
010144,SPRINGHILL MEDICAL CENTER,3719 DAUPHIN STREET,MOBILE,AL,36608,MOBILE,(251) 460-5220,Acute Care Hospitals,Proprietary,1.0,,,,1,1,0
010145,NORTHPORT MEDICAL CENTER,2700 HOSPITAL DRIVE,NORTHPORT,AL,35476,TUSCALOOSA,2053334500,Acute Care Hospitals,Government - Hospital District or Authority,,,,,1,0,0
010146,JACKSONVILLE MEDICAL CENTER,1701 SOUTH PELHAM ROAD,JACKSONVILLE,AL,36265,CALHOUN,2567824538,Acute Care Hospitals,Proprietary,1.0,,,,1,0,0
010148,EVERGREEN MEDICAL CENTER,101 CRESTVIEW AVENUE,EVERGREEN,AL,36401,CONECUH,(251) 578-2480,Acute Care Hospitals,Proprietary,1.0,,,,1,1,0
010149,BAPTIST MEDICAL CENTER EAST,400 TAYLOR ROAD,MONTGOMERY,AL,36117,MONTGOMERY,(334) 244-8330,Acute Care Hospitals,Government - Hospital District or Authority,1.0,,,,1,1,0
01014F,BIRMINGHAM VA MEDICAL CENTER,700 SOUTH 19TH STREET,BIRMINGHAM,AL,35233,JEFFERSON,(205) 933-4515,ACUTE CARE - VETERANS ADMINISTRATION,Government - Federal,1.0,,,,1,1,0
010150,THE HEALTH CARE AUTHORITY OF THE CITY OF GREENVILLE- LV STABLER HOSPITAL,29 L V STABLER DRIVE,GREENVILLE,AL,36037,BUTLER,(334) 382-2200,Acute Care Hospitals,Proprietary,1.0,,,,1,1,0
010152,INFIRMARY WEST,5600 GIRBY RD,MOBILE,AL,36693,MOBILE,2516605236,Acute Care Hospitals,Government - State,1.0,,,,1,0,0
010157,NORTH ALABAMA SHOALS HOSPITAL,201 WEST AVALON AVENUE,MUSCLE SHOALS,AL,35661,COLBERT,(256) 386-1601,Acute Care Hospitals,Government - Hospital District or Authority,1.0,,,,1,1,0
010158,RUSSELLVILLE HOSPITAL,15155 HIGHWAY 43,RUSSELLVILLE,AL,35653,FRANKLIN,(256) 332-1611,Acute Care Hospitals,Proprietary,1.0,,,,1,1,0
010164,COOSA VALLEY MEDICAL CENTER,315 W HICKORY ST,SYLACAUGA,AL,35150,TALLADEGA,(256) 249-5000,Acute Care Hospitals,Voluntary Non-Profit - Other,1.0,,,,1,1,0
010167,UAB HIGHLANDS,1201 11TH AVENUE SOUTH,BIRMINGHAM,AL,35205,JEFFERSON,2059307000,Acute Care Hospitals,Government - Hospital District or Authority,,,,,1,0,0
010168,JACK HUGHSTON MEMORIAL HOSPITAL,4401 RIVER CHASE DRIVE,PHENIX CITY,AL,36867,RUSSELL,(334) 732-3000,Acute Care Hospitals,Government - State,1.0,,,,1,1,0
010169,ATMORE COMMUNITY HOSPITAL,401 MEDICAL PARK DRIVE,ATMORE,AL,36502,ESCAMBIA,(251) 368-2500,Acute Care Hospitals,Government - Hospital District or Authority,1.0,,,,1,1,0
010173,ST VINCENT'S CHILTON,2030 LAY DAM ROAD,CLANTON,AL,35045,CHILTON,(205) 258-4400,,,,,,,0,1,0
01019F,VA CENTRAL ALABAMA HEALTHCARE SYSTEM - MONTGOMERY,215 PERRY HILL ROAD,MONTGOMERY,AL,36109,MONTGOMERY,(334) 260-4100,ACUTE CARE - VETERANS ADMINISTRATION,Government - Federal,1.0,,,,1,1,0
01021F,TUSCALOOSA VA MEDICAL CENTER,3701 LOOP ROAD EAST,TUSCALOOSA,AL,35404,TUSCALOOSA,(205) 554-2000,ACUTE CARE - VETERANS ADMINISTRATION,Government - Federal,1.0,,,,1,1,0
010779,BULLOCK COUNTY HOSPITAL,102 WEST CONECUH AVENUE,UNION SPRINGS,AL,36089,BULLOCK,(334) 738-2140,,,,,,,0,1,0
010780,EAMC - LANIER,4800 48TH STREET,VALLEY,AL,36854,CHAMBERS,(334) 756-9180,,,,,,,0,1,0
010781,J PAUL JONES HOSPITAL,317 MCWILLIAMS AVENUE,CAMDEN,AL,36726,WILCOX,(334) 682-4131,,,,,,,0,1,0
011300,WASHINGTON COUNTY HOSPITAL,14600 ST. STEPHENS AVENUE,CHATOM,AL,36518,WASHINGTON,(251) 847-2223,Critical Access Hospitals,Voluntary Non-Profit - Other,1.0,,,,1,1,0
011302,RED BAY HOSPITAL,211 HOSPITAL ROAD,RED BAY,AL,35582,FRANKLIN,(256) 356-9532,Critical Access Hospitals,Government - Hospital District or Authority,1.0,,,,1,1,0
011304,OCHSNER CHOCTAW GENERAL,"401 VANITY FAIR LANE, PO BOX 618",BUTLER,AL,36904,CHOCTAW,(205) 459-9100,,,,,,,0,1,0
011305,ST VINCENTS BLOUNT,150 GILBREATH DRIVE,ONEONTA,AL,35121,BLOUNT,(205) 274-3000,,,,,,,0,1,0
011306,TANNER MEDICAL CENTER-EAST ALABAMA,1032 MAIN STREET SOUTH,WEDOWEE,AL,36278,RANDOLPH,(256) 357-2111,,,,,,,0,1,0
011307,MEDICAL CENTER BARBOUR,820 W WASHINGTON ST,EUFAULA,AL,36027,BARBOUR,(334) 688-7271,,,,,,,0,1,0
011308,CRENSHAW COMMUNITY HOSPITAL,101 HOSPITAL CIRCLE,LUVERNE,AL,36049,CRENSHAW,(334) 335-3374,,,,,,,0,1,0
011309,WIREGRASS MEDICAL CENTER,1200 W MAPLE AVENUE,GENEVA,AL,36340,GENEVA,(334) 684-3655,,,,,,,0,1,0
013300,THE CHILDREN'S HOSPITAL OF ALABAMA,1600 SEVENTH AVENUE SOUTH,BIRMINGHAM,AL,35233,JEFFERSON,(205) 939-9100,,,,,,,0,1,0
013301,USA HEALTH CHILDREN'S & WOMEN'S HOSPITAL,1700 CENTER STREET,MOBILE,AL,36604,MOBILE,(251) 415-1000,Childrens,Government - State,1.0,,,,1,1,0
020001,PROVIDENCE ALASKA MEDICAL CENTER,3200 PROVIDENCE DRIVE,ANCHORAGE,AK,99508,ANCHORAGE,(907) 562-2211,Acute Care Hospitals,Voluntary Non-Profit - Private,1.0,,,,1,1,0
020006,MAT-SU REGIONAL MEDICAL CENTER,2500 SOUTH WOODWORTH LOOP,PALMER,AK,99645,MATANUSKA-SUSITNA,(907) 861-6000,Acute Care Hospitals,Voluntary Non-Profit - Private,1.0,,,,1,1,0
020008,BARTLETT REGIONAL HOSPITAL,3260 HOSPITAL DR,JUNEAU,AK,99801,JUNEAU,(907) 796-8900,Acute Care Hospitals,Proprietary,1.0,,,,1,1,0
020012,FAIRBANKS MEMORIAL HOSPITAL,1650 COWLES STREET,FAIRBANKS,AK,99701,FAIRBANKS NORTH STAR,(907) 452-8181,Acute Care Hospitals,Voluntary Non-Profit - Other,1.0,,,,1,1,0
020017,ALASKA REGIONAL HOSPITAL,2801 DEBARR ROAD,ANCHORAGE,AK,99508,ANCHORAGE,(907) 276-1131,Acute Care Hospitals,Proprietary,1.0,,,,1,1,0
020018,YUKON KUSKOKWIM DELTA REG HOSPITAL,PO BOX 287,BETHEL,AK,99559,BETHEL,(907) 543-6000,Acute Care Hospitals,Government - Federal,1.0,,,,1,1,0
020024,CENTRAL PENINSULA GENERAL HOSPITAL,250 HOSPITAL PLACE,SOLDOTNA,AK,99669,KENAI PENINSULA,(907) 262-4404,Acute Care Hospitals,Voluntary Non-Profit - Other,1.0,,,,1,1,0
020026,ALASKA NATIVE MEDICAL CENTER,4315 DIPLOMACY DR,ANCHORAGE,AK,99508,ANCHORAGE,(907) 563-2662,Acute Care Hospitals,Government - Federal,1.0,,,,1,1,0
020027,MT EDGECUMBE HOSPITAL,222 TONGASS DR,SITKA,AK,99835,SITKA,9079662411,Acute Care Hospitals,Voluntary Non-Profit - Private,1.0,,,,1,0,0
02013F,673rd Medical Group (Joint Base Elmendorf-Richardson),673 MDG 5955 Zeamer Ave,JBER,AK,99506,ANCHORAGE,(907) 384-1110,,,,,,,0,1,0
02014F,Bassett ACH (FT Wainwright),4076 Neely Rd,Fort Wainwright,AK,99703,FAIRBANKS NORTH STAR,(907) 361-4000,,,,,,,0,1,0
021301,PROVIDENCE VALDEZ MEDICAL CENTER,PO BOX 550,VALDEZ,AK,99686,VALDEZ-CORDOVA,(907) 835-2249,Critical Access Hospitals,Government - Local,1.0,,,,1,1,0
021302,PROVIDENCE SEWARD HOSPITAL,"417 FIRST AVENUE, PO BOX 365",SEWARD,AK,99664,KENAI PENINSULA,(907) 224-5205,Critical Access Hospitals,Government - Local,1.0,,,,1,1,0
021303,SITKA COMMUNITY HOSPITAL,209 MOLLER DRIVE,SITKA,AK,99835,SITKA,9077473241,Critical Access Hospitals,Government - Local,1.0,,,,1,0,0
021304,PETERSBURG MEDICAL CENTER,PO BOX 589,PETERSBURG,AK,99833,PETERSBURG BOROUGH,(907) 772-4291,Critical Access Hospitals,Voluntary Non-Profit - Other,1.0,,,,1,1,0
021305,SEARHC WRANGELL MEDICAL CENTER & LTC,232 WOOD STREET,WRANGELL,AK,99929,WRANGELL CITY AND BOROUGH,(907) 874-7000,Critical Access Hospitals,Government - Local,0.0,,,,1,1,0
021306,PROVIDENCE KODIAK ISLAND MEDICAL CTR,1915 EAST REZANOF DRIVE,KODIAK,AK,99615,KODIAK ISLAND BOROUGH,(907) 486-3281,Critical Access Hospitals,Voluntary Non-Profit - Private,1.0,,,,1,1,0
021307,CORDOVA COMMUNITY MEDICAL CENTER,PO BOX 160 - 602 CHASE AVENUE,CORDOVA,AK,99574,VALDEZ-CORDOVA,(907) 424-8000,Critical Access Hospitals,Government - Local,1.0,,,,1,1,0
021308,NORTON SOUND REGIONAL HOSPITAL,1000 GREG KRUSCHEK AVENUE (P O BOX 966),NOME,AK,99762,NOME,(907) 443-3311,Critical Access Hospitals,Voluntary Non-Profit - Private,1.0,,,,1,1,0
021309,BRISTOL BAY DBA KANAKANAK HOSPITAL,P O BOX 130,DILLINGHAM,AK,99576,DILLINGHAM,(907) 842-5201,,,,,,,0,1,0
021310,MANIILAQ HEALTH CENTER,PO BOX 43,KOTZEBUE,AK,99752,NORTHWEST ARTIC BOROUGH,(907) 442-3321,,,,,,,0,1,0
021311,PEACEHEALTH KETCHIKAN MEDICAL CENTER,3100 TONGASS AVENUE,KETCHIKAN,AK,99901,KETCHIKAN GATEWAY,(907) 225-5171,Critical Access Hospitals,Voluntary Non-Profit - Church,1.0,,,,1,1,0
021312,SAMUEL SIMMONDS MEMORIAL HOSPITAL,7000 UULA ST,BARROW,AK,99723,NORTH SLOPE BOROUH,(907) 852-4611,,,,,,,0,1,0
021313,SOUTH PENINSULA HOSPITAL,4300 BARTLETT ST,HOMER,AK,99603,KENAI PENINSULA,(907) 235-8101,Critical Access Hospitals,Government - Local,1.0,,,,1,1,0
021314,SOUTHEAST ALASKA REGIONAL HEALTH CONSORTIUM,222 TONGASS DR,SITKA,AK,99835,SITKA BOROUGH,(907) 966-2411,,,,,,,0,1,0
030001,MARYVALE HOSPITAL,5102 WEST CAMPBELL AVENUE,PHOENIX,AZ,85031,MARICOPA,6238485000,Acute Care Hospitals,Proprietary,1.0,,,,1,0,0
030002,BANNER - UNIVERSITY MEDICAL CENTER PHOENIX,1111 EAST MCDOWELL ROAD,PHOENIX,AZ,85006,MARICOPA,(602) 839-2000,Acute Care Hospitals,Voluntary Non-Profit - Other,1.0,,,,1,1,0
030006,TUCSON MEDICAL CENTER,5301 EAST GRANT ROAD,TUCSON,AZ,85712,PIMA,(520) 324-1399,Acute Care Hospitals,Voluntary Non-Profit - Private,1.0,,,,1,1,0
030007,VERDE VALLEY MEDICAL CENTER,269 SOUTH CANDY LANE,COTTONWOOD,AZ,86326,YAVAPAI,(928) 773-2357,Acute Care Hospitals,Voluntary Non-Profit - Private,1.0,,,,1,1,0
030010,ST. MARY'S HOSPITAL,1601 WEST ST MARY'S ROAD,TUCSON,AZ,85745,PIMA,(520) 872-3000,Acute Care Hospitals,Voluntary Non-Profit - Private,1.0,,,,1,1,0
030011,ST JOSEPH'S HOSPITAL,350 NORTH WILMOT ROAD,TUCSON,AZ,85711,PIMA,(520) 873-3000,Acute Care Hospitals,Voluntary Non-Profit - Church,1.0,,,,1,1,0
030012,YAVAPAI REGIONAL MEDICAL CENTER,1003 WILLOW CREEK ROAD,PRESCOTT,AZ,86301,YAVAPAI,(928) 445-2700,Acute Care Hospitals,Voluntary Non-Profit - Private,1.0,,,,1,1,0
030013,YUMA REGIONAL MEDICAL CENTER,2400 SOUTH AVENUE A,YUMA,AZ,85364,YUMA,(928) 336-7600,Acute Care Hospitals,Voluntary Non-Profit - Private,1.0,,,,1,1,0
030014,HONOR HEALTH JOHN C. LINCOLN MEDICAL CENTER,250 EAST DUNLAP AVENUE,PHOENIX,AZ,85020,MARICOPA,(602) 943-2381,Acute Care Hospitals,Proprietary,1.0,,,,1,1,0
030016,BANNER CASA GRANDE MEDICAL CENTER,1800 EAST FLORENCE BOULEVARD,CASA GRANDE,AZ,85122,PINAL,(520) 381-6300,Acute Care Hospitals,Voluntary Non-Profit - Other,1.0,,,,1,1,0
030022,VALLEYWISE HEALTH MEDICAL CENTER,2601 EAST ROOSEVELT STREET,PHOENIX,AZ,85008,MARICOPA,(602) 344-5011,Acute Care Hospitals,Government - Local,1.0,,,,1,1,0
030023,FLAGSTAFF MEDICAL CENTER,1200 NORTH BEAVER STREET,FLAGSTAFF,AZ,86001,COCONINO,(928) 779-3366,Acute Care Hospitals,Voluntary Non-Profit - Private,1.0,,,,1,1,0
030024,ST JOSEPHS HOSPITAL AND MEDICAL CENTER,350 WEST THOMAS ROAD,PHOENIX,AZ,85013,MARICOPA,(602) 406-8225,Acute Care Hospitals,Voluntary Non-Profit - Church,1.0,,,,1,1,0
030030,ABRAZO CENTRAL CAMPUS,2000 WEST BETHANY HOME ROAD,PHOENIX,AZ,85015,MARICOPA,(602) 249-0212,Acute Care Hospitals,Proprietary,0.0,,,,1,1,0
030033,PAYSON REGIONAL MEDICAL CENTER,807 SOUTH PONDEROSA DRIVE,PAYSON,AZ,85541,GILA,9284743222,Acute Care Hospitals,Voluntary Non-Profit - Other,1.0,,,,1,0,0
030036,CHANDLER REGIONAL MEDICAL CENTER,1955 WEST FRYE ROAD,CHANDLER,AZ,85224,MARICOPA,(480) 728-3000,Acute Care Hospitals,Voluntary Non-Profit - Other,0.0,,,,1,1,0
030037,HONORHEALTH TEMPE MEDICAL CENTER,1800 EAST VAN BUREN STREET,PHOENIX,AZ,85006,MARICOPA,(602) 251-8156,Acute Care Hospitals,Proprietary,1.0,,,,1,1,0
030038,HONORHEALTH SCOTTSDALE OSBORN MEDICAL CENTER,7400 EAST OSBORN ROAD,SCOTTSDALE,AZ,85251,MARICOPA,(480) 882-4004,Acute Care Hospitals,Proprietary,1.0,,,,1,1,0
030043,CANYON VISTA MEDICAL CENTER,5700 EAST HIGHWAY 90,SIERRA VISTA,AZ,85635,COCHISE,(520) 263-2220,Acute Care Hospitals,Voluntary Non-Profit - Other,1.0,,,,1,1,0
030055,KINGMAN REGIONAL MEDICAL CENTER,3269 STOCKTON HILL ROAD,KINGMAN,AZ,86401,MOHAVE,(928) 757-2101,Acute Care Hospitals,Government - Hospital District or Authority,1.0,,,,1,1,0
030061,BANNER BOSWELL MEDICAL CENTER,13632 N 99TH AVE,SUN CITY,AZ,85351,MARICOPA,(623) 832-4000,Acute Care Hospitals,Voluntary Non-Profit - Other,1.0,,,,1,1,0
030062,SUMMIT HEALTHCARE REGIONAL MEDICAL CENTER,2200 EAST SHOW LOW LAKE ROAD,SHOW LOW,AZ,85901,NAVAJO,(928) 537-4375,Acute Care Hospitals,Proprietary,1.0,,,,1,1,0
030064,BANNER - UNIVERSITY MEDICAL CENTER TUCSON CAMPUS,1625 NORTH CAMPBELL AVENUE,TUCSON,AZ,85719,PIMA,(520) 874-4189,Acute Care Hospitals,Voluntary Non-Profit - Private,1.0,,,,1,1,0
030065,BANNER DESERT MEDICAL CENTER,1400 SOUTH  DOBSON ROAD,MESA,AZ,85202,MARICOPA,(480) 412-3000,Acute Care Hospitals,Voluntary Non-Profit - Private,1.0,,,,1,1,0
030067,LA PAZ REGIONAL HOSPITAL,1200 WEST MOHAVE ROAD,PARKER,AZ,85344,LA PAZ,9286697300,Acute Care Hospitals,Voluntary Non-Profit - Private,1.0,,,,1,0,0
030068,MT GRAHAM REGIONAL MEDICAL CENTER,1600  SOUTH 20TH AVENUE,SAFFORD,AZ,85546,GRAHAM,9283484000,Acute Care Hospitals,Government - Hospital District or Authority,1.0,,,,1,0,0
030069,HAVASU REGIONAL MEDICAL CENTER,101 CIVIC CENTER LANE,LAKE HAVASU CITY,AZ,86403,MOHAVE,(928) 855-8185,Acute Care Hospitals,Proprietary,1.0,,,,1,1,0
030071,FORT DEFIANCE INDIAN HOSPITAL,PO BOX 649,FT. DEFIANCE,AZ,86504,APACHE,(928) 729-8000,Acute Care Hospitals,Government - Federal,1.0,,,,1,1,0
030073,TUBA CITY REGIONAL HEALTH CARE CORPORATION,PO BOX 600,TUBA CITY,AZ,86045,COCONINO,(928) 283-2501,Acute Care Hospitals,Voluntary Non-Profit - Other,1.0,,,,1,1,0
030074,SELLS HOSPITAL,"HIGHWAY 86, AT TOPAWA ROAD",SELLS,AZ,85634,PIMA,(520) 362-7003,Acute Care Hospitals,Government - Federal,1.0,,,,1,1,0
030077,SAN CARLOS INDIAN HOSPITAL,223 CIBECUE CIRCLE ROAD,SAN CARLOS,AZ,85550,GILA,9284757347,Acute Care Hospitals,Government - Federal,1.0,,,,1,0,0
030078,PHOENIX INDIAN MEDICAL CENTER,4212 NORTH 16TH STREET,PHOENIX,AZ,85016,MARICOPA,(602) 263-1200,Acute Care Hospitals,Government - Federal,1.0,,,,1,1,0
030083,ABRAZO SCOTTSDALE CAMPUS,3929 EAST BELL ROAD,PHOENIX,AZ,85032,MARICOPA,(602) 923-5609,Acute Care Hospitals,Proprietary,0.0,,,,1,1,0
030084,CHINLE COMPREHENSIVE HEALTH CARE FACILITY,"US HWY 191, HOSPITAL ROAD",CHINLE,AZ,86503,APACHE,(928) 674-7001,Acute Care Hospitals,Government - Federal,1.0,,,,1,1,0
030085,NORTHWEST MEDICAL CENTER,6200 NORTH LA CHOLLA BOULEVARD,TUCSON,AZ,85741,PIMA,(520) 469-8100,Acute Care Hospitals,Proprietary,1.0,,,,1,1,0
030087,HONORHEALTH SCOTTSDALE SHEA MEDICAL CENTER,9003 EAST SHEA BOULEVARD,SCOTTSDALE,AZ,85260,MARICOPA,(480) 323-3000,Acute Care Hospitals,Proprietary,1.0,,,,1,1,0
030088,BANNER BAYWOOD MEDICAL CENTER,6644 EAST BAYWOOD AVENUE,MESA,AZ,85206,MARICOPA,(480) 321-2000,Acute Care Hospitals,Voluntary Non-Profit - Private,1.0,,,,1,1,0
030089,BANNER THUNDERBIRD MEDICAL CENTER,5555 WEST THUNDERBIRD ROAD,GLENDALE,AZ,85306,MARICOPA,(602) 865-4470,Acute Care Hospitals,Government - Hospital District or Authority,1.0,,,,1,1,0
030092,HONORHEALTH DEER VALLEY MEDICAL CENTER,19829 NORTH 27TH AVENUE,PHOENIX,AZ,85027,MARICOPA,(623) 879-6100,Acute Care Hospitals,Voluntary Non-Profit - Private,1.0,,,,1,1,0
030093,BANNER DEL E. WEBB MEDICAL CENTER,14502 WEST MEEKER BOULEVARD,SUN CITY WEST,AZ,85375,MARICOPA,(623) 524-4000,Acute Care Hospitals,Voluntary Non-Profit - Private,1.0,,,,1,1,0
030094,ABRAZO ARROWHEAD HOSPITAL,18701 NORTH 67TH AVENUE,GLENDALE,AZ,85308,MARICOPA,(623) 561-1000,Acute Care Hospitals,Proprietary,0.0,,,,1,1,0
030100,CARONDELET HEART AND VASCULAR INSTITUTE,4888 NORTH STONE AVENUE,TUCSON,AZ,85704,PIMA,5206962328,Acute Care Hospitals,Voluntary Non-Profit - Church,1.0,,,,1,0,0
030101,WESTERN ARIZONA REGIONAL MEDICAL CENTER,2735 SILVER CREEK ROAD,BULLHEAD CITY,AZ,86442,MOHAVE,(928) 763-2273,Acute Care Hospitals,Proprietary,1.0,,,,1,1,0
030103,MAYO CLINIC HOSPITAL,5777 EAST MAYO BOULEVARD,PHOENIX,AZ,85054,MARICOPA,(480) 342-4201,Acute Care Hospitals,Voluntary Non-Profit - Private,1.0,,,,1,1,0
030105,BANNER HEART HOSPITAL,6750 EAST BAYWOOD AVENUE,MESA,AZ,85206,MARICOPA,(480) 854-5050,Acute Care Hospitals,Voluntary Non-Profit - Private,0.0,,,,1,1,0
030107,ARIZONA SPINE AND JOINT HOSPITAL,4620 EAST BASELINE ROAD,MESA,AZ,85206,MARICOPA,(480) 832-4770,Acute Care Hospitals,Proprietary,0.0,,,,1,1,0
030108,THE CORE INSTITUTE SPECIALTY HOSP,6501 NORTH 19TH AVENUE,PHOENIX,AZ,85015,MARICOPA,(602) 795-6020,Acute Care Hospitals,Proprietary,0.0,,,,1,1,0
030110,ABRAZO WEST CAMPUS,13677 WEST MCDOWELL ROAD,GOODYEAR,AZ,85395,MARICOPA,(623) 882-1970,Acute Care Hospitals,Proprietary,1.0,,,,1,1,0
030111,BANNER-UNIVERSITY MEDICAL CENTER SOUTH CAMPUS,2800 EAST AJO WAY,TUCSON,AZ,85713,PIMA,(520) 874-2000,Acute Care Hospitals,Voluntary Non-Profit - Private,1.0,,,,1,1,0
030112,ARIZONA ORTHOPEDIC AND SURGICAL SPECIALTY HOSPITAL,750 NORTH 40TH STREET,PHOENIX,AZ,85008,MARICOPA,(480) 603-9000,Acute Care Hospitals,Proprietary,0.0,,,,1,1,0
030113,WHITERIVER PHS INDIAN HOSPITAL,200 WEST HOSPITAL DRIVE  (PO BOX 860),WHITERIVER,AZ,85941,NAVAJO,(928) 338-4911,Acute Care Hospitals,Government - Federal,1.0,,,,1,1,0
030114,ORO VALLEY HOSPITAL,1551 EAST TANGERINE ROAD,ORO VALLEY,AZ,85755,PIMA,(520) 901-3500,Acute Care Hospitals,Proprietary,1.0,,,,1,1,0
030115,BANNER ESTRELLA MEDICAL CENTER,9201 WEST THOMAS ROAD,PHOENIX,AZ,85037,MARICOPA,(623) 327-4000,Acute Care Hospitals,Voluntary Non-Profit - Private,1.0,,,,1,1,0
030117,VALLEY VIEW MEDICAL CENTER,5330 SOUTH HIGHWAY 95,FORT MOHAVE,AZ,86426,MOHAVE,(928) 788-2273,Acute Care Hospitals,Proprietary,1.0,,,,1,1,0
030118,YAVAPAI REGIONAL MEDICAL CENTER-EAST,7700 EAST FLORENTINE ROAD,PRESCOTT VALLEY,AZ,86314,YAVAPAI,9284428165,Acute Care Hospitals,Voluntary Non-Profit - Private,1.0,,,,1,0,0
030119,MERCY GILBERT MEDICAL CENTER,3555 SOUTH VAL VISTA DRIVE,GILBERT,AZ,85297,MARICOPA,(480) 728-8000,Acute Care Hospitals,Voluntary Non-Profit - Church,1.0,,,,1,1,0
030120,GILBERT HOSPITAL,5656 SOUTH POWER ROAD,GILBERT,AZ,85295,MARICOPA,4802795835,Acute Care Hospitals,Proprietary,1.0,,,,1,0,0
030121,HONORHEALTH MOUNTAIN VISTA MEDICAL CENTER,1301 SOUTH CRISMON ROAD,MESA,AZ,85209,MARICOPA,(480) 358-6100,Acute Care Hospitals,Proprietary,1.0,,,,1,1,0
030122,BANNER GATEWAY MEDICAL CENTER,1900 NORTH HIGLEY ROAD,GILBERT,AZ,85234,MARICOPA,(480) 543-2000,Acute Care Hospitals,Voluntary Non-Profit - Other,1.0,,,,1,1,0
030123,HONORHEALTH SCOTTSDALE THOMPSON PEAK MED CTR,7400 EAST THOMPSON PEAK PARKWAY,SCOTTSDALE,AZ,85255,MARICOPA,(480) 324-7001,Acute Care Hospitals,Proprietary,1.0,,,,1,1,0
030126,ARIZONA REGIONAL MEDICAL CENTER,515 NORTH MESA DRIVE,MESA,AZ,85201,MARICOPA,4808983333,Acute Care Hospitals,Proprietary,1.0,,,,1,0,0
030128,HUALAPAI MOUNTAIN MEDICAL CENTER,3801 SANTA ROSA DRIVE,KINGMAN,AZ,86401,MOHAVE,9282635000,Acute Care Hospitals,Proprietary,,,,,1,0,0
03012F,PHOENIX VA MEDICAL CENTER,650 E. INDIAN SCHOOL ROAD,PHOENIX,AZ,85012,MARICOPA,(602) 222-6444,ACUTE CARE - VETERANS ADMINISTRATION,Government - Federal,1.0,,,,1,1,0
030130,BANNER IRONWOOD MEDICAL CENTER,37000 NORTH GANTZEL ROAD,QUEEN CREEK,AZ,85140,PINAL,(480) 394-4000,Acute Care Hospitals,Voluntary Non-Profit - Private,1.0,,,,1,1,0
030131,OASIS HOSPITAL,750 NORTH 40TH STREET,PHOENIX,AZ,85008,MARICOPA,6027977700,Acute Care Hospitals,Voluntary Non-Profit - Private,0.0,,,,1,0,0
030134,BANNER GOLDFIELD MEDICAL CENTER,2050 WEST SOUTHERN AVENUE,APACHE JUNCTION,AZ,85120,PINAL,(480) 733-3300,,,,,,,0,1,0
030136,DIGNITY HEALTH - ARIZONA GENERAL HOSPITAL,7171 SOUTH 51ST AVENUE,LAVEEN,AZ,85339,MARICOPA,(623) 584-5100,,,,,,,0,1,0
030138,CITY OF HOPE CANCER CENTER PHOENIX,14200 WEST CELEBRATE LIFE WAY,GOODYEAR,AZ,85338,MARICOPA,(623) 207-3000,,,,,,,0,1,0
030139,DIGNITY HEALTH ARIZONA GENERAL HOSPITAL,9130 EAST ELLIOT ROAD,MESA,AZ,85212,MARICOPA,(480) 410-4500,,,,,,,0,1,0
03013F,VA S. ARIZONA HEALTHCARE SYSTEM,3601 SOUTH SIXTH AVENUE,TUCSON,AZ,85723,PIMA,(520) 629-1821,ACUTE CARE - VETERANS ADMINISTRATION,Government - Federal,1.0,,,,1,1,0
030146,HONORHEALTH SONORAN CROSSING MEDICAL CENTER,33400 NORTH 32ND AVENUE,PHOENIX,AZ,85085,MARICOPA,(480) 882-4327,,,,,,,0,1,0
030147,BANNER OCOTILLO MEDICAL CENTER,1405 SOUTH ALMA SCHOOL ROAD,CHANDLER,AZ,85286,MARICOPA,(480) 256-7000,,,,,,,0,1,0
030148,NORTHWEST MEDICAL CENTER SAHUARITA,16260 SOUTH RANCHO SAHUARITA BOULEVARD,SAHUARITA,AZ,85629,PIMA,(520) 416-7100,,,,,,,0,1,0
030152,EXCEPTIONAL COMMUNITY HOSPITAL - MARICOPA,19060 NORTH JOHN WAYNE PARKWAY,MARICOPA,AZ,85139,PINAL,(910) 988-9080,,,,,,,0,1,0
030153,EAST VALLEY ER & HOSPITAL,5656 SOUTH POWER RD,GILBERT,AZ,85295,MARICOPA,(713) 660-0557,,,,,,,0,1,0
030154,EXCEPTIONAL COMMUNITY HOSPITAL YUMA,2648 SOUTH ARABY RD,YUMA,AZ,85365,YUMA,(469) 341-7800,,,,,,,0,1,0
030155,EXCEPTIONAL COMMUNITY HOSPITAL BULLHEAD CITY,2365 HIGHWAY 95,BULLHEAD CITY,AZ,86442,MOHAVE,(469) 341-7800,,,,,,,0,1,0
03033F,VA NORTHERN ARIZONA HEALTHCARE SYSTEM,500 HIGHWAY 89 NORTH,PRESCOTT,AZ,86313,YAVAPAI,(928) 445-4860,ACUTE CARE - VETERANS ADMINISTRATION,Government - Federal,1.0,,,,1,1,0
031300,WICKENBURG COMMUNITY HOSPITAL,520 ROSE LANE,WICKENBURG,AZ,85390,MARICOPA,(928) 684-5421,Critical Access Hospitals,Voluntary Non-Profit - Private,1.0,,,,1,1,0
031301,BENSON HOSPITAL,450 SOUTH OCOTILLO AVENUE,BENSON,AZ,85602,COCHISE,(520) 586-2261,Critical Access Hospitals,Government - Hospital District or Authority,1.0,,,,1,1,0
031302,"NORTHERN COCHISE COMMUNITY HOSPITAL, INC.",901 WEST REX ALLEN DRIVE,WILLCOX,AZ,85643,COCHISE,(520) 384-3541,Critical Access Hospitals,Government - Hospital District or Authority,1.0,,,,1,1,0
031303,SOUTHEAST ARIZONA MEDICAL CENTER,2174 WEST OAK AVENUE,DOUGLAS,AZ,85607,COCHISE,5203647931,Critical Access Hospitals,Voluntary Non-Profit - Private,1.0,,,,1,0,0
031304,PAGE HOSPITAL,501 NORTH NAVAJO DRIVE,PAGE,AZ,86040,COCONINO,(928) 645-2424,Critical Access Hospitals,Government - Hospital District or Authority,1.0,,,,1,1,0
031305,HOPI HEALTH CARE CENTER,"HIGHWAY 264, MILEPOST 388",POLACCA,AZ,86042,NAVAJO,(928) 737-6000,Critical Access Hospitals,Government - Federal,1.0,,,,1,1,0
031307,PARKER INDIAN HEALTH CENTER,12033 AGENCY ROAD,PARKER,AZ,85344,LAPAZ,(928) 669-2137,,,,,,,0,1,0
031308,HUHU KAM MEMORIAL HOSPITAL,483 WEST SEED FARM ROAD,SACATON,AZ,85147,PINAL,(520) 562-3321,,,,,,,0,1,0
031309,SAGE MEMORIAL HOSPITAL,HIGHWAY 264 WEST AND 191 SOUTH,GANADO,AZ,86505,APACHE,(928) 755-4500,Critical Access Hospitals,Voluntary Non-Profit - Private,1.0,,,,1,1,0
031311,LITTLE COLORADO MEDICAL CENTER,1501 NORTH WILLIAMSON AVENUE,WINSLOW,AZ,86047,NAVAJO,(928) 289-4691,Critical Access Hospitals,Government - Local,1.0,,,,1,1,0
031312,COPPER QUEEN COMMUNITY HOSPITAL,101 COLE AVENUE,BISBEE,AZ,85603,COCHISE,(520) 432-6401,Critical Access Hospitals,Voluntary Non-Profit - Private,1.0,,,,1,1,0
031313,HOLY CROSS HOSPITAL,1171 WEST TARGET RANGE ROAD,NOGALES,AZ,85621,SANTA CRUZ,(520) 285-3000,Critical Access Hospitals,Voluntary Non-Profit - Private,1.0,,,,1,1,0
031314,COBRE VALLEY REGIONAL MEDICAL CENTER,5880 SOUTH HOSPITAL DRIVE,GLOBE,AZ,85501,GILA,(928) 402-1122,Critical Access Hospitals,Voluntary Non-Profit - Private,1.0,,,,1,1,0
031315,WHITE MOUNTAIN REGIONAL MEDICAL CENTER,118 SOUTH MOUNTAIN AVENUE,SPRINGERVILLE,AZ,85938,APACHE,(928) 333-4368,Critical Access Hospitals,Voluntary Non-Profit - Private,1.0,,,,1,1,0
031317,LA PAZ REGIONAL HOSPITAL,1200 WEST MOHAVE ROAD,PARKER,AZ,85344,LAPAZ,(928) 669-9201,,,,,,,0,1,0
031318,BANNER PAYSON MEDICAL CENTER,807 SOUTH PONDEROSA DRIVE,PAYSON,AZ,85541,GILA,(928) 474-3222,,,,,,,0,1,0
031319,MT. GRAHAM REGIONAL MEDICAL CENTER,1600 SOUTH 20TH AVENUE,SAFFORD,AZ,85546,GRAHAM,(928) 348-4000,,,,,,,0,1,0
031320,SAN CARLOS APACHE HEALTHCARE CORPORATION,103 MEDICINE WAY ROAD,PERIDOT,AZ,85542,GILA,(928) 475-1200,,,,,,,0,1,0
033302,PHOENIX CHILDREN'S HOSPITAL,1919 EAST THOMAS ROAD,PHOENIX,AZ,85016,MARICOPA,(602) 933-1000,Childrens,Voluntary Non-Profit - Private,1.0,,,,1,1,0
040001,SILOAM SPRINGS REGIONAL HOSPITAL,603 NORTH PROGRESS AVENUE,SILOAM SPRINGS,AR,72761,BENTON,(479) 524-4141,Acute Care Hospitals,Voluntary Non-Profit - Private,1.0,,,,1,1,0
040002,JOHNSON REGIONAL MEDICAL CENTER,1100 EAST POPLAR STREET,CLARKSVILLE,AR,72830,JOHNSON,(479) 754-5454,Acute Care Hospitals,Voluntary Non-Profit - Private,1.0,,,,1,1,0
040004,WASHINGTON REGIONAL MEDICAL CENTER,3215 N NORTH HILLS BOULEVARD,FAYETTEVILLE,AR,72703,WASHINGTON,(479) 463-5113,Acute Care Hospitals,Government - Local,1.0,,,,1,1,0
040007,CHI-ST VINCENT INFIRMARY,TWO ST VINCENT CIRCLE,LITTLE ROCK,AR,72205,PULASKI,(501) 552-3000,Acute Care Hospitals,Voluntary Non-Profit - Church,1.0,,,,1,1,0
040010,MERCY HOSPITAL NORTHWEST ARKANSAS,2710 SOUTH RIFE MEDICAL LANE,ROGERS,AR,72758,BENTON,(479) 338-8000,Acute Care Hospitals,Voluntary Non-Profit - Church,1.0,,,,1,1,0
040011,CHAMBERS MEMORIAL HOSPITAL,719 DETROIT STREET,DANVILLE,AR,72833,YELL,(479) 495-2241,Acute Care Hospitals,Voluntary Non-Profit - Other,1.0,,,,1,1,0
040014,WHITE COUNTY MEDICAL CENTER,3214 EAST RACE AVENUE,SEARCY,AR,72143,WHITE,(501) 278-3100,Acute Care Hospitals,Voluntary Non-Profit - Private,1.0,,,,1,1,0
040015,MENA REGIONAL HEALTH SYSTEM,311 NORTH MORROW STREET,MENA,AR,71953,POLK,4793946100,Acute Care Hospitals,Government - Local,1.0,,,,1,0,0
040016,University of Arkansas Medical Sciences,4301 WEST MARKHAM STREET MAIL SLOT 612,LITTLE ROCK,AR,72205,PULASKI,(501) 686-5000,Acute Care Hospitals,Government - State,1.0,,,,1,1,0
040017,NORTH ARKANSAS REGIONAL MEDICAL CENTER,620 NORTH MAIN STREET,HARRISON,AR,72601,BOONE,(870) 414-4000,Acute Care Hospitals,Voluntary Non-Profit - Private,1.0,,,,1,1,0
040018,BAPTIST HEALTH - VAN BUREN,211 CRAWFORD MEMORIAL DRIVE,VAN BUREN,AR,72956,CRAWFORD,(479) 474-3401,Acute Care Hospitals,Proprietary,1.0,,,,1,1,0
040019,FORREST CITY MEDICAL CENTER,1601 NEWCASTLE ROAD,FORREST CITY,AR,72335,ST. FRANCIS,(870) 261-0000,Acute Care Hospitals,Proprietary,1.0,,,,1,1,0
040020,ST BERNARDS MEDICAL CENTER,225 E WASHINGTON AVE,JONESBORO,AR,72401,CRAIGHEAD,(870) 972-4100,Acute Care Hospitals,Voluntary Non-Profit - Church,1.0,,,,1,1,0
040022,NORTHWEST MEDICAL CENTER-SPRINGDALE,609 WEST MAPLE AVENUE,SPRINGDALE,AR,72764,WASHINGTON,(479) 751-5711,Acute Care Hospitals,Proprietary,1.0,,,,1,1,0
040026,CHI ST. VINCENT HOSPITAL HOT SPRINGS,300 WERNER STREET,HOT SPRINGS,AR,71903,GARLAND,(501) 622-1000,Acute Care Hospitals,Voluntary Non-Profit - Church,1.0,,,,1,1,0
040027,BAXTER HEALTH,624 HOSPITAL DRIVE,MOUNTAIN HOME,AR,72653,BAXTER,(870) 508-1000,Acute Care Hospitals,Voluntary Non-Profit - Private,1.0,,,,1,1,0
040029,"CONWAY REGIONAL MEDICAL CENTER, INC",2302 COLLEGE AVENUE,CONWAY,AR,72034,FAULKNER,(501) 329-3831,Acute Care Hospitals,Voluntary Non-Profit - Private,1.0,,,,1,1,0
040036,BAPTIST HEALTH MEDICAL CENTER NORTH LITTLE ROCK,3333 SPRINGHILL DRIVE,NORTH LITTLE ROCK,AR,72117,PULASKI,(501) 202-3000,Acute Care Hospitals,Voluntary Non-Profit - Other,1.0,,,,1,1,0
040039,ARKANSAS METHODIST MEDICAL CENTER,900 WEST KINGSHIGHWAY,PARAGOULD,AR,72450,GREENE,(870) 239-7000,Acute Care Hospitals,Voluntary Non-Profit - Private,1.0,,,,1,1,0
040041,ST MARYS REGIONAL MEDICAL CENTER,1808 WEST MAIN STREET,RUSSELLVILLE,AR,72801,POPE,(479) 968-2841,Acute Care Hospitals,Proprietary,1.0,,,,1,1,0
040042,CRITTENDEN MEMORIAL HOSPITAL,200 TYLER,WEST MEMPHIS,AR,72301,CRITTENDEN,8707351500,Acute Care Hospitals,Voluntary Non-Profit - Private,1.0,,,,1,0,0
040047,FIVE RIVERS MEDICAL CENTER,2801 MEDICAL CENTER DRIVE,POCAHONTAS,AR,72455,RANDOLPH,8708926000,Acute Care Hospitals,Government - Local,1.0,,,,1,0,0
040050,OUACHITA COUNTY MEDICAL CENTER,638 CALIFORNIA AVENUE,CAMDEN,AR,71701,OUACHITA,(870) 836-1000,Acute Care Hospitals,Voluntary Non-Profit - Private,1.0,,,,1,1,0
040051,BAPTIST HEALTH MEDICAL CENTER-DREW COUNTY,778 SCOGIN DRIVE,MONTICELLO,AR,71655,DREW,(870) 367-2411,Acute Care Hospitals,Voluntary Non-Profit - Other,1.0,,,,1,1,0
040055,BAPTIST HEALTH - FORT SMITH,1001 TOWSON AVENUE,FORT SMITH,AR,72901,SEBASTIAN,(479) 441-4000,Acute Care Hospitals,Voluntary Non-Profit - Private,1.0,,,,1,1,0
040062,MERCY HOSPITAL FORT SMITH,7301 ROGERS AVE,FORT SMITH,AR,72903,SEBASTIAN,(479) 314-6000,Acute Care Hospitals,Voluntary Non-Profit - Private,1.0,,,,1,1,0
040067,MAGNOLIA REGIONAL MEDICAL HOSPITAL,101 HOSPITAL DRIVE,MAGNOLIA,AR,71753,COLUMBIA,(870) 235-3000,Acute Care Hospitals,Government - Local,1.0,,,,1,1,0
040069,GREAT RIVER MEDICAL CENTER,1520 N DIVISION STREET,BLYTHEVILLE,AR,72315,MISSISSIPPI,(870) 838-7300,Acute Care Hospitals,Voluntary Non-Profit - Other,1.0,,,,1,1,0
040071,JEFFERSON REGIONAL MEDICAL CENTER,1600 WEST 40TH AVENUE,PINE BLUFF,AR,71603,JEFFERSON,(870) 541-7100,Acute Care Hospitals,Voluntary Non-Profit - Other,1.0,,,,1,1,0
040072,BAPTIST HEALTH MEDICAL CENTER-STUTTGART,1703 NORTH BUERKLE ST,STUTTGART,AR,72160,ARKANSAS,(870) 673-3511,Acute Care Hospitals,Proprietary,1.0,,,,1,1,0
040074,NORTH METRO MEDICAL CENTER,1400 BRADEN STREET,JACKSONVILLE,AR,72076,PULASKI,5019857000,Acute Care Hospitals,Voluntary Non-Profit - Private,1.0,,,,1,0,0
040076,BAPTIST HEALTH MEDICAL CENTER-HOT SPRINGS COUNTY,1001 SCHNEIDER DRIVE,MALVERN,AR,72104,HOT SPRING,(501) 332-1000,Acute Care Hospitals,Voluntary Non-Profit - Private,1.0,,,,1,1,0
040078,NATIONAL PARK MEDICAL CENTER,1910 MALVERN AVENUE,HOT SPRINGS,AR,71901,GARLAND,(501) 321-1000,Acute Care Hospitals,Proprietary,0.0,,,,1,1,0
040080,HARRIS HOSPITAL,1205 MCLAIN STREET,NEWPORT,AR,72112,JACKSON,8705238911,Acute Care Hospitals,Proprietary,1.0,,,,1,0,0
040084,SALINE MEMORIAL HOSPITAL,1 MEDICAL PARK DRIVE,BENTON,AR,72015,SALINE,(501) 776-6000,Acute Care Hospitals,Voluntary Non-Profit - Private,1.0,,,,1,1,0
040085,HELENA REGIONAL MEDICAL CENTER,1801 MARTIN LUTHER KING DRIVE,HELENA,AR,72342,PHILLIPS,8703385800,Acute Care Hospitals,Proprietary,1.0,,,,1,0,0
040088,SOUTH ARKANSAS REGIONAL HOSPITAL LLC,700 WEST GROVE STREET,EL DORADO,AR,71730,UNION,(870) 863-2000,Acute Care Hospitals,Proprietary,1.0,,,,1,1,0
040091,MEDICAL PARK HOSPITAL,2001 SOUTH MAIN STREET,HOPE,AR,71801,HEMPSTEAD,8707772323,Acute Care Hospitals,Proprietary,1.0,,,,1,0,0
04009F,FAYETTEVILLE AR VA MEDICAL CENTER,1100 N. COLLEGE AVENUE,FAYETTEVILLE,AR,72703,WASHINGTON,(479) 444-5058,ACUTE CARE - VETERANS ADMINISTRATION,Government - Federal,1.0,,,,1,1,0
04010F,VA CENTRAL AR. VETERANS HEALTHCARE SYSTEM LR,4300 WEST SEVENTH STREET,LITTLE ROCK,AR,72205,PULASKI,(501) 257-1000,ACUTE CARE - VETERANS ADMINISTRATION,Government - Federal,1.0,,,,1,1,0
040114,BAPTIST HEALTH MEDICAL CENTER-LITTLE ROCK,9601 BAPTIST HEALTH DRIVE,LITTLE ROCK,AR,72205,PULASKI,(501) 202-2000,Acute Care Hospitals,Voluntary Non-Profit - Private,1.0,,,,1,1,0
040118,"BAPTIST MEMORIAL HOSPITAL JONESBORO, INC.",4800 EAST JOHNSON AVENUE,JONESBORO,AR,72405,CRAIGHEAD,(870) 972-7000,Acute Care Hospitals,Voluntary Non-Profit - Private,1.0,,,,1,1,0
040119,WHITE RIVER MEDICAL CENTER,1710 HARRISON STREET,BATESVILLE,AR,72503,INDEPENDENCE,(870) 262-1200,Acute Care Hospitals,Voluntary Non-Profit - Private,1.0,,,,1,1,0
040132,LEVI HOSPITAL,300 PROSPECT AVE,HOT SPRINGS,AR,71901,GARLAND,(501) 624-1281,Acute Care Hospitals,Voluntary Non-Profit - Private,1.0,,,,1,1,0
040134,"ARKANSAS HEART HOSPITAL, LLC",1701 S SHACKLEFORD ROAD,LITTLE ROCK,AR,72211,PULASKI,(501) 219-7000,Acute Care Hospitals,Proprietary,1.0,,,,1,1,0
040137,ST VINCENT MEDICAL CENTER/NORTH,2215 WILDWOOD AVENUE,SHERWOOD,AR,72120,PULASKI,(501) 552-7100,Acute Care Hospitals,Voluntary Non-Profit - Private,1.0,,,,1,1,0
040147,ARKANSAS SURGICAL HOSPITAL,5201 NORTH SHORE DRIVE,NO LITTLE ROCK,AR,72118,PULASKI,(501) 748-8000,Acute Care Hospitals,Voluntary Non-Profit - Private,1.0,,,,1,1,0
040152,PHYSICIANS' SPECIALTY HOSPITAL,3873 NORTH PARKVIEW DRIVE,FAYETTEVILLE,AR,72703,WASHINGTON,4795717002,Acute Care Hospitals,Proprietary,1.0,,,,1,0,0
040153,SOUTHWEST ARKANSAS REGIONAL MEDICAL CENTER LLC,2001 SOUTH MAIN,HOPE,AR,71801,HEMPSTEAD,(870) 722-3800,,,,,,,0,1,0
040154,BAPTIST HEALTH MEDICAL CENTER- CONWAY,1555 EXCHANGE AVENUE,CONWAY,AR,72032,FAULKNER,(501) 585-2000,,,,,,,0,1,0
040156,"BAPTIST MEMORIAL HOSPITAL-CRITTENDEN, INC",2100 NORTH SEVENTH STREET,WEST MEMPHIS,AR,72301,CRITTENDEN,(870) 394-7800,,,,,,,0,1,0
040161,ARKANSAS HEART HOSPITAL-ENCORE,1901 ENCORE WAY,BRYANT,AR,72019,SALINE,(501) 213-4500,,,,,,,0,1,0
040164,UNITY HEALTH - JACKSONVILLE,1400 BRADEN STREET,JACKSONVILLE,AR,72076,PULASKI,(501) 453-5000,,,,,,,0,1,0
040779,ST BERNARDS FIVE RIVERS MEDICAL CENTER,2801 MEDICAL CENTER DRIVE,POCAHONTAS,AR,72455,RANDOLPH,(870) 892-6000,,,,,,,0,1,0
040780,EUREKA SPRINGS HOSPITAL COMMISSION,24 NORRIS STREET,EUREKA SPRINGS,AR,72632,CARROLL,(479) 253-7400,,,,,,,0,1,0
040781,HELENA REGIONAL MEDICAL CENTER,1801 MARTIN LUTHER KING JR DRIVE,HELENA,AR,72342,PHILLIPS,(870) 338-5800,,,,,,,0,1,0
040782,SOUTH MISSISSIPPI COUNTY REGIONAL MEDICAL CENTER,611 WEST LEE AVENUE,OSCEOLA,AR,72370,MISSISSIPPI,(870) 563-7000,,,,,,,0,1,0
040783,"DEWITT HOSPITAL & NURSING HOME, INC",1641 WHITEHEAD DRIVE,DE WITT,AR,72042,ARKANSAS,(870) 946-3571,,,,,,,0,1,0
041300,MERCY HOSPITAL PARIS,500 EAST ACADEMY,PARIS,AR,72855,LOGAN,(479) 963-6101,Critical Access Hospitals,Voluntary Non-Profit - Private,1.0,,,,1,1,0
041302,DARDANELLE REGIONAL MEDICAL CENTER,200 NORTH THIRD STREET,DARDANELLE,AR,72834,YELL,(479) 229-4677,Critical Access Hospitals,Proprietary,1.0,,,,1,1,0
041303,MERCY HOSPITAL OZARK,801 WEST RIVER STREET,OZARK,AR,72949,FRANKLIN,(479) 667-4138,Critical Access Hospitals,Government - Local,1.0,,,,1,1,0
041304,"EUREKA SPRINGS HOSPITAL, LLC",24 NORRIS STREET,EUREKA SPRINGS,AR,72632,CARROLL,4792537400,Critical Access Hospitals,Voluntary Non-Profit - Private,1.0,,,,1,0,0
041305,MERCY HOSPITAL WALDRON,1341 WEST SIXTH STREET,WALDRON,AR,72958,SCOTT,(479) 637-4135,Critical Access Hospitals,Voluntary Non-Profit - Private,1.0,,,,1,1,0
041306,IZARD REGIONAL HOSPITAL LLC,61 GRASSE STREET,CALICO ROCK,AR,72519,BAXTER,(870) 297-2400,Critical Access Hospitals,Voluntary Non-Profit - Private,0.0,,,,1,1,0
041307,CROSSRIDGE COMMUNITY HOSPITAL,310 SOUTH FALLS BOULEVARD,WYNNE,AR,72396,CROSS,(870) 238-3300,Critical Access Hospitals,Voluntary Non-Profit - Church,1.0,,,,1,1,0
041308,MCGEHEE HOSPITAL,900 SOUTH THIRD STREET,MCGEHEE,AR,71654,DESHA,(870) 222-5600,Critical Access Hospitals,Voluntary Non-Profit - Private,1.0,,,,1,1,0
041309,LAWRENCE MEMORIAL HOSPITAL,1309 WEST MAIN STREET,WALNUT RIDGE,AR,72476,LAWRENCE,(870) 886-1200,Critical Access Hospitals,Government - Local,1.0,,,,1,1,0
041310,STONE COUNTY MEDICAL CENTER,2106 EAST MAIN STREET,MOUNTAIN VIEW,AR,72560,STONE,(870) 269-4361,Critical Access Hospitals,Voluntary Non-Profit - Private,1.0,,,,1,1,0
041311,HOWARD MEMORIAL HOSPITAL,130 MEDICAL CIRCLE,NASHVILLE,AR,71852,HOWARD,(870) 845-4400,Critical Access Hospitals,Government - Local,1.0,,,,1,1,0
041312,BAPTIST HEALTH MEDICAL CENTER HEBER SPRINGS,1800 BYPASS ROAD,HEBER SPRINGS,AR,72543,CLEBURNE,(501) 887-3000,Critical Access Hospitals,Voluntary Non-Profit - Private,1.0,,,,1,1,0
041313,OZARK HEALTH,2500 HIGHWAY 65 SOUTH,CLINTON,AR,72031,VAN BUREN,(501) 745-7000,Critical Access Hospitals,Government - Local,1.0,,,,1,1,0
041314,"DEWITT HOSPITAL & NURSING HOME, INC",1641 WHITEHEAD DRIVE,DE WITT,AR,72042,ARKANSAS,8709463571,Critical Access Hospitals,Voluntary Non-Profit - Private,1.0,,,,1,0,0
041316,SOUTH MISSISSISSPI COUNTY REGIONAL MEDICAL CENTER,611 WEST LEE AVENUE,OSCEOLA,AR,72370,MISSISSIPPI,8705637000,Critical Access Hospitals,Voluntary Non-Profit - Church,1.0,,,,1,0,0
041317,DALLAS COUNTY MEDICAL CENTER,201 CLIFTON STREET,FORDYCE,AR,71742,DALLAS,(870) 352-6300,Critical Access Hospitals,Government - Local,1.0,,,,1,1,0
041318,MERCY HOSPITAL BOONEVILLE,880 WEST MAIN,BOONEVILLE,AR,72927,LOGAN,(479) 675-2800,Critical Access Hospitals,Government - Local,1.0,,,,1,1,0
041319,"DE QUEEN MEDICAL CENTER, INC",1306 WEST COLLIN RAYE DRIVE,DE QUEEN,AR,71832,SEVIER,8705844111,Critical Access Hospitals,Voluntary Non-Profit - Private,1.0,,,,1,0,0
041320,LITTLE RIVER MEMORIAL HOSPITAL,451 WEST LOCKE STREET,ASHDOWN,AR,71822,LITTLE RIVER,(870) 898-5011,Critical Access Hospitals,Voluntary Non-Profit - Other,1.0,,,,1,1,0
041321,BAPTIST HEALTH MEDICAL CENTER-ARKADELPHIA,3050 TWIN RIVERS DRIVE,ARKADELPHIA,AR,71923,CLARK,(870) 245-2622,Critical Access Hospitals,Voluntary Non-Profit - Other,1.0,,,,1,1,0
041322,BAXTER HEALTH FULTON COUNTY HOSPITAL,679 NORTH MAIN STREET,SALEM,AR,72576,FULTON,(870) 895-2691,,,,,,,0,1,0
041323,ASHLEY COUNTY MEDICAL CENTER,1015 UNITY ROAD,CROSSETT,AR,71635,ASHLEY,(870) 364-4111,Critical Access Hospitals,Voluntary Non-Profit - Private,1.0,,,,1,1,0
041324,CHI ST VINCENT MORRILTON,#4 HOSPITAL DRIVE,MORRILTON,AR,72110,CONWAY,(501) 977-2300,Critical Access Hospitals,Voluntary Non-Profit - Private,1.0,,,,1,1,0
041326,DELTA MEMORIAL HOSPITAL,811 HIGHWAY 65 SOUTH,DUMAS,AR,71639,DESHA,(870) 382-4303,Critical Access Hospitals,Voluntary Non-Profit - Private,1.0,,,,1,1,0
041327,BRADLEY COUNTY MEDICAL CENTER,404 SOUTH BRADLEY STREET,WARREN,AR,71671,BRADLEY,(870) 226-3731,Critical Access Hospitals,Voluntary Non-Profit - Private,1.0,,,,1,1,0
041328,CHICOT MEMORIAL MEDICAL CENTER,2729 SOUTH HIGHWAY 65 & 82,LAKE VILLAGE,AR,71653,CHICOT,(870) 265-5351,Critical Access Hospitals,Voluntary Non-Profit - Private,1.0,,,,1,1,0
041329,MERCY HOSPITAL BERRYVILLE,214 CARTER STREET,BERRYVILLE,AR,72616,CARROLL,(870) 423-3355,Critical Access Hospitals,Voluntary Non-Profit - Church,1.0,,,,1,1,0
041330,PIGGOTT COMMUNITY HOSPITAL,1206 GORDON DUCKWORTH DRIVE,PIGGOTT,AR,72454,CLAY,(870) 598-3881,Critical Access Hospitals,Government - Local,1.0,,,,1,1,0
041331,OZARKS COMMUNITY HOSPITAL OF GRAVETTE,1101 JACKSON STREET SW,GRAVETTE,AR,72736,BENTON,(479) 787-5291,Critical Access Hospitals,Proprietary,1.0,,,,1,1,0
041332,UNITY HEALTH - NEWPORT,1205 MCLAIN STREET,NEWPORT,AR,72112,JACKSON,(870) 523-8911,,,,,,,0,1,0
041333,SEVIER COUNTY MEDICAL CENTER,960 HWY 71 N,DE QUEEN,AR,71832,SEVIER,(870) 642-6420,,,,,,,0,1,0
041334,MENA REGIONAL HEALTH SYSTEM,311 North Morrow Street,MENA,AR,71953,POLK,(479) 394-6100,,,,,,,0,1,0
043300,ARKANSAS CHILDREN'S HOSPITAL,"1 CHILDREN'S WAY, SLOT 301",LITTLE ROCK,AR,72202,PULASKI,(501) 364-1100,Childrens,Voluntary Non-Profit - Private,1.0,,,,1,1,0
043301,"ARKANSAS CHILDREN'S NORTHWEST, INC",2601 GENE GEORGE BOULEVARD,SPRINGDALE,AR,72762,WASHINGTON,(479) 725-6800,,,,,,,0,1,0
050002,ST ROSE HOSPITAL,27200 CALAROGA AVE,HAYWARD,CA,94545,ALAMEDA,(510) 782-6200,Acute Care Hospitals,Voluntary Non-Profit - Church,1.0,,,,1,1,0
050006,PROVIDENCE ST JOSEPH HOSPITAL,2700 DOLBEER ST,EUREKA,CA,95501,HUMBOLDT,(707) 445-8121,Acute Care Hospitals,Voluntary Non-Profit - Church,1.0,,,,1,1,0
050007,PENINSULA MEDICAL CENTER,1501 TROUSDALE DRIVE,BURLINGAME,CA,94010,SAN MATEO,(650) 696-5400,Acute Care Hospitals,Voluntary Non-Profit - Private,1.0,,,,1,1,0
050008,CALIFORNIA PACIFIC MEDICAL CTR-DAVIES CAMPUS HOSP,601 DUBOCE AVENUE,SAN FRANCISCO,CA,94117,SAN FRANCISCO,(415) 600-6000,Acute Care Hospitals,Voluntary Non-Profit - Other,1.0,,,,1,1,0
050009,PROVIDENCE QUEEN OF THE VALLEY MEDICAL CENTER,1000 TRANCAS ST,NAPA,CA,94558,NAPA,(707) 252-4411,Acute Care Hospitals,Voluntary Non-Profit - Church,1.0,,,,1,1,0
050013,ADVENTIST HEALTH ST HELENA,10 WOODLAND ROAD,SAINT HELENA,CA,94574,NAPA,(707) 963-3611,Acute Care Hospitals,Voluntary Non-Profit - Church,1.0,,,,1,1,0
050014,SUTTER AMADOR HOSPITAL,200 MISSION BLVD,JACKSON,CA,95642,AMADOR,(209) 223-7500,Acute Care Hospitals,Government - Local,1.0,,,,1,1,0
050016,ARROYO GRANDE COMMUNITY HOSPITAL,345 S HALCYON RD,ARROYO GRANDE,CA,93420,SAN LUIS OBISPO,8054894261,Acute Care Hospitals,Voluntary Non-Profit - Private,1.0,,,,1,0,0
050017,MERCY GENERAL HOSPITAL,4001 J ST,SACRAMENTO,CA,95819,SACRAMENTO,(916) 453-4453,Acute Care Hospitals,Voluntary Non-Profit - Church,1.0,,,,1,1,0
050018,PACIFIC ALLIANCE MEDICAL CENTER,531 W COLLEGE ST,LOS ANGELES,CA,90012,LOS ANGELES,2136248411,Acute Care Hospitals,Proprietary,0.0,,,,1,0,0
050022,RIVERSIDE COMMUNITY HOSPITAL,4445 MAGNOLIA AVENUE,RIVERSIDE,CA,92501,RIVERSIDE,(951) 788-3000,Acute Care Hospitals,Proprietary,1.0,,,,1,1,0
050024,PARADISE VALLEY HOSPITAL,2400 EAST 4TH ST,NATIONAL CITY,CA,91950,SAN DIEGO,(619) 470-4321,Acute Care Hospitals,Voluntary Non-Profit - Church,1.0,,,,1,1,0
050025,UC SAN DIEGO HEALTH HILLCREST - HILLCREST MED CTR,200 WEST ARBOR DRIVE,SAN DIEGO,CA,92103,SAN DIEGO,(619) 543-6222,Acute Care Hospitals,Government - Hospital District or Authority,1.0,,,,1,1,0
050026,GROSSMONT HOSPITAL,5555 GROSSMONT CENTER DRIVE BOX 58,LA MESA,CA,91942,SAN DIEGO,(619) 465-0711,Acute Care Hospitals,Government - Hospital District or Authority,1.0,,,,1,1,0
050028,MAD RIVER COMMUNITY HOSPITAL,3800 JANES RD,ARCATA,CA,95521,HUMBOLDT,(707) 822-3621,Acute Care Hospitals,Proprietary,0.0,,,,1,1,0
050030,OROVILLE HOSPITAL,2767 OLIVE HIGHWAY,OROVILLE,CA,95966,BUTTE,(530) 533-8500,Acute Care Hospitals,Voluntary Non-Profit - Private,1.0,,,,1,1,0
050036,BAKERSFIELD MEMORIAL HOSPITAL,420 34TH ST,BAKERSFIELD,CA,93301,KERN,(661) 327-1792,Acute Care Hospitals,Voluntary Non-Profit - Private,1.0,,,,1,1,0
050038,SANTA CLARA VALLEY MEDICAL CENTER,751 SOUTH BASCOM AVENUE,SAN JOSE,CA,95128,SANTA CLARA,(408) 885-5000,Acute Care Hospitals,Government - Local,1.0,,,,1,1,0
050039,ENLOE HEALTH,1531 ESPLANADE,CHICO,CA,95926,BUTTE,(530) 332-7300,Acute Care Hospitals,Voluntary Non-Profit - Private,1.0,,,,1,1,0
050040,LAC/OLIVE VIEW-UCLA MEDICAL CENTER,14445 OLIVE VIEW DRIVE,SYLMAR,CA,91342,LOS ANGELES,(818) 364-1555,Acute Care Hospitals,Voluntary Non-Profit - Other,1.0,,,,1,1,0
050042,ST ELIZABETH COMMUNITY HOSPITAL,2550 SISTER MARY COLUMBA DRIVE,RED BLUFF,CA,96080,TEHAMA,(530) 529-8000,Acute Care Hospitals,Voluntary Non-Profit - Church,1.0,,,,1,1,0
050043,ALTA BATES SUMMIT MEDICAL CENTER,350 HAWTHORNE AVENUE,OAKLAND,CA,94609,ALAMEDA,(510) 655-4000,Acute Care Hospitals,Voluntary Non-Profit - Other,1.0,,,,1,1,0
050045,EL CENTRO REGIONAL MEDICAL CENTER,1415 ROSS AVENUE,EL CENTRO,CA,92243,IMPERIAL,(760) 339-7100,Acute Care Hospitals,Government - Local,1.0,,,,1,1,0
050046,OJAI VALLEY COMMUNITY HOSPITAL,1306 MARICOPA HWY,OJAI,CA,93023,VENTURA,8056402280,Acute Care Hospitals,Proprietary,1.0,,,,1,0,0
050047,CALIFORNIA PACIFIC MEDICAL CENTER- VAN NESS CAMPUS,1101 VAN NESS AVENUE,SAN FRANCISCO,CA,94109,SAN FRANCISCO,(415) 600-6000,Acute Care Hospitals,Voluntary Non-Profit - Private,1.0,,,,1,1,0
050054,SAN GORGONIO MEMORIAL HOSPITAL,600 NORTH HIGHLAND SPRINGS AVENUE,BANNING,CA,92220,RIVERSIDE,(951) 769-2101,Acute Care Hospitals,Government - Hospital District or Authority,1.0,,,,1,1,0
050055,CALIFORNIA PACIFIC MEDICAL CENTER - MISSION BERNAL,3555 CESAR CHAVEZ,SAN FRANCISCO,CA,94110,SAN FRANCISCO,(415) 641-6562,Acute Care Hospitals,Voluntary Non-Profit - Church,1.0,,,,1,1,0
050056,ANTELOPE VALLEY HOSPITAL,1600 W AVE J,LANCASTER,CA,93534,LOS ANGELES,(661) 949-5500,Acute Care Hospitals,Government - Hospital District or Authority,1.0,,,,1,1,0
050057,KAWEAH HEALTH MEDICAL CENTER,400 W MINERAL KING AVE,VISALIA,CA,93291,TULARE,(559) 624-2000,Acute Care Hospitals,Government - Hospital District or Authority,1.0,,,,1,1,0
050058,GLENDALE MEM HOSPITAL & HLTH CENTER,1420 S CENTRAL AVE,GLENDALE,CA,91204,LOS ANGELES,(818) 502-1900,Acute Care Hospitals,Voluntary Non-Profit - Private,1.0,,,,1,1,0
050060,COMMUNITY REGIONAL MEDICAL CENTER,2823 FRESNO STREET,FRESNO,CA,93721,FRESNO,(559) 459-6000,Acute Care Hospitals,Voluntary Non-Profit - Private,1.0,,,,1,1,0
050063,HOLLYWOOD PRESBYTERIAN MEDICAL CENTER,1300 N VERMONT AVE,LOS ANGELES,CA,90027,LOS ANGELES,(213) 413-3000,Acute Care Hospitals,Proprietary,1.0,,,,1,1,0
050067,OAK VALLEY HOSPITAL DISTRICT,350 S OAK AVE,OAKDALE,CA,95361,STANISLAUS,(209) 847-3011,Acute Care Hospitals,Government - Hospital District or Authority,1.0,,,,1,1,0
050069,PROVIDENCE ST. JOSEPH HOSPITAL,1100 WEST STEWART DR,ORANGE,CA,92868,ORANGE,(714) 633-9111,Acute Care Hospitals,Voluntary Non-Profit - Church,1.0,,,,1,1,0
050070,KAISER FOUNDATION HOSPITAL - SOUTH SAN FRANCISCO,1200 EL CAMINO REAL,SOUTH SAN FRANCISCO,CA,94080,SAN MATEO,(650) 742-3200,Acute Care Hospitals,Voluntary Non-Profit - Private,1.0,,,,1,1,0
050071,KAISER FOUNDATION HOSPITAL-SANTA CLARA,700 LAWRENCE EXPRESSWAY,SANTA CLARA,CA,95051,SANTA CLARA,(408) 236-6400,Acute Care Hospitals,Government - Federal,1.0,,,,1,1,0
050072,KAISER FOUNDATION HOSPITAL - WALNUT CREEK,1425 S MAIN STREET,WALNUT CREEK,CA,94596,CONTRA COSTA,(925) 295-4000,Acute Care Hospitals,Voluntary Non-Profit - Other,1.0,,,,1,1,0
050073,KAISER FOUNDATION HOSPITAL AND REHAB CENTER,975 SERENO DR,VALLEJO,CA,94589,SOLANO,(707) 651-1000,Acute Care Hospitals,Voluntary Non-Profit - Other,1.0,,,,1,1,0
050075,KAISER FOUNDATION HOSPITAL - OAKLAND/RICHMOND,275 WEST MACARTHUR BOULEVARD,OAKLAND,CA,94611,ALAMEDA,(510) 752-1000,Acute Care Hospitals,Voluntary Non-Profit - Other,1.0,,,,1,1,0
050076,KAISER FOUNDATION HOSPITAL - SAN FRANCISCO,2425 GEARY BLVD,SAN FRANCISCO,CA,94115,SAN FRANCISCO,(415) 833-2646,Acute Care Hospitals,Government - Hospital District or Authority,1.0,,,,1,1,0
050077,SCRIPPS MERCY HOSPITAL,4077 5TH AVE,SAN DIEGO,CA,92103,SAN DIEGO,(619) 294-8111,Acute Care Hospitals,Voluntary Non-Profit - Private,0.0,,,,1,1,0
050078,PROVIDENCE LITTLE CO OF MARY MED CTR SAN PEDRO,1300 W 7TH ST,SAN PEDRO,CA,90732,LOS ANGELES,(310) 832-3311,Acute Care Hospitals,Voluntary Non-Profit - Private,1.0,,,,1,1,0
050079,DOCTORS MEDICAL CENTER-SAN PABLO,2000 VALE RD,SAN PABLO,CA,94806,CONTRA COSTA,5109705000,Acute Care Hospitals,Government - Hospital District or Authority,1.0,,,,1,0,0
050082,ST JOHNS REGIONAL MEDICAL CENTER,1600 N ROSE AVE,OXNARD,CA,93030,VENTURA,(805) 988-2500,Acute Care Hospitals,Voluntary Non-Profit - Church,0.0,,,,1,1,0
050084,ST JOSEPH'S MEDICAL CENTER OF STOCKTON,1800 N CALIFORNIA ST,STOCKTON,CA,95204,SAN JOAQUIN,(209) 943-2000,Acute Care Hospitals,Voluntary Non-Profit - Church,1.0,,,,1,1,0
050089,COMMUNITY HOSPITAL OF SAN BERNARDINO,1805 MEDICAL CENTER DRIVE,SAN BERNARDINO,CA,92411,SAN BERNARDINO,(909) 887-6333,Acute Care Hospitals,Voluntary Non-Profit - Private,1.0,,,,1,1,0
050090,SONOMA VALLEY HOSPITAL,347 ANDRIEUX ST,SONOMA,CA,95476,SONOMA,(707) 935-5000,Acute Care Hospitals,Government - Hospital District or Authority,1.0,,,,1,1,0
050091,COMMUNITY HOSPITAL OF HUNTINGTON PARK,2623 E SLAUSON AVE,HUNTINGTON PARK,CA,90255,LOS ANGELES,(323) 583-1931,Acute Care Hospitals,Voluntary Non-Profit - Private,1.0,,,,1,1,0
050093,SAINT AGNES MEDICAL CENTER,1303 E HERNDON AVE,FRESNO,CA,93720,FRESNO,(559) 450-3000,Acute Care Hospitals,Voluntary Non-Profit - Church,1.0,,,,1,1,0
050096,"DOCTORS HOSPITAL OF WEST COVINA, INC",725 S ORANGE AVE,WEST COVINA,CA,91790,LOS ANGELES,6263388481,Acute Care Hospitals,Proprietary,0.0,,,,1,0,0
050099,SAN ANTONIO REGIONAL HOSPITAL,999 SAN BERNARDINO ROAD,UPLAND,CA,91786,SAN BERNARDINO,(909) 985-2811,Acute Care Hospitals,Voluntary Non-Profit - Other,1.0,,,,1,1,0
050100,SHARP MEMORIAL HOSPITAL,7901 FROST ST,SAN DIEGO,CA,92123,SAN DIEGO,(858) 939-3400,Acute Care Hospitals,Voluntary Non-Profit - Other,1.0,,,,1,1,0
050101,SUTTER SOLANO MEDICAL CENTER,300 HOSPITAL DR,VALLEJO,CA,94589,SOLANO,(707) 554-5280,Acute Care Hospitals,Voluntary Non-Profit - Other,1.0,,,,1,1,0
050102,PARKVIEW COMMUNITY HOSPITAL MEDICAL CENTER,3865 JACKSON STREET,RIVERSIDE,CA,92503,RIVERSIDE,(951) 688-2211,Acute Care Hospitals,Voluntary Non-Profit - Private,1.0,,,,1,1,0
050103,ADVENTIST HEALTH WHITE MEMORIAL,1720 CESAR E CHAVEZ AVENUE,LOS ANGELES,CA,90033,LOS ANGELES,(323) 268-5000,Acute Care Hospitals,Voluntary Non-Profit - Church,1.0,,,,1,1,0
050104,SAINT FRANCIS MEDICAL CENTER,3630 EAST IMPERIAL HIGHWAY,LYNWOOD,CA,90262,LOS ANGELES,(310) 900-8900,Acute Care Hospitals,Voluntary Non-Profit - Church,1.0,,,,1,1,0
050107,MARIAN REGIONAL MEDICAL CENTER,1400 E CHURCH ST,SANTA MARIA,CA,93454,SANTA BARBARA,(805) 739-3100,Acute Care Hospitals,Voluntary Non-Profit - Church,1.0,,,,1,1,0
050108,"SUTTER MEDICAL CENTER, SACRAMENTO",2825 CAPITOL AVENUE,SACRAMENTO,CA,95816,SACRAMENTO,(916) 454-2222,Acute Care Hospitals,Voluntary Non-Profit - Other,1.0,,,,1,1,0
050110,LOMPOC VALLEY MEDICAL CENTER,1515 E OCEAN AVENUE,LOMPOC,CA,93436,SANTA BARBARA,(805) 737-3300,Acute Care Hospitals,Government - Hospital District or Authority,1.0,,,,1,1,0
050111,TEMPLE COMMUNITY HOSPITAL,235 N HOOVER ST,LOS ANGELES,CA,90004,LOS ANGELES,2133827252,Acute Care Hospitals,Proprietary,0.0,,,,1,0,0
050112,SANTA MONICA - UCLA MED CTR & ORTHOPAEDIC HOSPITAL,1250 16TH STREET,SANTA MONICA,CA,90404,LOS ANGELES,(310) 319-4000,Acute Care Hospitals,Government - State,1.0,,,,1,1,0
050113,SAN MATEO MEDICAL CENTER,222 W 39TH AVE,SAN MATEO,CA,94403,SAN MATEO,(650) 573-2222,Acute Care Hospitals,Government - Local,1.0,,,,1,1,0
050115,PALOMAR HEALTH DOWNTOWN CAMPUS,555 EAST VALLEY PARKWAY,ESCONDIDO,CA,92025,SAN DIEGO,(760) 739-3000,Acute Care Hospitals,Government - Hospital District or Authority,1.0,,,,1,1,0
050116,NORTHRIDGE HOSPITAL MEDICAL CENTER,18300 ROSCOE BLVD,NORTHRIDGE,CA,91325,LOS ANGELES,(818) 885-8500,Acute Care Hospitals,Voluntary Non-Profit - Other,1.0,,,,1,1,0
050118,DOCTORS HOSPITAL OF MANTECA,1205 E NORTH STREET,MANTECA,CA,95336,SAN JOAQUIN,(209) 823-3111,Acute Care Hospitals,Proprietary,1.0,,,,1,1,0
050121,ADVENTIST HEALTH HANFORD,115 MALL DRIVE,HANFORD,CA,93230,KINGS,(559) 582-9000,Acute Care Hospitals,Voluntary Non-Profit - Church,1.0,,,,1,1,0
050122,DAMERON HOSPITAL,525 WEST ACACIA STREET,STOCKTON,CA,95203,SAN JOAQUIN,(209) 944-5550,Acute Care Hospitals,Voluntary Non-Profit - Other,1.0,,,,1,1,0
050124,USC VERDUGO HILLS HOSPITAL,1812 VERDUGO BLVD,GLENDALE,CA,91208,LOS ANGELES,(818) 790-7100,Acute Care Hospitals,Voluntary Non-Profit - Other,1.0,,,,1,1,0
050125,REGIONAL MEDICAL CENTER OF SAN JOSE,225 N JACKSON AVENUE,SAN JOSE,CA,95116,SANTA CLARA,(408) 259-5000,Acute Care Hospitals,Voluntary Non-Profit - Church,1.0,,,,1,1,0
050126,VALLEY PRESBYTERIAN HOSPITAL,15107 VANOWEN ST,VAN NUYS,CA,91405,LOS ANGELES,(818) 782-6600,Acute Care Hospitals,Voluntary Non-Profit - Other,1.0,,,,1,1,0
050127,WOODLAND MEMORIAL HOSPITAL,1325 COTTONWOOD STREET,WOODLAND,CA,95695,YOLO,(530) 662-3961,Acute Care Hospitals,Voluntary Non-Profit - Other,1.0,,,,1,1,0
050128,TRI-CITY MEDICAL CENTER,4002 VISTA WAY,OCEANSIDE,CA,92056,SAN DIEGO,(760) 724-8411,Acute Care Hospitals,Government - Hospital District or Authority,1.0,,,,1,1,0
050129,ST BERNARDINE MEDICAL CENTER,2101 N WATERMAN AVE,SAN BERNARDINO,CA,92404,SAN BERNARDINO,(909) 883-8711,Acute Care Hospitals,Voluntary Non-Profit - Church,1.0,,,,1,1,0
050131,NOVATO COMMUNITY HOSPITAL,180 ROWLAND WAY,NOVATO,CA,94945,MARIN,(415) 209-1300,Acute Care Hospitals,Voluntary Non-Profit - Other,1.0,,,,1,1,0
050132,SAN GABRIEL VALLEY MEDICAL CENTER,438 W LAS TUNAS DRIVE,SAN GABRIEL,CA,91776,LOS ANGELES,(626) 289-5454,Acute Care Hospitals,Voluntary Non-Profit - Other,1.0,,,,1,1,0
050133,ADVENTIST HEALTH AND RIDEOUT,726 4TH ST,MARYSVILLE,CA,95901,YUBA,(530) 749-4300,Acute Care Hospitals,Voluntary Non-Profit - Other,1.0,,,,1,1,0
050135,SOUTHERN CALIFORNIA HOSPITAL AT HOLLYWOOD,6245 DE LONGPRE AVE,HOLLYWOOD,CA,90028,LOS ANGELES,(323) 462-2271,Acute Care Hospitals,Voluntary Non-Profit - Other,1.0,,,,1,1,0
050136,PETALUMA VALLEY HOSPITAL,400 N MCDOWELL BLVD,PETALUMA,CA,94954,SONOMA,(707) 778-1111,Acute Care Hospitals,Voluntary Non-Profit - Other,1.0,,,,1,1,0
050137,KAISER FOUNDATION HOSPITAL - PANORAMA CITY,13652 CANTARA ST,PANORAMA CITY,CA,91402,LOS ANGELES,(818) 375-2000,Acute Care Hospitals,Voluntary Non-Profit - Private,1.0,,,,1,1,0
050138,KAISER FOUNDATION HOSPITAL - LOS ANGELES,4867 SUNSET BLVD,LOS ANGELES,CA,90027,LOS ANGELES,(323) 783-4011,Acute Care Hospitals,Voluntary Non-Profit - Other,1.0,,,,1,1,0
050139,KAISER FOUNDATION HOSPITAL - DOWNEY,9333 IMPERIAL HIGHWAY,DOWNEY,CA,90242,LOS ANGELES,(562) 461-6007,Acute Care Hospitals,Voluntary Non-Profit - Other,1.0,,,,1,1,0
050140,KAISER FOUNDATION HOSPITAL FONTANA/ONTARIO,9961 SIERRA AVE,FONTANA,CA,92335,SAN BERNARDINO,(909) 427-5000,Acute Care Hospitals,Voluntary Non-Profit - Private,1.0,,,,1,1,0
050145,COMMUNITY HOSPITAL OF THE MONTEREY PENINSULA,23625 W R HOLMAN HIGHWAY,MONTEREY,CA,93940,MONTEREY,(831) 624-5311,Acute Care Hospitals,Voluntary Non-Profit - Private,1.0,,,,1,1,0
050149,CALIFORNIA HOSPITAL MEDICAL CENTER LA,1401 SOUTH GRAND AVENUE,LOS ANGELES,CA,90015,LOS ANGELES,(213) 748-2411,Acute Care Hospitals,Voluntary Non-Profit - Other,1.0,,,,1,1,0
050150,SIERRA NEVADA MEMORIAL HOSPITAL,155 GLASSON WAY,GRASS VALLEY,CA,95945,NEVADA,(530) 274-6000,Acute Care Hospitals,Voluntary Non-Profit - Other,1.0,,,,1,1,0
050152,UCSF HEALTH SAINT FRANCIS HOSPITAL,900 HYDE ST,SAN FRANCISCO,CA,94109,SAN FRANCISCO,(415) 353-6000,Acute Care Hospitals,Voluntary Non-Profit - Private,1.0,,,,1,1,0
050153,O'CONNOR HOSPITAL,2105 FOREST AVENUE,SAN JOSE,CA,95128,SANTA CLARA,4089472500,Acute Care Hospitals,Voluntary Non-Profit - Church,1.0,,,,1,0,0
050158,ENCINO HOSPITAL MEDICAL CENTER,16237 VENTURA BLVD,ENCINO,CA,91436,LOS ANGELES,(818) 995-5000,Acute Care Hospitals,Proprietary,1.0,,,,1,1,0
050159,VENTURA COUNTY MEDICAL CENTER,300 HILLMONT AVENUE,VENTURA,CA,93003,VENTURA,(805) 652-6075,Acute Care Hospitals,Government - Local,1.0,,,,1,1,0
05015F,60th Medical Group (Travis AFB),101 Bodin Cir Bldg 777,Travis AFB,CA,94535,SOLANO,(707) 423-7300,,,,,,,0,1,0
050167,SAN JOAQUIN GENERAL HOSPITAL,500 W HOSPITAL ROAD,FRENCH CAMP,CA,95231,SAN JOAQUIN,(209) 468-6000,Acute Care Hospitals,Government - Local,1.0,,,,1,1,0
050168,PROVIDENCE ST. JUDE MEDICAL CENTER,101 E VALENCIA MESA DRIVE,FULLERTON,CA,92835,ORANGE,(714) 992-3000,Acute Care Hospitals,Voluntary Non-Profit - Church,1.0,,,,1,1,0
050169,PIH HEALTH HOSPITAL-WHITTIER,12401 WASHINGTON BLVD,WHITTIER,CA,90602,LOS ANGELES,(562) 698-0811,Acute Care Hospitals,Voluntary Non-Profit - Private,1.0,,,,1,1,0
050174,PROVIDENCE SANTA ROSA MEMORIAL HOSPITAL,1165 MONTGOMERY DR,SANTA ROSA,CA,95405,SONOMA,(707) 525-5300,Acute Care Hospitals,Voluntary Non-Profit - Private,1.0,,,,1,1,0
050179,EMANUEL MEDICAL CENTER,825 DELBON AVE,TURLOCK,CA,95382,STANISLAUS,(209) 667-4200,Acute Care Hospitals,Voluntary Non-Profit - Church,1.0,,,,1,1,0
050180,JOHN MUIR MEDICAL CENTER - WALNUT CREEK CAMPUS,1601 YGNACIO VALLEY RD,WALNUT CREEK,CA,94598,CONTRA COSTA,(925) 939-3000,Acute Care Hospitals,Voluntary Non-Profit - Private,1.0,,,,1,1,0
050189,GEORGE L MEE MEMORIAL HOSPITAL,300 CANAL STREET,KING CITY,CA,93930,MONTEREY,8313856000,Acute Care Hospitals,Voluntary Non-Profit - Other,1.0,,,,1,0,0
050191,ST MARY MEDICAL CENTER,1050 LINDEN AVE,LONG BEACH,CA,90813,LOS ANGELES,(562) 491-9000,Acute Care Hospitals,Voluntary Non-Profit - Church,1.0,,,,1,1,0
050192,ADVENTIST HEALTH REEDLEY,372 W CYPRESS AVE,REEDLEY,CA,93654,FRESNO,(559) 638-8155,Acute Care Hospitals,Government - Hospital District or Authority,1.0,,,,1,1,0
050194,WATSONVILLE COMMUNITY HOSPITAL,75 NIELSON STREET,WATSONVILLE,CA,95076,SANTA CRUZ,(831) 724-4741,Acute Care Hospitals,Proprietary,1.0,,,,1,1,0
050195,WASHINGTON HOSPITAL,2000 MOWRY AVE,FREMONT,CA,94538,ALAMEDA,(510) 797-1111,Acute Care Hospitals,Government - Hospital District or Authority,1.0,,,,1,1,0
050196,CENTRAL VALLEY GENERAL HOSPITAL,1025 N DOUTY ST,HANFORD,CA,93230,KINGS,5595832100,Acute Care Hospitals,Voluntary Non-Profit - Church,1.0,,,,1,0,0
050197,SEQUOIA HOSPITAL,170 ALAMEDA DE LAS PULGAS,REDWOOD CITY,CA,94062,SAN MATEO,(650) 369-5811,Acute Care Hospitals,Voluntary Non-Profit - Private,1.0,,,,1,1,0
050204,PALMDALE REGIONAL MEDICAL CENTER,38600 MEDICAL CENTER DRIVE,PALMDALE,CA,93552,LOS ANGELES,(661) 382-5000,Acute Care Hospitals,Proprietary,1.0,,,,1,1,0
050205,EAST VALLEY HOSPITAL MEDICAL CENTER,150 WEST ROUTE 66,GLENDORA,CA,91740,LOS ANGELES,6263350231,Acute Care Hospitals,Voluntary Non-Profit - Private,1.0,,,,1,0,0
05020F,NH Camp Pendleton,200 Mercy Cir,Camp Pendleton,CA,92055,SAN DIEGO,(760) 725-1288,,,,,,,0,1,0
050211,ALAMEDA HOSPITAL,2070 CLINTON AVENUE,ALAMEDA,CA,94501,ALAMEDA,(510) 522-3700,Acute Care Hospitals,Voluntary Non-Profit - Private,1.0,,,,1,1,0
050219,COAST PLAZA HOSPITAL,13100 STUDEBAKER RD,NORWALK,CA,90650,LOS ANGELES,5628683751,Acute Care Hospitals,Voluntary Non-Profit - Private,,,,,1,0,0
050222,SHARP CHULA VISTA MEDICAL CENTER,751 MEDICAL CENTER COURT,CHULA VISTA,CA,91911,SAN DIEGO,(619) 502-5800,Acute Care Hospitals,Proprietary,1.0,,,,1,1,0
050224,HOAG MEMORIAL HOSPITAL PRESBYTERIAN,ONE HOAG DRIVE,NEWPORT BEACH,CA,92663,ORANGE,(949) 764-4624,Acute Care Hospitals,Voluntary Non-Profit - Other,1.0,,,,1,1,0
050225,FEATHER RIVER HOSPITAL,5974 PENTZ ROAD,PARADISE,CA,95969,BUTTE,5308779361,Acute Care Hospitals,Voluntary Non-Profit - Church,1.0,,,,1,0,0
050226,AHMC ANAHEIM REGIONAL MEDICAL CENTER,1111 W LA PALMA AVENUE,ANAHEIM,CA,92801,ORANGE,(714) 774-1450,Acute Care Hospitals,Voluntary Non-Profit - Private,1.0,,,,1,1,0
050228,ZUCKERBERG SAN FRANCISCO GENERAL HOSP & TRAUMA CTR,1001 POTRERO AVENUE,SAN FRANCISCO,CA,94110,SAN FRANCISCO,(415) 206-8000,Acute Care Hospitals,Government - Local,1.0,,,,1,1,0
05022F,NMC San Diego,34800 Bob Wilson Dr,San Diego,CA,92134,SAN DIEGO,(619) 532-6400,,,,,,,0,1,0
050230,GARDEN GROVE HOSPITAL & MEDICAL CENTER,12601 GARDEN GROVE BLVD,GARDEN GROVE,CA,92843,ORANGE,(714) 537-5160,Acute Care Hospitals,Proprietary,1.0,,,,1,1,0
050231,POMONA VALLEY HOSPITAL MEDICAL CENTER,1798 N GAREY AVE,POMONA,CA,91767,LOS ANGELES,(909) 865-9500,Acute Care Hospitals,Voluntary Non-Profit - Other,1.0,,,,1,1,0
050232,FRENCH HOSPITAL MEDICAL CENTER,1911 JOHNSON AVE,SAN LUIS OBISPO,CA,93401,SAN LUIS OBISPO,(805) 543-5353,Acute Care Hospitals,Voluntary Non-Profit - Other,1.0,,,,1,1,0
050234,SHARP CORONADO HOSPITAL AND HLTHCR CTR,250 PROSPECT PLACE,CORONADO,CA,92118,SAN DIEGO,(619) 435-6251,Acute Care Hospitals,Voluntary Non-Profit - Other,1.0,,,,1,1,0
050235,PROVIDENCE SAINT JOSEPH MEDICAL CTR,501 SOUTH BUENA VISTA STREET,BURBANK,CA,91505,LOS ANGELES,(818) 843-5111,Acute Care Hospitals,Voluntary Non-Profit - Church,1.0,,,,1,1,0
050236,ADVENTIST HEALTH SIMI VALLEY,2975 N SYCAMORE DR,SIMI VALLEY,CA,93065,VENTURA,(805) 955-6000,Acute Care Hospitals,Voluntary Non-Profit - Church,1.0,,,,1,1,0
050238,USC ARCADIA HOSPITAL,300 W HUNTINGTON DR,ARCADIA,CA,91007,LOS ANGELES,(626) 898-8000,Acute Care Hospitals,Voluntary Non-Profit - Church,1.0,,,,1,1,0
050239,GLENDALE ADVENTIST MEDICAL CENTER,1509 E WILSON TERRACE,GLENDALE,CA,91206,LOS ANGELES,(818) 409-8202,Acute Care Hospitals,Voluntary Non-Profit - Church,1.0,,,,1,1,0
050242,DOMINICAN HOSPITAL,1555 SOQUEL DRIVE,SANTA CRUZ,CA,95065,SANTA CRUZ,(831) 462-7700,Acute Care Hospitals,Voluntary Non-Profit - Church,1.0,,,,1,1,0
050243,DESERT REGIONAL MEDICAL CENTER,1150 NORTH INDIAN CANYON DRIVE,PALM SPRINGS,CA,92262,RIVERSIDE,(760) 323-6511,Acute Care Hospitals,Proprietary,1.0,,,,1,1,0
050245,ARROWHEAD REGIONAL MEDICAL CENTER,400 NORTH PEPPER AVENUE,COLTON,CA,92324,SAN BERNARDINO,(909) 580-1000,Acute Care Hospitals,Government - Local,1.0,,,,1,1,0
050248,NATIVIDAD MEDICAL CENTER,1441 CONSTITUTION BOULEVARD,SALINAS,CA,93906,MONTEREY,(831) 755-4111,Acute Care Hospitals,Government - Hospital District or Authority,1.0,,,,1,1,0
050254,MARSHALL MEDICAL CENTER,1100 MARSHALL WAY,PLACERVILLE,CA,95667,EL DORADO,(530) 622-1441,Acute Care Hospitals,Voluntary Non-Profit - Other,1.0,,,,1,1,0
050257,GOOD SAMARITAN HOSPITAL,901 OLIVE DRIVE,BAKERSFIELD,CA,93308,KERN,(661) 215-7500,Acute Care Hospitals,Proprietary,0.0,,,,1,1,0
05025F,FRESNO VA MEDICAL CENTER (VA CENTRAL CALIFORNIA HEALTHCARE SYSTEM),2615 E. CLINTON AVENUE,FRESNO,CA,93703,FRESNO,(559) 228-5338,ACUTE CARE - VETERANS ADMINISTRATION,Government - Federal,1.0,,,,1,1,0
050261,SIERRA VIEW MEDICAL CENTER,465 W PUTNAM AVE,PORTERVILLE,CA,93257,TULARE,(559) 784-1110,Acute Care Hospitals,Government - Hospital District or Authority,1.0,,,,1,1,0
050262,RONALD REAGAN UCLA MEDICAL CENTER,757 WESTWOOD PLAZA,LOS ANGELES,CA,90095,LOS ANGELES,(310) 825-6301,Acute Care Hospitals,Government - State,1.0,,,,1,1,0
050272,REDLANDS COMMUNITY HOSPITAL,350 TERRACINA BLVD,REDLANDS,CA,92373,SAN BERNARDINO,(909) 335-5500,Acute Care Hospitals,Government - Federal,1.0,,,,1,1,0
050276,CONTRA COSTA REGIONAL MEDICAL CENTER,2500 ALHAMBRA AVENUE,MARTINEZ,CA,94553,CONTRA COSTA,(925) 370-5000,Acute Care Hospitals,Government - Local,1.0,,,,1,1,0
050277,PACIFIC HOSPITAL OF LONG BEACH,2776 PACIFIC AVE,LONG BEACH,CA,90806,LOS ANGELES,5625951911,Acute Care Hospitals,Voluntary Non-Profit - Private,1.0,,,,1,0,0
050278,PROVIDENCE HOLY CROSS MEDICAL CENTER,15031 RINALDI ST,MISSION HILLS,CA,91346,LOS ANGELES,(818) 365-8051,Acute Care Hospitals,Voluntary Non-Profit - Church,1.0,,,,1,1,0
050279,HI-DESERT MEDICAL CENTER,6601 WHITE FEATHER ROAD,JOSHUA TREE,CA,92252,SAN BERNARDINO,(760) 366-3711,Acute Care Hospitals,Government - Hospital District or Authority,1.0,,,,1,1,0
05027F,VA LONG BEACH HEALTHCARE SYSTEM,5901 E. SEVENTH STREET,LONG BEACH,CA,90822,LOS ANGELES,(562) 826-8000,ACUTE CARE - VETERANS ADMINISTRATION,Government - Federal,1.0,,,,1,1,0
050280,MERCY MEDICAL CENTER REDDING,"2175 ROSALINE AVE, CLAIRMONT HGTS",REDDING,CA,96001,SHASTA,(530) 225-6102,Acute Care Hospitals,Voluntary Non-Profit - Church,1.0,,,,1,1,0
050281,ALHAMBRA HOSPITAL MEDICAL CENTER,100 S RAYMOND AVE,ALHAMBRA,CA,91801,LOS ANGELES,(626) 570-1606,Acute Care Hospitals,Proprietary,1.0,,,,1,1,0
050283,STANFORD HEALTH CARE TRI-VALLEY,5555 WEST LAS POSITAS BOULEVARD,PLEASANTON,CA,94588,ALAMEDA,(925) 847-3000,Acute Care Hospitals,Voluntary Non-Profit - Private,1.0,,,,1,1,0
050289,AHMC SETON MEDICAL CENTER,1900 SULLIVAN AVENUE,DALY CITY,CA,94015,SAN MATEO,(650) 992-4000,Acute Care Hospitals,Voluntary Non-Profit - Church,1.0,,,,1,1,0
050290,SAINT JOHN'S HEALTH CENTER,2121 SANTA MONICA BLVD,SANTA MONICA,CA,90404,LOS ANGELES,(310) 829-5511,Acute Care Hospitals,Voluntary Non-Profit - Church,1.0,,,,1,1,0
050291,SUTTER SANTA ROSA REGIONAL HOSPITAL,30 MARK WEST SPRINGS ROAD,SANTA ROSA,CA,95403,SONOMA,(707) 576-4000,Acute Care Hospitals,Government - Local,1.0,,,,1,1,0
050292,RIVERSIDE UNIVERSITY HEALTH SYSTEM-MEDICAL CENTER,26520 CACTUS AVENUE,MORENO VALLEY,CA,92555,RIVERSIDE,(951) 486-4000,Acute Care Hospitals,Proprietary,1.0,,,,1,1,0
050295,MERCY HOSPITAL,2215 TRUXTUN AVENUE,BAKERSFIELD,CA,93301,KERN,(661) 632-5000,Acute Care Hospitals,Voluntary Non-Profit - Church,1.0,,,,1,1,0
050296,HAZEL HAWKINS MEMORIAL HOSPITAL,911 SUNSET DRIVE,HOLLISTER,CA,95023,SAN BENITO,8316375711,Acute Care Hospitals,Government - Hospital District or Authority,1.0,,,,1,0,0
050298,BARSTOW COMMUNITY HOSPITAL,820 E MOUNTAIN VIEW STREET,BARSTOW,CA,92311,SAN BERNARDINO,(760) 256-1761,Acute Care Hospitals,Proprietary,1.0,,,,1,1,0
050300,PROVIDENCE ST MARY MEDICAL CENTER,18300 HIGHWAY 18,APPLE VALLEY,CA,92307,SAN BERNARDINO,(760) 242-2311,Acute Care Hospitals,Voluntary Non-Profit - Private,1.0,,,,1,1,0
050301,ADVENTIST HEALTH UKIAH VALLEY,275 HOSPITAL DRIVE,UKIAH,CA,95482,MENDOCINO,(707) 462-3111,Acute Care Hospitals,Voluntary Non-Profit - Church,1.0,,,,1,1,0
050305,ALTA BATES SUMMIT MEDICAL CENTER - ALTA BATES CAMP,2450 ASHBY AVENUE,BERKELEY,CA,94705,ALAMEDA,(510) 204-4444,Acute Care Hospitals,Voluntary Non-Profit - Other,1.0,,,,1,1,0
050308,EL CAMINO HEALTH,2500 GRANT ROAD,MOUNTAIN VIEW,CA,94040,SANTA CLARA,(650) 940-7000,Acute Care Hospitals,Voluntary Non-Profit - Other,1.0,,,,1,1,0
050309,SUTTER ROSEVILLE MEDICAL CENTER,ONE MEDICAL PLAZA,ROSEVILLE,CA,95661,PLACER,(916) 781-1000,Acute Care Hospitals,Voluntary Non-Profit - Other,1.0,,,,1,1,0
05030F,VA N CALIFORNIA HEALTHCARE SYSTEM,10535 HOSPITAL WAY,MATHER,CA,95655,SACRAMENTO,(800) 382-8387,ACUTE CARE - VETERANS ADMINISTRATION,Government - Federal,1.0,,,,1,1,0
050313,SUTTER TRACY COMMUNITY HOSPITAL,1420 NORTH TRACY BLVD,TRACY,CA,95376,SAN JOAQUIN,(209) 835-1500,Acute Care Hospitals,Voluntary Non-Profit - Private,1.0,,,,1,1,0
050315,KERN MEDICAL CENTER,1700 MOUNT VERNON AVENUE,BAKERSFIELD,CA,93306,KERN,(661) 326-2000,Acute Care Hospitals,Government - Local,1.0,,,,1,1,0
05031F,PALO ALTO VA MEDICAL CENTER,3801 MIRANDA AVENUE,PALO ALTO,CA,94304,SANTA CLARA,(650) 858-3939,ACUTE CARE - VETERANS ADMINISTRATION,Government - Federal,1.0,,,,1,1,0
050320,HIGHLAND HOSPITAL,1411 EAST 31ST STREET,OAKLAND,CA,94602,ALAMEDA,(510) 437-4800,Acute Care Hospitals,Government - Local,1.0,,,,1,1,0
050324,SCRIPPS MEMORIAL HOSPITAL LA JOLLA,9888 GENESEE AVENUE,LA JOLLA,CA,92037,SAN DIEGO,(858) 626-4123,Acute Care Hospitals,Voluntary Non-Profit - Other,1.0,,,,1,1,0
050327,LOMA LINDA UNIVERSITY MEDICAL CENTER,11234 ANDERSON ST,LOMA LINDA,CA,92354,SAN BERNARDINO,(909) 558-4000,Acute Care Hospitals,Government - Federal,1.0,,,,1,1,0
050329,CORONA REGIONAL MEDICAL CENTER,800 SOUTH MAIN STREET,CORONA,CA,92882,RIVERSIDE,(951) 736-6240,Acute Care Hospitals,Proprietary,1.0,,,,1,1,0
050334,SALINAS VALLEY MEMORIAL HOSPITAL,450 EAST ROMIE LANE,SALINAS,CA,93901,MONTEREY,(831) 757-4333,Acute Care Hospitals,Voluntary Non-Profit - Other,1.0,,,,1,1,0
050335,ADVENTIST HEALTH SONORA,1000 GREENLEY ROAD,SONORA,CA,95370,TUOLUMNE,(209) 536-5000,Acute Care Hospitals,Voluntary Non-Profit - Church,1.0,,,,1,1,0
050336,ADVENTIST HEALTH LODI MEMORIAL,975 S FAIRMONT AVENUE,LODI,CA,95240,SAN JOAQUIN,(209) 334-3411,Acute Care Hospitals,Voluntary Non-Profit - Other,1.0,,,,1,1,0
050342,PIONEERS MEMORIAL HEALTHCARE DISTRICT,207 WEST LEGION ROAD,BRAWLEY,CA,92227,IMPERIAL,(760) 351-3333,Acute Care Hospitals,Government - Hospital District or Authority,1.0,,,,1,1,0
050348,UCI HEALTH-ORANGE,101 CITY DRIVE SOUTH,ORANGE,CA,92868,ORANGE,(714) 456-7890,Acute Care Hospitals,Government - Local,1.0,,,,1,1,0
050349,CORCORAN DISTRICT HOSPITAL,1310 HANNA AVE,CORCORAN,CA,93212,KINGS,5599925051,Acute Care Hospitals,Government - Hospital District or Authority,1.0,,,,1,0,0
050350,ADVENTIST HEALTH WHITE MEMORIAL MONTEBELLO,309 W BEVERLY BLVD,MONTEBELLO,CA,90640,LOS ANGELES,(323) 726-1222,Acute Care Hospitals,Voluntary Non-Profit - Private,1.0,,,,1,1,0
050351,TORRANCE MEMORIAL MEDICAL CENTER,3330 LOMITA BLVD,TORRANCE,CA,90509,LOS ANGELES,(310) 325-9110,Acute Care Hospitals,Voluntary Non-Profit - Other,1.0,,,,1,1,0
050352,BARTON MEMORIAL HOSPITAL,2170 SOUTH AVENUE,SOUTH LAKE TAHOE,CA,96150,EL DORADO,(530) 541-3000,Acute Care Hospitals,Voluntary Non-Profit - Private,1.0,,,,1,1,0
050353,PROVIDENCE LITTLE COMPANY OF MARY MED CTR TORRANCE,4101 TORRANCE BLVD,TORRANCE,CA,90503,LOS ANGELES,(310) 540-7676,Acute Care Hospitals,Voluntary Non-Profit - Church,1.0,,,,1,1,0
050357,GOLETA VALLEY COTTAGE HOSPITAL,351 S PATTERSON AVE,SANTA BARBARA,CA,93111,SANTA BARBARA,(805) 967-3411,Acute Care Hospitals,Voluntary Non-Profit - Other,1.0,,,,1,1,0
050359,TULARE REGIONAL MEDICAL CENTER,869 CHERRY AVENUE,TULARE,CA,93274,TULARE,5596880821,Acute Care Hospitals,Government - Hospital District or Authority,1.0,,,,1,0,0
050360,MARINHEALTH MEDICAL CENTER,250 BON AIR ROAD,GREENBRAE,CA,94904,MARIN,(415) 925-7900,Acute Care Hospitals,Government - Local,1.0,,,,1,1,0
050367,NORTHBAY MEDICAL CENTER,1200 B  GALE WILSON BLVD,FAIRFIELD,CA,94533,SOLANO,(707) 646-5000,Acute Care Hospitals,Voluntary Non-Profit - Other,1.0,,,,1,1,0
050373,LOS ANGELES GENERAL MEDICAL CENTER,"2051 MARENGO ST, ROOM C2K100",LOS ANGELES,CA,90033,LOS ANGELES,(323) 226-2800,Acute Care Hospitals,Government - Local,1.0,,,,1,1,0
050376,LAC/HARBOR-UCLA MED CENTER,1000 W CARSON ST,TORRANCE,CA,90509,LOS ANGELES,(310) 222-2345,Acute Care Hospitals,Government - Local,1.0,,,,1,1,0
050378,PACIFICA HOSPITAL OF THE VALLEY,9449 SAN FERNANDO RD,SUN VALLEY,CA,91352,LOS ANGELES,(818) 767-3310,Acute Care Hospitals,Proprietary,1.0,,,,1,1,0
050380,GOOD SAMARITAN HOSPITAL,2425 SAMARITAN DRIVE,SAN JOSE,CA,95124,SANTA CLARA,(408) 559-2011,Acute Care Hospitals,Proprietary,1.0,,,,1,1,0
050382,EMANATE HEALTH INTER-COMMUNITY HOSPITAL,210 W  SAN BERNARDINO ROAD,COVINA,CA,91723,LOS ANGELES,(626) 814-2468,Acute Care Hospitals,Voluntary Non-Profit - Other,1.0,,,,1,1,0
050385,PALM DRIVE HOSPITAL,501 PETALUMA AVE,SEBASTOPOL,CA,95472,SONOMA,7078238511,Acute Care Hospitals,Voluntary Non-Profit - Other,1.0,,,,1,0,0
050390,HEMET GLOBAL MEDICAL CENTER,1117 EAST DEVONSHIRE,HEMET,CA,92543,RIVERSIDE,(951) 652-2811,Acute Care Hospitals,Government - Hospital District or Authority,1.0,,,,1,1,0
050393,PIH HEALTH DOWNEY HOSPITAL,11500 BROOKSHIRE AVENUE,DOWNEY,CA,90241,LOS ANGELES,(562) 904-5000,Acute Care Hospitals,Voluntary Non-Profit - Private,1.0,,,,1,1,0
050394,COMMUNITY MEMORIAL HOSPITAL - VENTURA,147 NORTH BRENT STREET,VENTURA,CA,93003,VENTURA,(805) 652-5011,Acute Care Hospitals,Government - Federal,1.0,,,,1,1,0
050396,SANTA BARBARA COTTAGE HOSPITAL,400 WEST PUEBLO,SANTA BARBARA,CA,93105,SANTA BARBARA,(805) 682-7111,Acute Care Hospitals,Voluntary Non-Profit - Private,1.0,,,,1,1,0
050397,COALINGA REGIONAL MEDICAL CENTER,1191 PHELPS AVENUE,COALINGA,CA,93210,FRESNO,5599356400,Acute Care Hospitals,Government - Hospital District or Authority,1.0,,,,1,0,0
05039F,NH Twentynine Palms,1145 Sturgis Rd,Twentynine Palms,CA,92278,SAN BERNARDINO,(760) 830-2190,,,,,,,0,1,0
050407,CHINESE HOSPITAL,845 JACKSON ST,SAN FRANCISCO,CA,94133,SAN FRANCISCO,(415) 982-2400,Acute Care Hospitals,Voluntary Non-Profit - Other,1.0,,,,1,1,0
050411,KAISER FOUNDATION HOSPITAL - SOUTH BAY,25825 SOUTH VERMONT AVENUE,HARBOR CITY,CA,90710,LOS ANGELES,(310) 325-5111,Acute Care Hospitals,Voluntary Non-Profit - Other,1.0,,,,1,1,0
050414,MERCY HOSPITAL OF FOLSOM,1650 CREEKSIDE DRIVE,FOLSOM,CA,95630,SACRAMENTO,(916) 983-7400,Acute Care Hospitals,Voluntary Non-Profit - Private,1.0,,,,1,1,0
050417,SUTTER COAST HOSPITAL,800 E WASHINGTON BLVD,CRESCENT CITY,CA,95531,DEL NORTE,(707) 464-8511,Acute Care Hospitals,Government - Hospital District or Authority,1.0,,,,1,1,0
05041F,Weed ACH (FT Irwin),390 N Loop Rd,Fort Irwin,CA,92310,SAN BERNARDINO,(866) 957-9224,,,,,,,0,1,0
050423,PALO VERDE HOSPITAL,250 NORTH FIRST STREET,BLYTHE,CA,92225,RIVERSIDE,7609224115,Acute Care Hospitals,Government - Hospital District or Authority,1.0,,,,1,0,0
050424,SCRIPPS GREEN HOSPITAL,10666 NORTH TORREY PINES ROAD,LA JOLLA,CA,92037,SAN DIEGO,(858) 554-3600,Acute Care Hospitals,Voluntary Non-Profit - Private,0.0,,,,1,1,0
050425,KAISER FOUNDATION HOSPITAL - SACRAMENTO,2025 MORSE AVENUE,SACRAMENTO,CA,95825,SACRAMENTO,(916) 973-5000,Acute Care Hospitals,Voluntary Non-Profit - Private,0.0,,,,1,1,0
050426,WEST ANAHEIM MEDICAL CENTER,3033 W ORANGE AVENUE,ANAHEIM,CA,92804,ORANGE,(714) 827-3000,Acute Care Hospitals,Proprietary,1.0,,,,1,1,0
050434,COLUSA REGIONAL MEDICAL CENTER,199 EAST WEBSTER ST,COLUSA,CA,95932,COLUSA,5304585821,Acute Care Hospitals,Voluntary Non-Profit - Other,1.0,,,,1,0,0
050435,FALLBROOK HOSPITAL,624 E ELDER ST,FALLBROOK,CA,92028,SAN DIEGO,7607281191,Acute Care Hospitals,Government - Hospital District or Authority,1.0,,,,1,0,0
050438,HUNTINGTON HOSPITAL,100 W  CALIFORNIA BLVD,PASADENA,CA,91109,LOS ANGELES,(626) 397-5000,Acute Care Hospitals,Voluntary Non-Profit - Private,1.0,,,,1,1,0
050441,STANFORD HEALTH CARE,300 PASTEUR DRIVE,STANFORD,CA,94305,SANTA CLARA,(650) 723-5708,Acute Care Hospitals,Voluntary Non-Profit - Private,1.0,,,,1,1,0
050444,MERCY MEDICAL CENTER,333 MERCY AVENUE,MERCED,CA,95340,MERCED,(209) 564-5000,Acute Care Hospitals,Government - Local,1.0,,,,1,1,0
050448,RIDGECREST REGIONAL HOSPITAL,1081 NORTH CHINA LAKE BLVD,RIDGECREST,CA,93555,KERN,7604463551,Acute Care Hospitals,Voluntary Non-Profit - Private,1.0,,,,1,0,0
050454,UCSF MEDICAL CENTER,"505 PARNASSUS AVE, BOX 0296",SAN FRANCISCO,CA,94143,SAN FRANCISCO,(415) 353-2733,Acute Care Hospitals,Voluntary Non-Profit - Other,1.0,,,,1,1,0
050455,ADVENTIST HEALTH BAKERSFIELD,2615 CHESTER AVENUE,BAKERSFIELD,CA,93301,KERN,(661) 395-3000,Acute Care Hospitals,Voluntary Non-Profit - Church,1.0,,,,1,1,0
050457,UCSF HEALTH ST. MARY'S HOSPITAL,450 STANYAN ST,SAN FRANCISCO,CA,94117,SAN FRANCISCO,(415) 668-1000,Acute Care Hospitals,Voluntary Non-Profit - Private,1.0,,,,1,1,0
050464,DOCTORS MEDICAL CENTER,1441 FLORIDA AVENUE,MODESTO,CA,95350,STANISLAUS,(209) 578-1211,Acute Care Hospitals,Proprietary,1.0,,,,1,1,0
050468,MEMORIAL HOSPITAL OF GARDENA,1145 W REDONDO BEACH BLVD,GARDENA,CA,90247,LOS ANGELES,(310) 532-4200,Acute Care Hospitals,Proprietary,1.0,,,,1,1,0
050471,PIH HEALTH GOOD SAMARITAN HOSPITAL,1225 WILSHIRE BOULEVARD,LOS ANGELES,CA,90017,LOS ANGELES,(213) 977-2121,Acute Care Hospitals,Proprietary,1.0,,,,1,1,0
050481,UCLA WEST VALLEY MEDICAL CENTER,7300 MEDICAL CENTER DR,WEST HILLS,CA,91307,LOS ANGELES,(818) 676-4000,Acute Care Hospitals,Proprietary,1.0,,,,1,1,0
050485,MEMORIALCARE LONG BEACH MEDICAL CENTER,2801 ATLANTIC AVE,LONG BEACH,CA,90806,LOS ANGELES,(562) 933-2000,Acute Care Hospitals,Voluntary Non-Profit - Other,1.0,,,,1,1,0
050488,EDEN MEDICAL CENTER,20103 LAKE CHABOT ROAD,CASTRO VALLEY,CA,94546,ALAMEDA,(510) 537-1234,Acute Care Hospitals,Voluntary Non-Profit - Other,1.0,,,,1,1,0
050492,CLOVIS COMMUNITY MEDICAL CENTER,2755 HERNDON AVE,CLOVIS,CA,93611,FRESNO,(559) 324-4000,Acute Care Hospitals,Voluntary Non-Profit - Private,1.0,,,,1,1,0
050496,JOHN MUIR MEDICAL CENTER - CONCORD CAMPUS,2540 EAST ST,CONCORD,CA,94520,CONTRA COSTA,(925) 682-8200,Acute Care Hospitals,Voluntary Non-Profit - Private,1.0,,,,1,1,0
050498,SUTTER AUBURN FAITH HOSPITAL,11815 EDUCATION STREET,AUBURN,CA,95603,PLACER,(530) 888-4500,Acute Care Hospitals,Voluntary Non-Profit - Other,1.0,,,,1,1,0
050502,SAINT VINCENT MEDICAL CENTER,2131 W 3RD ST,LOS ANGELES,CA,90057,LOS ANGELES,2134847111,Acute Care Hospitals,Voluntary Non-Profit - Church,1.0,,,,1,0,0
050503,SCRIPPS MEMORIAL HOSPITAL - ENCINITAS,354 SANTA FE DRIVE,ENCINITAS,CA,92024,SAN DIEGO,(760) 753-6501,Acute Care Hospitals,Voluntary Non-Profit - Private,1.0,,,,1,1,0
050506,ADVENTIST HEALTH SIERRA VISTA,1010 MURRAY ST,SAN LUIS OBISPO,CA,93405,SAN LUIS OBISPO,(850) 546-7600,Acute Care Hospitals,Proprietary,1.0,,,,1,1,0
050510,KAISER FOUNDATION HOSPITAL,99 MONTECILLO RD,SAN RAFAEL,CA,94903,MARIN,(415) 444-2000,Acute Care Hospitals,Voluntary Non-Profit - Other,1.0,,,,1,1,0
050512,KAISER FOUNDATION HOSPITAL - FREMONT,39400 PASEO PADRE PKWY,FREMONT,CA,94538,ALAMEDA,(510) 784-4000,Acute Care Hospitals,Voluntary Non-Profit - Other,1.0,,,,1,1,0
050515,KAISER FOUNDATION HOSPITAL - SAN DIEGO,4647 ZION AVE,SAN DIEGO,CA,92120,SAN DIEGO,(619) 528-5000,Acute Care Hospitals,Voluntary Non-Profit - Other,0.0,,,,1,1,0
050516,MERCY SAN JUAN MEDICAL CENTER,6501 COYLE AVE,CARMICHAEL,CA,95608,SACRAMENTO,(916) 537-5000,Acute Care Hospitals,Voluntary Non-Profit - Other,1.0,,,,1,1,0
050517,VICTOR VALLEY GLOBAL MEDICAL CENTER,15248 11TH ST,VICTORVILLE,CA,92395,SAN BERNARDINO,(760) 245-8691,Acute Care Hospitals,Voluntary Non-Profit - Other,1.0,,,,1,1,0
050523,SUTTER DELTA MEDICAL CENTER,3901 LONE TREE WAY,ANTIOCH,CA,94509,CONTRA COSTA,(925) 779-7200,Acute Care Hospitals,Voluntary Non-Profit - Private,1.0,,,,1,1,0
050526,HUNTINGTON BEACH HOSPITAL,17772 BEACH BLVD,HUNTINGTON BEACH,CA,92647,ORANGE,(714) 843-5000,Acute Care Hospitals,Proprietary,1.0,,,,1,1,0
050528,MEMORIAL HOSPITAL LOS BANOS,520 WEST I ST,LOS BANOS,CA,93635,MERCED,(209) 826-0591,Acute Care Hospitals,Voluntary Non-Profit - Other,1.0,,,,1,1,0
050531,BELLFLOWER MEDICAL CENTER,9542 E ARTESIA BLVD,BELLFLOWER,CA,90706,LOS ANGELES,5629258355,Acute Care Hospitals,Proprietary,1.0,,,,1,0,0
050534,JOHN F KENNEDY MEMORIAL HOSPITAL,47111 MONROE STREET,INDIO,CA,92201,RIVERSIDE,(760) 347-6191,Acute Care Hospitals,Proprietary,1.0,,,,1,1,0
050537,SUTTER DAVIS HOSPITAL,2000 SUTTER PLACE,DAVIS,CA,95616,YOLO,(530) 757-5108,Acute Care Hospitals,Proprietary,1.0,,,,1,1,0
050541,KAISER FOUNDATION HOSPITAL - REDWOOD CITY,1100 VETERANS BOULEVARD,REDWOOD CITY,CA,94063,SAN MATEO,(650) 299-2000,Acute Care Hospitals,Voluntary Non-Profit - Other,1.0,,,,1,1,0
050543,COLLEGE HOSPITAL COSTA MESA,301 VICTORIA STREET,COSTA MESA,CA,92627,ORANGE,(949) 642-2734,Acute Care Hospitals,Proprietary,0.0,,,,1,1,0
050546,PORTERVILLE DEVELOPMENTAL CENTER,26501 AVENUE 140,PORTERVILLE,CA,93258,TULARE,(559) 782-2222,,,,,,,0,1,0
050547,SONOMA DEVELOPMENTAL CENTER,P O BOX 1493,ELDRIDGE,CA,95431,SONOMA,7079386393,Acute Care Hospitals,Government - Federal,1.0,,,,1,0,0
050549,LOS ROBLES HOSPITAL & MEDICAL CENTER,215 W JANSS RD,THOUSAND OAKS,CA,91360,VENTURA,(805) 497-2727,Acute Care Hospitals,Proprietary,1.0,,,,1,1,0
050551,UCI HEALTH - LOS ALAMITOS,3751 KATELLA AVENUE,LOS ALAMITOS,CA,90720,ORANGE,(562) 799-3220,Acute Care Hospitals,Proprietary,1.0,,,,1,1,0
050552,MOTION PICTURE & TELEVISION HOSPITAL,23388 MULHOLLAND DRIVE,WOODLAND HILLS,CA,91364,LOS ANGELES,8188761888,Acute Care Hospitals,Voluntary Non-Profit - Other,0.0,,,,1,0,0
050557,MEMORIAL MEDICAL CENTER,1700 COFFEE RD,MODESTO,CA,95355,STANISLAUS,(209) 526-4500,Acute Care Hospitals,Voluntary Non-Profit - Other,1.0,,,,1,1,0
050561,KAISER FOUNDATION HOSPITAL - WEST LA,6041 CADILLAC AVE,LOS ANGELES,CA,90034,LOS ANGELES,(213) 857-2201,Acute Care Hospitals,Voluntary Non-Profit - Private,1.0,,,,1,1,0
050567,PROVIDENCE MISSION HOSPITAL,27700 MEDICAL CENTER RD,MISSION VIEJO,CA,92691,ORANGE,(949) 364-1400,Acute Care Hospitals,Proprietary,1.0,,,,1,1,0
050568,MADERA COMMUNITY HOSPITAL,1250 E ALMOND AVE,MADERA,CA,93637,MADERA,5596755555,Acute Care Hospitals,Voluntary Non-Profit - Other,1.0,,,,1,0,0
050570,UCI HEALTH - FOUNTAIN VALLEY,17100 EUCLID STREET,FOUNTAIN VALLEY,CA,92708,ORANGE,(714) 966-7200,Acute Care Hospitals,Proprietary,1.0,,,,1,1,0
050573,EISENHOWER MEDICAL CENTER,39-000 BOB HOPE DRIVE,RANCHO MIRAGE,CA,92270,RIVERSIDE,(760) 340-3911,Acute Care Hospitals,Proprietary,1.0,,,,1,1,0
050575,TRI-CITY REGIONAL MEDICAL CENTER,21530 S PIONEER BLVD,HAWAIIAN GARDENS,CA,90716,LOS ANGELES,5628600401,Acute Care Hospitals,Government - Hospital District or Authority,1.0,,,,1,0,0
050580,LA PALMA INTERCOMMUNITY HOSPITAL,7901 WALKER STREET,LA PALMA,CA,90623,ORANGE,(714) 670-7400,Acute Care Hospitals,Proprietary,1.0,,,,1,1,0
050581,UCI HEALTH-LAKEWOOD,3700 SOUTH ST,LAKEWOOD,CA,90712,LOS ANGELES,(562) 602-6751,Acute Care Hospitals,Proprietary,1.0,,,,1,1,0
050586,CHINO VALLEY MEDICAL CENTER,5451 WALNUT AVE,CHINO,CA,91710,SAN BERNARDINO,(909) 627-6111,Acute Care Hospitals,Proprietary,1.0,,,,1,1,0
050588,SAN DIMAS COMMUNITY HOSPITAL,1350 W COVINA BLVD,SAN DIMAS,CA,91773,LOS ANGELES,(909) 599-6811,Acute Care Hospitals,Proprietary,1.0,,,,1,1,0
050589,UCI HEALTH - PLACENTIA LINDA,1301 N ROSE DRIVE,PLACENTIA,CA,92870,ORANGE,(714) 993-2000,Acute Care Hospitals,Proprietary,1.0,,,,1,1,0
050590,METHODIST HOSPITAL OF SACRAMENTO,7500 HOSPITAL DRIVE,SACRAMENTO,CA,95823,SACRAMENTO,(916) 423-6010,Acute Care Hospitals,Voluntary Non-Profit - Other,1.0,,,,1,1,0
050597,EMANATE HEALTH FOOTHILL PRESBYTERIAN HOSPITAL,250 S GRAND AVE,GLENDORA,CA,91740,LOS ANGELES,(626) 963-8411,Acute Care Hospitals,Voluntary Non-Profit - Private,1.0,,,,1,1,0
050599,UNIVERSITY OF CALIFORNIA DAVIS MEDICAL CENTER,2315 STOCKTON BOULEVARD,SACRAMENTO,CA,95817,SACRAMENTO,(916) 734-2011,Acute Care Hospitals,Voluntary Non-Profit - Other,1.0,,,,1,1,0
050603,MEMORIALCARE SADDLEBACK MEDICAL CENTER,24451 HEALTH CENTER DRIVE,LAGUNA HILLS,CA,92653,ORANGE,(949) 837-4500,Acute Care Hospitals,Voluntary Non-Profit - Private,1.0,,,,1,1,0
050604,KAISER FOUNDATION HOSPITAL-SAN JOSE,250 HOSPITAL PARKWAY,SAN JOSE,CA,95119,SANTA CLARA,(408) 972-7000,Acute Care Hospitals,Voluntary Non-Profit - Private,1.0,,,,1,1,0
050608,ADVENTIST HEALTH DELANO,1401 GARCES HIGHWAY,DELANO,CA,93215,KERN,(661) 725-4800,Acute Care Hospitals,Proprietary,1.0,,,,1,1,0
050609,KAISER FOUNDATION HOSPITAL - ORANGE COUNTY - ANAHEIM,3440 E LA PALMA AVE,ANAHEIM,CA,92806,ORANGE,(714) 279-4000,Acute Care Hospitals,Voluntary Non-Profit - Other,1.0,,,,1,1,0
050616,ST JOHNS PLEASANT VALLEY HOSPITAL,2309 ANTONIO AVE,CAMARILLO,CA,93010,VENTURA,8053895800,Acute Care Hospitals,Voluntary Non-Profit - Church,1.0,,,,1,0,0
050618,BEAR VALLEY COMMUNITY HOSPITAL,41870 GARSTIN DR,BIG BEAR LAKE,CA,92315,SAN BERNARDINO,9098666501,Acute Care Hospitals,Voluntary Non-Profit - Church,1.0,,,,1,0,0
050624,HENRY MAYO NEWHALL  HOSPITAL,23845  MCBEAN PKWY,VALENCIA,CA,91355,LOS ANGELES,(661) 253-8000,Acute Care Hospitals,Voluntary Non-Profit - Private,1.0,,,,1,1,0
050625,CEDARS-SINAI MEDICAL CENTER,8700 BEVERLY BLVD,LOS ANGELES,CA,90048,LOS ANGELES,(310) 423-5000,Acute Care Hospitals,Voluntary Non-Profit - Other,1.0,,,,1,1,0
050633,ADVENTIST HEALTH TWIN CITIES,1100 LAS TABLAS RD,TEMPLETON,CA,93465,SAN LUIS OBISPO,(805) 434-3500,Acute Care Hospitals,Proprietary,1.0,,,,1,1,0
050636,PALOMAR MEDICAL CENTER POWAY,15615 POMERADO ROAD,POWAY,CA,92064,SAN DIEGO,(858) 485-6511,Acute Care Hospitals,Government - Hospital District or Authority,1.0,,,,1,1,0
050641,EAST LOS ANGELES DOCTORS HOSPITAL,4060 WHITTIER BLVD,LOS ANGELES,CA,90023,LOS ANGELES,(323) 268-5514,Acute Care Hospitals,Proprietary,1.0,,,,1,1,0
050644,LOS ANGELES METROPOLITAN MEDICAL CTR,2231 S WESTERN AVE,LOS ANGELES,CA,90018,LOS ANGELES,3237307300,Acute Care Hospitals,Proprietary,0.0,,,,1,0,0
050660,USC KENNETH NORRIS JR CANCER HOSPITAL,1441 EASTLAKE AVE,LOS ANGELES,CA,90089,LOS ANGELES,3238653000,Acute Care Hospitals,Voluntary Non-Profit - Other,0.0,,,,1,0,0
050663,LOS ANGELES COMMUNITY HOSPITAL,4081 E OLYMPIC BLVD,LOS ANGELES,CA,90023,LOS ANGELES,(323) 267-0477,Acute Care Hospitals,Proprietary,1.0,,,,1,1,0
050668,LAGUNA HONDA HOSPITAL & REHABILITATION CENTER,375 LAGUNA HONDA BLVD,SAN FRANCISCO,CA,94116,SAN FRANCISCO,(415) 759-2300,Acute Care Hospitals,Government - Local,1.0,,,,1,1,0
050674,KAISER FOUNDATION HOSP SO SACRAMENTO,6600 BRUCEVILLE ROAD,SACRAMENTO,CA,95823,SACRAMENTO,(916) 688-2000,Acute Care Hospitals,Voluntary Non-Profit - Other,1.0,,,,1,1,0
050677,KAISER FOUNDATION HOSPITAL - WOODLAND HILLS,5601 DE SOTO AVENUE,WOODLAND HILLS,CA,91367,LOS ANGELES,(818) 719-3800,Acute Care Hospitals,Voluntary Non-Profit - Private,1.0,,,,1,1,0
050678,MEMORIALCARE ORANGE COAST MEDICAL CENTER,9920 TALBERT AVENUE,FOUNTAIN VALLEY,CA,92708,ORANGE,(714) 378-7000,Acute Care Hospitals,Voluntary Non-Profit - Private,1.0,,,,1,1,0
050684,MENIFEE GLOBAL MEDICAL CENTER,28400 MCCALL BOULEVARD,SUN CITY,CA,92585,RIVERSIDE,(951) 679-8888,Acute Care Hospitals,Government - Hospital District or Authority,1.0,,,,1,1,0
050686,"KAISER FOUNDATION HOSPITAL, RIVERSIDE",10800 MAGNOLIA AVENUE,RIVERSIDE,CA,92505,RIVERSIDE,(951) 353-2000,Acute Care Hospitals,Government - Hospital District or Authority,1.0,,,,1,1,0
050688,SAINT LOUISE REGIONAL HOSPITAL,9400 NO NAME UNO,GILROY,CA,95020,SANTA CLARA,4088482000,Acute Care Hospitals,Voluntary Non-Profit - Church,1.0,,,,1,0,0
050689,SAN RAMON REGIONAL MEDICAL CENTER,6001 NORRIS CANYON ROAD,SAN RAMON,CA,94583,CONTRA COSTA,(925) 275-9200,Acute Care Hospitals,Proprietary,1.0,,,,1,1,0
050690,KAISER FOUNDATION HOSPITAL-SANTA ROSA,401 BICENTENNIAL WAY,SANTA ROSA,CA,95403,SONOMA,(707) 571-4000,Acute Care Hospitals,Voluntary Non-Profit - Other,1.0,,,,1,1,0
050696,KECK HOSPITAL OF USC,1500 SAN PABLO STREET,LOS ANGELES,CA,90033,LOS ANGELES,(323) 442-8656,Acute Care Hospitals,Voluntary Non-Profit - Other,0.0,,,,1,1,0
050697,PATIENTS' HOSPITAL OF REDDING,2900 EUREKA WAY,REDDING,CA,96001,SHASTA,(530) 225-8700,Acute Care Hospitals,Proprietary,0.0,,,,1,1,0
050701,SOUTHWEST HEALTHCARE RANCHO SPRINGS HOSPITAL,25500 MEDICAL CENTER DRIVE,MURRIETA,CA,92562,RIVERSIDE,(951) 696-6000,Acute Care Hospitals,Proprietary,1.0,,,,1,1,0
050704,MISSION COMMUNITY HOSPITAL,14850 ROSCOE BLVD,PANORAMA CITY,CA,91402,LOS ANGELES,(818) 904-3100,Acute Care Hospitals,Voluntary Non-Profit - Private,1.0,,,,1,1,0
050708,FRESNO SURGICAL HOSPITAL,6125 NORTH FRESNO ST,FRESNO,CA,93710,FRESNO,(559) 431-8000,Acute Care Hospitals,Voluntary Non-Profit - Private,0.0,,,,1,1,0
050709,DESERT VALLEY HOSPITAL,16850 BEAR VALLEY RD,VICTORVILLE,CA,92395,SAN BERNARDINO,(760) 241-8000,Acute Care Hospitals,Proprietary,1.0,,,,1,1,0
050710,KAISER FOUNDATION HOSPITAL - FRESNO,7300 NORTH FRESNO ST,FRESNO,CA,93720,FRESNO,(559) 448-4500,Acute Care Hospitals,Voluntary Non-Profit - Private,1.0,,,,1,1,0
050714,SUTTER MATERNITY & SURGERY CENTER OF SANTA CRUZ,2900 CHANTICLEER AVENUE,SANTA CRUZ,CA,95065,SANTA CRUZ,(831) 477-2200,Acute Care Hospitals,Voluntary Non-Profit - Private,0.0,,,,1,1,0
050717,LAC/RANCHO LOS AMIGOS NATIONAL REHABILITATION  CTR,7601 EAST IMPERIAL HIGHWAY,DOWNEY,CA,90242,LOS ANGELES,(562) 401-7022,Acute Care Hospitals,Government - Local,0.0,,,,1,1,0
050723,KAISER FOUNDATION HOSPITAL - BALDWIN PARK,1011 BALDWIN PARK BLVD,BALDWIN PARK,CA,91706,LOS ANGELES,(626) 851-1011,Acute Care Hospitals,Voluntary Non-Profit - Other,1.0,,,,1,1,0
050724,BAKERSFIELD HEART HOSPITAL,3001 SILLECT AVENUE,BAKERSFIELD,CA,93308,KERN,6613166000,Acute Care Hospitals,Proprietary,1.0,,,,1,0,0
050726,STANISLAUS SURGICAL HOSPITAL,1421 OAKDALE ROAD,MODESTO,CA,95355,STANISLAUS,(209) 572-2700,Acute Care Hospitals,Proprietary,0.0,,,,1,1,0
050727,COMMUNITY HOSPITAL OF LONG BEACH,1720 TERMINO AVENUE,LONG BEACH,CA,90804,LOS ANGELES,5624940600,Acute Care Hospitals,Voluntary Non-Profit - Private,1.0,,,,1,0,0
050732,FRESNO HEART AND SURGICAL HOSPITAL,15 EAST AUDUBON DRIVE,FRESNO,CA,93720,FRESNO,5594338000,Acute Care Hospitals,Voluntary Non-Profit - Private,0.0,,,,1,0,0
050735,WHITTIER HOSPITAL MEDICAL CENTER,9080 COLIMA RD,WHITTIER,CA,90605,LOS ANGELES,(562) 945-3561,Acute Care Hospitals,Proprietary,1.0,,,,1,1,0
050736,MONTEREY PARK HOSPITAL,900 S ATLANTIC BLVD,MONTEREY PARK,CA,91754,LOS ANGELES,(626) 570-9000,Acute Care Hospitals,Proprietary,1.0,,,,1,1,0
050737,GARFIELD MEDICAL CENTER,525 N GARFIELD AVE,MONTEREY PARK,CA,91754,LOS ANGELES,(626) 573-2222,Acute Care Hospitals,Proprietary,1.0,,,,1,1,0
050738,GREATER EL MONTE COMMUNITY HOSPITAL,1701 SANTA ANITA AVE,SOUTH EL MONTE,CA,91733,LOS ANGELES,(626) 350-7975,Acute Care Hospitals,Voluntary Non-Profit - Private,0.0,,,,1,1,0
050739,CENTINELA HOSPITAL MEDICAL CENTER,555 EAST HARDY STREET,INGLEWOOD,CA,90301,LOS ANGELES,(310) 673-4660,Acute Care Hospitals,Proprietary,1.0,,,,1,1,0
050740,CEDAR-SINAI MARINA DEL REY HOSPITAL,4650 LINCOLN BLVD,MARINA DEL REY,CA,90292,LOS ANGELES,(310) 823-8911,Acute Care Hospitals,Proprietary,1.0,,,,1,1,0
050742,OLYMPIA MEDICAL CENTER,5900 WEST OLYMPIC BOULEVARD,LOS ANGELES,CA,90036,LOS ANGELES,3106575900,Acute Care Hospitals,Proprietary,1.0,,,,1,0,0
050744,ANAHEIM GLOBAL MEDICAL CENTER,1025 S ANAHEIM BLVD,ANAHEIM,CA,92805,ORANGE,(714) 533-6220,Acute Care Hospitals,Proprietary,1.0,,,,1,1,0
050745,CHAPMAN GLOBAL MEDICAL CENTER,2601 E CHAPMAN AVE,ORANGE,CA,92869,ORANGE,(714) 633-0011,Acute Care Hospitals,Proprietary,1.0,,,,1,1,0
050746,ORANGE COUNTY GLOBAL MEDICAL CENTER,1001 NORTH TUSTIN AVENUE,SANTA ANA,CA,92705,ORANGE,(714) 953-3500,Acute Care Hospitals,Proprietary,1.0,,,,1,1,0
050747,COASTAL COMMUNITIES HOSPITAL,2701 S BRISTOL ST,SANTA ANA,CA,92704,ORANGE,(714) 754-5454,Acute Care Hospitals,Proprietary,1.0,,,,1,1,0
050748,KAISER FOUNDATION HOSPITAL MANTECA,1777 WEST YOSEMITE AVE,MANTECA,CA,95337,SAN JOAQUIN,(209) 825-3700,Acute Care Hospitals,Voluntary Non-Profit - Private,1.0,,,,1,1,0
050749,THOUSAND OAKS SURGICAL HOSPITAL,401 ROLLING OAKS DR,THOUSAND OAKS,CA,91361,VENTURA,8057777750,Acute Care Hospitals,Proprietary,0.0,,,,1,0,0
050751,MIRACLE MILE MEDICAL CENTER,6000 SAN VICENTE BLVD,LOS ANGELES,CA,90036,LOS ANGELES,3239301040,Acute Care Hospitals,Proprietary,0.0,,,,1,0,0
050752,BROTMAN MEDICAL CENTER,3828 DELMAS TERRACE,CULVER CITY,CA,90231,LOS ANGELES,3108367000,Acute Care Hospitals,Proprietary,1.0,,,,1,0,0
050754,MENLO PARK SURGICAL HOSPITAL,570 WILLOW ROAD,MENLO PARK,CA,94025,SAN MATEO,6503248500,Acute Care Hospitals,Voluntary Non-Profit - Private,0.0,,,,1,0,0
050755,SHERMAN OAKS HOSPITAL,4929 VAN NUYS BLVD,SHERMAN OAKS,CA,91403,LOS ANGELES,(818) 981-7111,Acute Care Hospitals,Proprietary,1.0,,,,1,1,0
050757,ALVARADO HOSPITAL MEDICAL CENTER,6655 ALVARADO ROAD,SAN DIEGO,CA,92120,SAN DIEGO,6192293172,Acute Care Hospitals,Proprietary,1.0,,,,1,0,0
050758,MONTCLAIR HOSPITAL MEDICAL CENTER,5000 SAN BERNARDINO ROAD,MONTCLAIR,CA,91763,SAN BERNARDINO,(909) 625-8300,Acute Care Hospitals,Voluntary Non-Profit - Private,1.0,,,,1,1,0
050760,KAISER FOUNDATION HOSPITAL - ANTIOCH,4501 SAND CREEK ROAD,ANTIOCH,CA,94531,CONTRA COSTA,(925) 813-6500,Acute Care Hospitals,Voluntary Non-Profit - Private,1.0,,,,1,1,0
050761,PROVIDENCE CEDARS SINAI TARZANA MEDICAL CENTER,18321 CLARK STREET,TARZANA,CA,91356,LOS ANGELES,(818) 881-0800,Acute Care Hospitals,Voluntary Non-Profit - Private,1.0,,,,1,1,0
050763,L A DOWNTOWN MEDICAL CENTER,1711 WEST TEMPLE STREET,LOS ANGELES,CA,90026,LOS ANGELES,(213) 989-6123,Acute Care Hospitals,Proprietary,0.0,,,,1,1,0
050764,SHASTA REGIONAL MEDICAL CENTER,1100 BUTTE ST,REDDING,CA,96001,SHASTA,(530) 244-5454,Acute Care Hospitals,Voluntary Non-Profit - Private,1.0,,,,1,1,0
050765,KAISER FOUNDATION HOSPITAL-MORENO VALLEY,27300 IRIS AVENUE,MORENO VALLEY,CA,92555,RIVERSIDE,(951) 251-6530,Acute Care Hospitals,Voluntary Non-Profit - Other,1.0,,,,1,1,0
050766,SUTTER SURGICAL HOSPITAL - NORTH VALLEY,455 PLUMAS BLVD,YUBA CITY,CA,95991,SUTTER,(530) 749-5700,Acute Care Hospitals,Proprietary,1.0,,,,1,1,0
050767,KAISER FOUNDATION HOSPITAL - VACAVILLE,1 QUALITY DRIVE,VACAVILLE,CA,95688,SOLANO,(707) 624-4000,Acute Care Hospitals,Proprietary,1.0,,,,1,1,0
050768,ANAHEIM GENERAL HOSPITAL,3350 W BALL ROAD,ANAHEIM,CA,92804,ORANGE,7148276700,Acute Care Hospitals,Proprietary,1.0,,,,1,0,0
050769,HOAG ORTHOPEDIC INSTITUTE,16250 SAND CANYON AVENUE,IRVINE,CA,92618,ORANGE,(949) 727-5000,Acute Care Hospitals,Proprietary,0.0,,,,1,1,0
050770,LOMA LINDA UNIVERSITY MEDICAL CENTER-MURRIETA,28062 BAXTER ROAD,MURRIETA,CA,92563,RIVERSIDE,(951) 290-4000,Acute Care Hospitals,Proprietary,0.0,,,,1,1,0
050771,COAST PLAZA HOSPITAL,13100 STUDERBAKER ROAD,NORWALK,CA,90650,LOS ANGELES,(562) 868-3751,Acute Care Hospitals,Proprietary,1.0,,,,1,1,0
050772,KAISER FOUNDATION HOSPITAL - ROSEVILLE,1600 EUREKA ROAD,ROSEVILLE,CA,95661,PLACER,(916) 784-4000,Acute Care Hospitals,Voluntary Non-Profit - Private,1.0,,,,1,1,0
050775,TEMECULA VALLEY HOSPITAL,31700 TEMECULA PKWY,TEMECULA,CA,92592,RIVERSIDE,(951) 331-2200,,,,,,,0,1,0
050776,COLLEGE MEDICAL CENTER,2776 PACIFIC AVENUE,LONG BEACH,CA,90806,LOS ANGELES,(562) 595-1911,,,,,,,0,1,0
050777,KAISER FOUNDATION HOSPITAL - SAN LEANDRO,2500 MERCED STREET,SAN LEANDRO,CA,94577,ALAMEDA,(510) 454-1000,,,,,,,0,1,0
050778,LOMA LINDA UNIVERSITY CHILDREN'S HOSPITAL,11234 ANDERSON STREET SUITE A,LOMA LINDA,CA,92354,SAN BERNARDINO,(909) 558-8000,,,,,,,0,1,0
050779,"MARTIN LUTHER KING, JR. COMMUNITY HOSPITAL",1680 EAST 120TH STREET,LOS ANGELES,CA,90059,LOS ANGELES,(424) 835-6808,,,,,,,0,1,0
050780,FOOTHILL REGIONAL MEDICAL CENTER,14662 NEWPORT AVE,TUSTIN,CA,92780,ORANGE,(714) 619-7700,,,,,,,0,1,0
050782,CASA COLINA HOSPITAL,255 E BONITA AVE,POMONA,CA,91767,LOS ANGELES,(909) 596-7733,,,,,,,0,1,0
050783,COLUSA MEDICAL CENTER,199 E WEBSTER STREET,COLUSA,CA,95932,COLUSA,(530) 619-0800,,,,,,,0,1,0
050784,ADVENTIST HEALTH TULARE,869 NORTH CHERRY STREET,TULARE,CA,93274,TULARE,(559) 688-0821,,,,,,,0,1,0
050785,DOCS SURGICAL HOSPITAL,6000 SAN VICENTE BLVD,LOS ANGELES,CA,90036,LOS ANGELES,(323) 930-1040,,,,,,,0,1,0
050854,"ANAHEIM COMMUNITY HOSPITAL, LLC",3350 W BALL RD,ANAHEIM,CA,92804,ORANGE,(248) 905-5091,,,,,,,0,1,0
050855,KAISER FOUNDATION HOSPITAL - SAN MARCOS,360 RUSH DR,SAN MARCOS,CA,92078,SAN DIEGO,(760) 528-6295,,,,,,,0,1,0
05114F,VA SAN DIEGO HEALTHCARE SYSTEM,3350 LA JOLLA VILLAGE DRIVE,SAN DIEGO,CA,92161,SAN DIEGO,(858) 552-8585,ACUTE CARE - VETERANS ADMINISTRATION,Government - Federal,1.0,,,,1,1,0
05127F,LOMA LINDA VA MEDICAL CENTER,11201 BENTON STREET,LOMA LINDA,CA,92357,SAN BERNARDINO,(909) 825-7084,ACUTE CARE - VETERANS ADMINISTRATION,Government - Federal,1.0,,,,1,1,0
05128F,VA GREATER LOS ANGELES HEALTHCARE SYSTEM,11301 WILSHIRE BLVD.,LOS ANGELES,CA,90073,LOS ANGELES,(310) 478-3711,ACUTE CARE - VETERANS ADMINISTRATION,Government - Federal,1.0,,,,1,1,0
051300,EASTERN PLUMAS HOSPITAL - PORTOLA CAMPUS,500 FIRST AVENUE,PORTOLA,CA,96122,PLUMAS,(530) 832-6500,Critical Access Hospitals,Government - Hospital District or Authority,1.0,,,,1,1,0
051301,ADVENTIST HEALTH TEHACHAPI VALLEY,1100 MAGELLAN,TEHACHAPI,CA,93561,KERN,(661) 868-6800,Critical Access Hospitals,Government - Hospital District or Authority,1.0,,,,1,1,0
051302,SOUTHERN INYO HOSPITAL,501 EAST LOCUST STREET,LONE PINE,CA,93545,INYO,(760) 876-5501,Critical Access Hospitals,Government - Hospital District or Authority,1.0,,,,1,1,0
051303,MAMMOTH HOSPITAL,85 SIERRA PARK ROAD PO BOX 660,MAMMOTH LAKES,CA,93546,MONO,(760) 934-3311,Critical Access Hospitals,Government - Hospital District or Authority,1.0,,,,1,1,0
051304,JOHN C FREMONT HEALTHCARE DISTRICT,5189 HOSPITAL ROAD,MARIPOSA,CA,95338,MARIPOSA,(209) 966-3631,Critical Access Hospitals,Government - Hospital District or Authority,1.0,,,,1,1,0
051305,MAYERS MEMORIAL HOSPITAL,43563 HWY 299 EAST,FALL RIVER MILLS,CA,96028,SHASTA,(530) 336-5511,Critical Access Hospitals,Government - Hospital District or Authority,1.0,,,,1,1,0
051306,GLENN MEDICAL CENTER,1133 W SYCAMORE ST,WILLOWS,CA,95988,GLENN,(530) 934-1818,Critical Access Hospitals,Voluntary Non-Profit - Private,1.0,,,,1,1,0
051307,CATALINA ISLAND MEDICAL CENTER,100 FALLS CANYON ROAD,AVALON,CA,90704,LOS ANGELES,(310) 510-0700,Critical Access Hospitals,Voluntary Non-Profit - Private,1.0,,,,1,1,0
051308,SURPRISE VALLEY COMMUNITY HOSPITAL,741 NORTH MAIN STREET,CEDARVILLE,CA,96104,MODOC,(530) 279-6111,Critical Access Hospitals,Government - Hospital District or Authority,1.0,,,,1,1,0
051309,JEROLD PHELPS COMMUNITY HOSPITAL,733 CEDAR ST,GARBERVILLE,CA,95542,HUMBOLDT,(707) 923-3921,,,,,,,0,1,0
05130F,SAN FRANCISCO VA MEDICAL CENTER,4150 CLEMENT STREET,SAN FRANCISCO,CA,94121,SAN FRANCISCO,(415) 221-4810,ACUTE CARE - VETERANS ADMINISTRATION,Government - Federal,1.0,,,,1,1,0
051310,ADVENTIST HEALTH HOWARD MEMORIAL,1 MARCELA DR,WILLITS,CA,95490,MENDOCINO,(707) 456-3031,Critical Access Hospitals,Voluntary Non-Profit - Church,1.0,,,,1,1,0
051311,ORCHARD HOSPITAL,240 SPRUCE STREET,GRIDLEY,CA,95948,BUTTE,(530) 846-5671,Critical Access Hospitals,Voluntary Non-Profit - Private,1.0,,,,1,1,0
051312,MOUNTAINS COMMUNITY HOSPITAL,29101 HOSPITAL ROAD,LAKE ARROWHEAD,CA,92352,SAN BERNARDINO,(909) 336-3651,Critical Access Hospitals,Government - Hospital District or Authority,1.0,,,,1,1,0
051314,KERN VALLEY HEALTHCARE DISTRICT,6412 LAUREL AVE,LAKE ISABELLA,CA,93240,KERN,(760) 379-2681,Critical Access Hospitals,Government - Hospital District or Authority,1.0,,,,1,1,0
051315,TRINITY HOSPITAL,60 EASTER AVENUE,WEAVERVILLE,CA,96093,TRINITY,(530) 623-5541,Critical Access Hospitals,Government - Local,1.0,,,,1,1,0
051316,FAIRCHILD MEDICAL CENTER,444 BRUCE STREET,YREKA,CA,96097,SISKIYOU,(530) 842-4121,Critical Access Hospitals,Voluntary Non-Profit - Other,1.0,,,,1,1,0
051317,ADVENTIST HEALTH CLEARLAKE,15630 18TH AVE - HWY 53,CLEARLAKE,CA,95422,LAKE,(707) 994-6486,Critical Access Hospitals,Voluntary Non-Profit - Private,0.0,,,,1,1,0
051318,PROVIDENCE REDWOOD MEMORIAL HOSPITAL,3300 RENNER DRIVE,FORTUNA,CA,95540,HUMBOLDT,(707) 445-8121,Critical Access Hospitals,Voluntary Non-Profit - Private,1.0,,,,1,1,0
051319,MERCY MEDICAL CENTER OF MT SHASTA,914 PINE STREET,MOUNT SHASTA,CA,96067,SISKIYOU,(530) 926-6111,Critical Access Hospitals,Voluntary Non-Profit - Other,1.0,,,,1,1,0
051320,BANNER LASSEN MEDICAL CENTER,1800 SPRING RIDGE DRIVE,SUSANVILLE,CA,96130,LASSEN,(530) 252-2000,Critical Access Hospitals,Voluntary Non-Profit - Private,1.0,,,,1,1,0
051321,HEALDSBURG HOSPITAL,1375 UNIVERSITY AVENUE,HEALDSBURG,CA,95448,SONOMA,(707) 431-6500,Critical Access Hospitals,Government - Hospital District or Authority,1.0,,,,1,1,0
051323,COLORADO RIVER MEDICAL CENTER,1401 BAILEY AVE,NEEDLES,CA,92363,SAN BERNARDINO,(760) 326-7162,,,,,,,0,1,0
051324,NORTHERN INYO HOSPITAL,150 PIONEER LANE,BISHOP,CA,93514,INYO,(760) 873-5811,Critical Access Hospitals,Government - Hospital District or Authority,1.0,,,,1,1,0
051325,ADVENTIST HEALTH MENDOCINO COAST,700 RIVER DRIVE,FORT BRAGG,CA,95437,MENDOCINO,(707) 961-1234,Critical Access Hospitals,Government - Hospital District or Authority,1.0,,,,1,1,0
051326,PLUMAS DISTRICT HOSPITAL,1065 BUCKS LAKE ROAD,QUINCY,CA,95971,PLUMAS,(530) 283-2121,,,,,,,0,1,0
051327,SENECA DISTRICT HOSPITAL,130 BRENTWOOD DRIVE,CHESTER,CA,96020,PLUMAS,(530) 258-2151,Critical Access Hospitals,Government - Hospital District or Authority,1.0,,,,1,1,0
051328,TAHOE FOREST HOSPITAL,10121 PINE AVE,TRUCKEE,CA,96161,NEVADA,(530) 587-6011,Critical Access Hospitals,Government - Hospital District or Authority,0.0,,,,1,1,0
051329,SUTTER LAKESIDE HOSPITAL,5176 HILL ROAD EAST,LAKEPORT,CA,95453,LAKE,(707) 262-5000,Critical Access Hospitals,Voluntary Non-Profit - Other,1.0,,,,1,1,0
051330,MODOC MEDICAL CENTER,1111 N NAGLE STREET,ALTURAS,CA,96101,MODOC,(530) 233-5131,,,,,,,0,1,0
051331,SANTA YNEZ VALLEY COTTAGE HOSPITAL,2050 VIBORG RD,SOLVANG,CA,93463,SANTA BARBARA,(805) 688-6431,Critical Access Hospitals,Voluntary Non-Profit - Private,1.0,,,,1,1,0
051332,MARK TWAIN MEDICAL CENTER,768 MOUNTAIN RANCH RD,SAN ANDREAS,CA,95249,CALAVERAS,(209) 754-3521,Critical Access Hospitals,Voluntary Non-Profit - Other,1.0,,,,1,1,0
051333,RIDGECREST REGIONAL HOSPITAL,1081 NORTH CHINA LAKE BLVD,RIDGECREST,CA,93555,KERN,(760) 446-3551,,,,,,,0,1,0
051334,COMMUNITY MEMORIAL HOSPITAL - OJAI,1306 MARICOPA HWY,OJAI,CA,93023,VENTURA,(805) 646-1401,,,,,,,0,1,0
051335,BEAR VALLEY COMMUNITY HOSPITAL,41870 GARSTIN DR,BIG BEAR LAKE,CA,92315,SAN BERNARDINO,(909) 866-6501,,,,,,,0,1,0
051336,SOUTHERN MONTEREY COUNTY MEMORIAL HOSPITAL,300 CANAL STREET,KING CITY,CA,93930,MONTEREY,(831) 385-6000,,,,,,,0,1,0
051337,HAZEL HAWKINS MEMORIAL HOSPITAL,911 SUNSET DRIVE,HOLLISTER,CA,95032,SANTA CLARA,(831) 637-5711,,,,,,,0,1,0
051338,COALINGA REGIONAL MEDICAL CENTER,1191 PHELPS AVENUE,COALINGA,CA,93210,FRESNO,(559) 821-6202,,,,,,,0,1,0
051339,PALO VERDE HOSPITAL,250 NORTH FIRST STREET,BLYTHE,CA,92225,RIVERSIDE,(760) 922-4115,,,,,,,0,1,0
053300,VALLEY CHILDREN'S HOSPITAL,9300 VALLEY CHILDRENS PLACE,MADERA,CA,93636,MADERA,(559) 353-5116,,,,,,,0,1,0
053301,UCSF BENIOFF CHILDREN'S HOSPITAL OAKLAND,747 52ND STREET,OAKLAND,CA,94609,ALAMEDA,(510) 428-3000,,,,,,,0,1,0
053302,CHILDREN'S HOSP OF LOS ANGELES,"4650 SUNSET BLVD, MS 108",LOS ANGELES,CA,90027,LOS ANGELES,(323) 669-2164,Childrens,Voluntary Non-Profit - Other,1.0,,,,1,1,0
053303,RADY CHILDREN'S HOSPITAL - SAN DIEGO,3020 CHILDRENS WAY,SAN DIEGO,CA,92123,SAN DIEGO,(858) 576-1700,,,,,,,0,1,0
053304,CHILDREN'S HOSPITAL OF ORANGE COUNTY,1201 W LA VETA AVE,ORANGE,CA,92868,ORANGE,(714) 997-3000,,,,,,,0,1,0
053305,LUCILE SALTER PACKARD CHILDREN'S HSP AT STANFORD,725 WELCH ROAD,PALO ALTO,CA,94304,SANTA CLARA,(650) 497-8000,Childrens,Voluntary Non-Profit - Private,1.0,,,,1,1,0
053306,CHILDREN'S HOSPITAL AT MISSION,"27700 MEDICAL CENTER RD, 5TH FLOOR",MISSION VIEJO,CA,92691,ORANGE,(949) 365-2408,,,,,,,0,1,0
053308,HEALTHBRIDGE CHILDREN'S HOSPITAL - ORANGE,393 S TUSTIN STREET,ORANGE,CA,92866,ORANGE,(714) 289-2400,,,,,,,0,1,0
053309,MEMORIAL CARE MILLER CHILDREN'S &  WOMEN'S HOSP LB,2801 ATLANTIC AVENUE,LONG BEACH,CA,90806,LOS ANGELES,(562) 933-8001,Childrens,Voluntary Non-Profit - Other,1.0,,,,1,1,0
053311,SHRINERS HOSPITALS FOR CHILDREN NORTHERN CALIF,2425 STOCKTON BOULEVARD,SACRAMENTO,CA,95817,SACRAMENTO,(916) 453-2000,,,,,,,0,1,0
060001,BANNER NORTH COLORADO MEDICAL CENTER,1801 16TH ST,GREELEY,CO,80631,WELD,(970) 810-4121,Acute Care Hospitals,Voluntary Non-Profit - Private,1.0,,,,1,1,0
060003,LONGMONT UNITED HOSPITAL,1950 MOUNTAIN VIEW AVE,LONGMONT,CO,80501,BOULDER,(303) 651-5111,Acute Care Hospitals,Voluntary Non-Profit - Other,0.0,,,,1,1,0
060004,INTERMOUNTAIN HEALTH PLATTE VALLEY HOSPITAL,1600 PRAIRIE CENTER PKWY,BRIGHTON,CO,80601,ADAMS,(303) 498-1600,Acute Care Hospitals,Voluntary Non-Profit - Private,1.0,,,,1,1,0
060006,MONTROSE REGIONAL HEALTH,800 S 3RD ST,MONTROSE,CO,81401,MONTROSE,(970) 249-2211,Acute Care Hospitals,Government - Local,1.0,,,,1,1,0
060008,SAN LUIS VALLEY REGIONAL  MEDICAL CENTER,106 BLANCA AVE,ALAMOSA,CO,81101,ALAMOSA,(719) 587-1202,Acute Care Hospitals,Voluntary Non-Profit - Private,1.0,,,,1,1,0
060009,LUTHERAN MEDICAL CENTER,8300 W 38TH AVE,WHEAT RIDGE,CO,80033,JEFFERSON,(303) 425-4500,Acute Care Hospitals,Voluntary Non-Profit - Private,1.0,,,,1,1,0
060010,POUDRE VALLEY HOSPITAL,1024 S LEMAY AVE,FORT COLLINS,CO,80524,LARIMER,(970) 495-7000,Acute Care Hospitals,Voluntary Non-Profit - Private,1.0,,,,1,1,0
060011,DENVER HEALTH & HOSPITAL AUTHORITY,777 BANNOCK ST,DENVER,CO,80204,DENVER,(303) 436-4927,Acute Care Hospitals,Government - State,1.0,,,,1,1,0
060012,ST MARY-CORWIN HOSPITAL,1008 MINNEQUA AVE,PUEBLO,CO,81004,PUEBLO,(719) 557-4000,Acute Care Hospitals,Voluntary Non-Profit - Church,1.0,,,,1,1,0
060013,MERCY REGIONAL MEDICAL CENTER,1010 THREE SPRINGS BLVD,DURANGO,CO,81301,LA PLATA,(970) 247-4311,Acute Care Hospitals,Voluntary Non-Profit - Church,1.0,,,,1,1,0
060014,HCA HEALTHONE PRESBYTERIAN ST LUKES,1719 E 19TH AVE,DENVER,CO,80218,DENVER,(303) 839-6000,Acute Care Hospitals,Government - State,1.0,,,,1,1,0
060015,CENTURA HEALTH-ST ANTHONY HOSPITAL,11600 W 2ND PL,LAKEWOOD,CO,80228,JEFFERSON,(720) 321-0000,Acute Care Hospitals,Voluntary Non-Profit - Church,1.0,,,,1,1,0
060016,CENTURA HEALTH-ST THOMAS MORE HOSPITAL,1338 PHAY AVE,CANON CITY,CO,81212,FREMONT,7192852000,Acute Care Hospitals,Voluntary Non-Profit - Church,1.0,,,,1,0,0
060020,"PARKVIEW MEDICAL CENTER, INC",400 W 16TH ST,PUEBLO,CO,81003,PUEBLO,(719) 584-4000,Acute Care Hospitals,Voluntary Non-Profit - Private,1.0,,,,1,1,0
060022,UCH-MEMORIAL HEALTH SYSTEM,1400 E BOULDER ST,COLORADO SPRINGS,CO,80909,EL PASO,(719) 365-5000,Acute Care Hospitals,Government - Local,1.0,,,,1,1,0
060023,INTERMOUNTAIN HEALTH ST. MARY'S REGIONAL HOSPITAL,2635 N 7TH ST,GRAND JUNCTION,CO,81501,MESA,(970) 298-2260,Acute Care Hospitals,Voluntary Non-Profit - Church,1.0,,,,1,1,0
060024,UNIVERSITY OF COLORADO HOSPITAL AUTHORITY,12605 E 16TH AVE,AURORA,CO,80045,ADAMS,(720) 848-0000,Acute Care Hospitals,Government - Hospital District or Authority,1.0,,,,1,1,0
060027,BOULDER COMMUNITY HEALTH,4747 ARAPAHOE AVENUE,BOULDER,CO,80304,BOULDER,(303) 440-2273,Acute Care Hospitals,Voluntary Non-Profit - Private,1.0,,,,1,1,0
060028,SAINT JOSEPH HOSPITAL,1375 E 19TH AVE,DENVER,CO,80218,DENVER,(303) 812-2000,Acute Care Hospitals,Voluntary Non-Profit - Private,1.0,,,,1,1,0
060030,BANNER MCKEE MEDICAL CENTER,2000 BOISE AVE,LOVELAND,CO,80538,LARIMER,(970) 820-4640,Acute Care Hospitals,Voluntary Non-Profit - Private,1.0,,,,1,1,0
060031,CENTURA HEALTH-PENROSE ST FRANCIS HEALTH SERVICES,2222 N NEVADA AVE,COLORADO SPRINGS,CO,80907,EL PASO,(719) 776-5000,Acute Care Hospitals,Voluntary Non-Profit - Private,1.0,,,,1,1,0
060032,HCA HEALTHONE ROSE,4567 E 9TH AVE,DENVER,CO,80220,DENVER,(303) 320-2121,Acute Care Hospitals,Proprietary,1.0,,,,1,1,0
060034,HCA-HEALTHONE DBA SWEDISH MEDICAL CENTER,501 E HAMPDEN AVE,ENGLEWOOD,CO,80113,ARAPAHOE,(303) 788-5000,Acute Care Hospitals,Proprietary,1.0,,,,1,1,0
060036,ARKANSAS VALLEY REGIONAL MEDICAL CENTER,1100 CARSON AVENUE,LA JUNTA,CO,81050,OTERO,7193836000,Acute Care Hospitals,Voluntary Non-Profit - Private,1.0,,,,1,0,0
06003F,Evans ACH (FT Carson),Fort Carson MEDDAC 1650 Cochrane Cir,Fort Carson,CO,80913,EL PASO,(719) 526-7000,,,,,,,0,1,0
060043,KEEFE MEMORIAL HOSPITAL,602 N 6TH W ST,CHEYENNE WELLS,CO,80810,CHEYENNE,7197675661,Acute Care Hospitals,Government - Local,1.0,,,,1,0,0
060044,ST ELIZABETH HOSPITAL,1000 LINCOLN ST,FORT MORGAN,CO,80701,MORGAN,(970) 867-3391,Acute Care Hospitals,Voluntary Non-Profit - Other,1.0,,,,1,1,0
060049,UCHEALTH YAMPA VALLEY MEDICAL CENTER,1024 CENTRAL PARK DR,STEAMBOAT SPRINGS,CO,80487,ROUTT,(970) 879-1322,Acute Care Hospitals,Voluntary Non-Profit - Private,1.0,,,,1,1,0
060054,COMMUNITY HOSPITAL,2351 'G' RD,GRAND JUNCTION,CO,81505,MESA,(970) 644-3011,Acute Care Hospitals,Voluntary Non-Profit - Private,1.0,,,,1,1,0
06005F,VA EASTERN COLORADO HEALTHCARE SYSTEM,1700 NORTH WHEELING STREET,AURORA,CO,80045,ADAMS,(303) 399-8020,ACUTE CARE - VETERANS ADMINISTRATION,Government - Federal,1.0,,,,1,1,0
060064,AdventHealth Porter,2525 S DOWNING ST,DENVER,CO,80210,DENVER,(303) 778-1955,Acute Care Hospitals,Voluntary Non-Profit - Church,1.0,,,,1,1,0
060065,HCA HEALTHONE MOUNTAIN RIDGE,9191 GRANT ST,THORNTON,CO,80229,ADAMS,(303) 451-7800,Acute Care Hospitals,Voluntary Non-Profit - Private,0.0,,,,1,1,0
060071,DELTA COUNTY MEMORIAL HOSPITAL,1501 E 3RD ST,DELTA,CO,81416,DELTA,(970) 874-7681,Acute Care Hospitals,Government - Hospital District or Authority,1.0,,,,1,1,0
060075,VALLEY VIEW HOSPITAL ASSOCIATION,1906 BLAKE AVE,GLENWOOD SPRINGS,CO,81601,GARFIELD,(970) 945-6535,Acute Care Hospitals,Voluntary Non-Profit - Private,1.0,,,,1,1,0
060076,STERLING REGIONAL MEDCENTER,615 FAIRHURST ST,STERLING,CO,80751,LOGAN,(970) 522-0122,Acute Care Hospitals,Voluntary Non-Profit - Other,1.0,,,,1,1,0
06007F,GRAND JUNCTION VA MEDICAL CENTER,2121 N. AVENUE,GRAND JUNCTION,CO,81501,MESA,(970) 244-1329,ACUTE CARE - VETERANS ADMINISTRATION,Government - Federal,1.0,,,,1,1,0
060096,VAIL HEALTH HOSPITAL,181 W MEADOW DR,VAIL,CO,81657,EAGLE,(970) 476-2451,Acute Care Hospitals,Voluntary Non-Profit - Other,1.0,,,,1,1,0
060100,THE MEDICAL CENTER OF AURORA & SOUTH HOSPITAL,1501 S POTOMAC ST,AURORA,CO,80012,ARAPAHOE,(303) 873-5511,Acute Care Hospitals,Proprietary,1.0,,,,1,1,0
060103,ADVENTHEALTH AVISTA,100 HEALTH PARK DR,LOUISVILLE,CO,80027,BOULDER,(303) 673-1000,Acute Care Hospitals,Voluntary Non-Profit - Church,1.0,,,,1,1,0
060104,CENTURA HEALTH-ST ANTHONY NORTH HEALTH CAMPUS,14300 ORCHARD PKWY,WESTMINSTER,CO,80023,BROOMFIELD,(720) 627-0000,Acute Care Hospitals,Voluntary Non-Profit - Church,1.0,,,,1,1,0
060107,NATIONAL JEWISH HEALTH,1400 JACKSON ST,DENVER,CO,80206,DENVER,(303) 388-4461,Acute Care Hospitals,Voluntary Non-Profit - Private,0.0,,,,1,1,0
060112,SKY RIDGE MEDICAL CENTER,10101 RIDGEGATE PKWY,LONE TREE,CO,80124,DOUGLAS,(720) 225-1000,Acute Care Hospitals,Proprietary,1.0,,,,1,1,0
060113,AdventHealth Littleton,7700 S BROADWAY,LITTLETON,CO,80122,ARAPAHOE,(303) 730-8900,Acute Care Hospitals,Voluntary Non-Profit - Church,1.0,,,,1,1,0
060114,AdventHealth Parker,9395 CROWN CREST BLVD,PARKER,CO,80138,DOUGLAS,(303) 269-4000,Acute Care Hospitals,Voluntary Non-Profit - Private,1.0,,,,1,1,0
060116,GOOD SAMARITAN MEDICAL CENTER LLC,200 EXEMPLA CIR,LAFAYETTE,CO,80026,BOULDER,(303) 689-4000,Acute Care Hospitals,Voluntary Non-Profit - Private,1.0,,,,1,1,0
060117,"ANIMAS SURGICAL HOSPITAL, LLC","575 RIVERGATE LN, UNIT 100",DURANGO,CO,81301,LA PLATA,(970) 247-3537,Acute Care Hospitals,Proprietary,1.0,,,,1,1,0
060118,ST ANTHONY SUMMIT MEDICAL CENTER,340 PEAK ONE DRIVE,FRISCO,CO,80443,SUMMIT,(970) 668-3300,Acute Care Hospitals,Voluntary Non-Profit - Church,1.0,,,,1,1,0
060119,MEDICAL CENTER OF THE ROCKIES,2500 ROCKY MOUNTAIN AVE,LOVELAND,CO,80538,LARIMER,(970) 624-2500,Acute Care Hospitals,Voluntary Non-Profit - Private,1.0,,,,1,1,0
060124,ORTHOCOLORADO HOSP AT ST ANTHONY MED CAMPUS,11650 W 2ND PL,LAKEWOOD,CO,80228,JEFFERSON,(720) 321-5000,Acute Care Hospitals,Proprietary,1.0,,,,1,1,0
060125,ADVENTHEALTH CASTLE ROCK,2350 MEADOWS BLVD,CASTLE ROCK,CO,80109,DOUGLAS,(720) 455-5000,,,,,,,0,1,0
060126,BANNER FORT COLLINS MEDICAL CENTER,4700 LADY MOON DR,FORT COLLINS,CO,80528,LARIMER,(970) 821-4000,,,,,,,0,1,0
060128,LONGS PEAK HOSPITAL,1750 E KEN PRATT BLVD,LONGMONT,CO,80504,BOULDER,(720) 718-3005,,,,,,,0,1,0
060129,UCHEALTH BROOMFIELD HOSPITAL,11820 DESTINATION DR,BROOMFIELD,CO,80021,JEFFERSON,(303) 464-4500,,,,,,,0,1,0
060130,UCHEALTH GRANDVIEW HOSPITAL,5623 PULPIT PEAK VW,COLORADO SPRINGS,CO,80918,EL PASO,(719) 365-3300,,,,,,,0,1,0
060131,UCHEALTH GREELEY HOSPITAL,6767 W 29TH ST,GREELEY,CO,80634,WELD,(970) 652-2000,,,,,,,0,1,0
060132,UCHEALTH HIGHLANDS RANCH HOSPITAL,1500 PARK CENTRAL DR,HIGHLANDS RANCH,CO,80129,DOUGLAS,(720) 516-1000,,,,,,,0,1,0
060133,ST FRANCIS HOSPITAL - INTERQUEST,10860 NEW ALLEGIANCE DR,COLORADO SPRINGS,CO,80921,EL PASO,(719) 757-7000,,,,,,,0,1,0
061300,WEISBROD MEMORIAL COUNTY HOSPITAL,1208 LUTHER ST,EADS,CO,81036,KIOWA,(719) 438-5401,,,,,,,0,1,0
061301,RIO GRANDE HOSPITAL,310 COUNTY RD 14,DEL NORTE,CO,81132,RIO GRANDE,(719) 657-2510,Critical Access Hospitals,Voluntary Non-Profit - Private,1.0,,,,1,1,0
061302,FAMILY HEALTH WEST HOSPITAL,300 W OTTLEY AVE,FRUITA,CO,81521,MESA,(970) 858-9871,Critical Access Hospitals,Voluntary Non-Profit - Private,1.0,,,,1,1,0
061303,EAST MORGAN COUNTY HOSPITAL,2400 W EDISON ST,BRUSH,CO,80723,MORGAN,(970) 842-6222,Critical Access Hospitals,Government - Hospital District or Authority,1.0,,,,1,1,0
061304,HAXTUN HOSPITAL DISTRICT,235 W FLETCHER ST,HAXTUN,CO,80731,PHILLIPS,(970) 774-6123,,,,,,,0,1,0
061305,MELISSA MEMORIAL HOSPITAL,1001 E JOHNSON ST,HOLYOKE,CO,80734,PHILLIPS,(970) 854-2241,Critical Access Hospitals,Government - Hospital District or Authority,1.0,,,,1,1,0
061306,LINCOLN HEALTH HOSPITAL,111 6TH ST,HUGO,CO,80821,LINCOLN,(719) 743-2421,,,,,,,0,1,0
061307,RANGELY DISTRICT HOSPITAL,225 EAGLE CREST ST,RANGELY,CO,81648,RIO BLANCO,(970) 675-5011,Critical Access Hospitals,Government - Hospital District or Authority,1.0,,,,1,1,0
061308,SAN LUIS VALLEY HEALTH CONEJOS COUNTY HOSPITAL,19021 US HIGHWAY 285,LA JARA,CO,81140,CONEJOS,(719) 274-5121,,,,,,,0,1,0
061309,WRAY COMMUNITY DISTRICT HOSPITAL,1017 W 7TH ST,WRAY,CO,80758,YUMA,(970) 332-4811,Critical Access Hospitals,Government - Hospital District or Authority,1.0,,,,1,1,0
061310,SEDGWICK COUNTY MEMORIAL HOSPITAL,900 CEDAR ST,JULESBURG,CO,80737,SEDGWICK,(970) 474-3323,Critical Access Hospitals,Government - Local,0.0,,,,1,1,0
061311,SOUTHEAST COLORADO HOSPITAL DISTRICT,373 E TENTH AVE,SPRINGFIELD,CO,81073,BACA,(719) 523-4501,Critical Access Hospitals,Government - Hospital District or Authority,1.0,,,,1,1,0
061312,ESTES PARK MEDICAL CENTER,555 PROSPECT AVE,ESTES PARK,CO,80517,LARIMER,(970) 577-4470,Critical Access Hospitals,Government - Hospital District or Authority,1.0,,,,1,1,0
061313,KIT CARSON COUNTY MEMORIAL HOSPITAL,286 16TH ST,BURLINGTON,CO,80807,KIT CARSON,(719) 346-4824,Critical Access Hospitals,Government - Hospital District or Authority,1.0,,,,1,1,0
061314,"MEMORIAL HOSPITAL, THE",750 HOSPITAL LOOP,CRAIG,CO,81625,MOFFAT,(970) 824-9411,Critical Access Hospitals,Government - Local,0.0,,,,1,1,0
061315,YUMA DISTRICT HOSPITAL,1000 W 8TH AVE,YUMA,CO,80759,YUMA,(970) 848-5405,Critical Access Hospitals,Government - Hospital District or Authority,1.0,,,,1,1,0
061316,SPANISH PEAKS REGIONAL HEALTH CENTER,23500 US HIGHWAY 160,WALSENBURG,CO,81089,HUERFANO,(719) 738-5100,Critical Access Hospitals,Government - Hospital District or Authority,1.0,,,,1,1,0
061317,GRAND RIVER HOSPITAL DISTRICT,501 AIRPORT RD,RIFLE,CO,81650,GARFIELD,(970) 625-1510,Critical Access Hospitals,Government - Hospital District or Authority,1.0,,,,1,1,0
061318,MIDDLE PARK MEDICAL CENTER,214 S 4TH ST,KREMMLING,CO,80459,GRAND,(970) 724-3442,,,,,,,0,1,0
061319,ST VINCENT GENERAL HOSPITAL DISTRICT,816 W 4TH ST,LEADVILLE,CO,80461,LAKE,(719) 486-0230,Critical Access Hospitals,Government - Local,1.0,,,,1,1,0
061320,GUNNISON VALLEY HOSPITAL,711 N TAYLOR ST,GUNNISON,CO,81230,GUNNISON,(970) 641-1456,Critical Access Hospitals,Government - Local,1.0,,,,1,1,0
061321,MT SAN RAFAEL HOSPITAL,410 BENEDICTA AVE,TRINIDAD,CO,81082,LAS ANIMAS,(719) 846-9213,Critical Access Hospitals,Voluntary Non-Profit - Private,0.0,,,,1,1,0
061322,HEART OF THE ROCKIES REGIONAL MEDICAL CENTER,1000 RUSH DR,SALIDA,CO,81201,CHAFFEE,(719) 530-2200,Critical Access Hospitals,Government - Hospital District or Authority,1.0,,,,1,1,0
061323,PROWERS MEDICAL CENTER,401 KENDALL DR,LAMAR,CO,81052,PROWERS,(719) 336-4343,Critical Access Hospitals,Government - Hospital District or Authority,1.0,,,,1,1,0
061324,ASPEN VALLEY HOSPITAL,401 CASTLE CREEK RD,ASPEN,CO,81611,PITKIN,(970) 544-1261,Critical Access Hospitals,Government - Hospital District or Authority,1.0,,,,1,1,0
061325,EASTERN RIO BLANCO COUNTY HEALTH SERVICE DISTRICT,100 PIONEERS MEDICAL CENTER DR,MEEKER,CO,81641,RIO BLANCO,(970) 878-5047,Critical Access Hospitals,Government - Hospital District or Authority,1.0,,,,1,1,0
061326,UCHEALTH PIKES PEAK REGIONAL HOSPITAL,16420 W US HIGHWAY 24,WOODLAND PARK,CO,80863,TELLER,(719) 374-6060,Critical Access Hospitals,Voluntary Non-Profit - Private,1.0,,,,1,1,0
061327,SOUTHWEST MEMORIAL HOSPITAL,1311 N MILDRED RD,CORTEZ,CO,81321,MONTEZUMA,(970) 565-6666,Critical Access Hospitals,Voluntary Non-Profit - Private,1.0,,,,1,1,0
061328,PAGOSA SPRINGS MEDICAL CENTER,95 S PAGOSA BLVD,PAGOSA SPRINGS,CO,81147,ARCHULETA,(970) 731-3700,Critical Access Hospitals,Government - Hospital District or Authority,1.0,,,,1,1,0
061336,ARKANSAS VALLEY REGIONAL MEDICAL CENTER,1100 CARSON AVENUE,LAJUNA,CO,81050,OTERO,(719) 363-1428,,,,,,,0,1,0
061343,KEEFE MEMORIAL HOSPITAL,602 N 6TH ST W,CHEYENNE WELLS,CO,80810,CHEYENNE,(719) 767-5661,,,,,,,0,1,0
061344,ST THOMAS MORE HOSPITAL,1338 PHAY AVE,CANON CITY,CO,81212,FREMONT,(719) 285-2000,,,,,,,0,1,0
063301,CHILDREN'S HOSPITAL COLORADO,13123 E 16TH AVE,AURORA,CO,80045,ADAMS,(720) 777-1234,Childrens,Voluntary Non-Profit - Private,0.0,,,,1,1,0
063303,CHILDREN'S HOSPITAL COLORADO - COLORADO SPRINGS,4090 BRIARGATE PKWY,COLORADO SPRINGS,CO,80920,EL PASO,(719) 305-9590,,,,,,,0,1,0
070001,HOSPITAL OF ST RAPHAEL,1450 CHAPEL ST,NEW HAVEN,CT,06511,NEW HAVEN,2037893000,Acute Care Hospitals,Voluntary Non-Profit - Other,1.0,,,,1,0,0
070002,ST FRANCIS HOSPITAL & MEDICAL CENTER,114 WOODLAND STREET & 500 BLUE HILLS AVENUE,HARTFORD,CT,06105,HARTFORD,(860) 714-5541,Acute Care Hospitals,Voluntary Non-Profit - Church,1.0,,,,1,1,0
070003,DAY KIMBALL HOSPITAL,320 POMFRET STREET,PUTNAM,CT,06260,WINDHAM,(860) 928-6541,Acute Care Hospitals,Voluntary Non-Profit - Private,1.0,,,,1,1,0
070004,SHARON HOSPITAL,50 HOSPITAL HILL ROAD,SHARON,CT,06069,LITCHFIELD,(860) 364-4228,Acute Care Hospitals,Proprietary,1.0,,,,1,1,0
070005,WATERBURY HOSPITAL,64 ROBBINS ST,WATERBURY,CT,06721,NEW HAVEN,(203) 573-6000,Acute Care Hospitals,Voluntary Non-Profit - Private,1.0,,,,1,1,0
070006,STAMFORD HOSPITAL,ONE HOSPITAL PLAZA,STAMFORD,CT,06904,FAIRFIELD,(203) 276-1000,Acute Care Hospitals,Voluntary Non-Profit - Private,1.0,,,,1,1,0
070007,LAWRENCE & MEMORIAL HOSPITAL,365 MONTAUK AVE,NEW LONDON,CT,06320,NEW LONDON,(860) 442-0711,Acute Care Hospitals,Voluntary Non-Profit - Private,1.0,,,,1,1,0
070008,JOHNSON MEMORIAL HOSPITAL,201 CHESTNUT HILL ROAD,STAFFORD SPRINGS,CT,06076,TOLLAND,(860) 684-4251,Acute Care Hospitals,Voluntary Non-Profit - Private,1.0,,,,1,1,0
070010,BRIDGEPORT HOSPITAL,267 GRANT STREET,BRIDGEPORT,CT,06610,FAIRFIELD,(203) 384-3000,Acute Care Hospitals,Voluntary Non-Profit - Private,1.0,,,,1,1,0
070011,CHARLOTTE HUNGERFORD HOSPITAL,540 LITCHFIELD ST,TORRINGTON,CT,06790,LITCHFIELD,(860) 496-6666,Acute Care Hospitals,Voluntary Non-Profit - Private,1.0,,,,1,1,0
070012,ROCKVILLE GENERAL HOSPITAL,31 UNION ST,VERNON,CT,06066,TOLLAND,(860) 872-5160,Acute Care Hospitals,Voluntary Non-Profit - Other,1.0,,,,1,1,0
070015,NEW MILFORD HOSPITAL,21 ELM ST,NEW MILFORD,CT,06776,LITCHFIELD,8603552611,Acute Care Hospitals,Voluntary Non-Profit - Private,1.0,,,,1,0,0
070016,SAINT MARY'S HOSPITAL,56 FRANKLIN STREET,WATERBURY,CT,06706,NEW HAVEN,(203) 709-6020,Acute Care Hospitals,Voluntary Non-Profit - Other,1.0,,,,1,1,0
070017,MIDSTATE MEDICAL CENTER,435 LEWIS AVENUE,MERIDEN,CT,06450,NEW HAVEN,(203) 694-8200,Acute Care Hospitals,Voluntary Non-Profit - Private,1.0,,,,1,1,0
070018,GREENWICH HOSPITAL ASSOCIATION -,5 PERRYRIDGE RD,GREENWICH,CT,06830,FAIRFIELD,(203) 863-3000,Acute Care Hospitals,Voluntary Non-Profit - Private,1.0,,,,1,1,0
070019,"MILFORD HOSPITAL, INC",300 SEASIDE AVENUE,MILFORD,CT,06460,NEW HAVEN,2038764000,Acute Care Hospitals,Voluntary Non-Profit - Private,1.0,,,,1,0,0
070020,MIDDLESEX HOSPITAL,28 CRESCENT ST,MIDDLETOWN,CT,06457,MIDDLESEX,(860) 344-6000,Acute Care Hospitals,Voluntary Non-Profit - Private,1.0,,,,1,1,0
070021,WINDHAM COMMUNITY MEMORIAL HOSPITAL,112 MANSFIELD AVENUE,WILLIMANTIC,CT,06226,WINDHAM,(860) 456-9116,Acute Care Hospitals,Voluntary Non-Profit - Private,1.0,,,,1,1,0
070022,YALE-NEW HAVEN HOSPITAL,20 YORK ST,NEW HAVEN,CT,06504,NEW HAVEN,(203) 688-4242,Acute Care Hospitals,Voluntary Non-Profit - Private,1.0,,,,1,1,0
070024,WILLIAM W BACKUS HOSPITAL,326 WASHINGTON ST,NORWICH,CT,06360,NEW LONDON,(860) 889-8331,Acute Care Hospitals,Voluntary Non-Profit - Other,1.0,,,,1,1,0
070025,HARTFORD HOSPITAL,80 SEYMOUR STREET,HARTFORD,CT,06102,HARTFORD,(860) 545-5000,Acute Care Hospitals,Voluntary Non-Profit - Private,1.0,,,,1,1,0
070027,MANCHESTER MEMORIAL HOSPITAL,71 HAYNES ST,MANCHESTER,CT,06040,HARTFORD,(860) 647-4780,Acute Care Hospitals,Voluntary Non-Profit - Private,1.0,,,,1,1,0
070028,ST VINCENT'S MEDICAL CENTER,2800 MAIN ST,BRIDGEPORT,CT,06606,FAIRFIELD,(203) 576-5551,Acute Care Hospitals,Voluntary Non-Profit - Church,1.0,,,,1,1,0
070029,BRISTOL HOSPITAL,41 BREWSTER RD,BRISTOL,CT,06010,HARTFORD,(860) 585-3000,Acute Care Hospitals,Voluntary Non-Profit - Private,1.0,,,,1,1,0
070031,GRIFFIN HOSPITAL,130 DIVISION ST,DERBY,CT,06418,NEW HAVEN,(203) 732-7500,Acute Care Hospitals,Voluntary Non-Profit - Other,1.0,,,,1,1,0
070033,DANBURY HOSPITAL,24 HOSPITAL AVE,DANBURY,CT,06810,FAIRFIELD,(203) 739-7000,Acute Care Hospitals,Voluntary Non-Profit - Private,1.0,,,,1,1,0
070034,NORWALK HOSPITAL,24 STEVENS STREET,NORWALK,CT,06856,FAIRFIELD,(203) 852-2000,Acute Care Hospitals,Voluntary Non-Profit - Private,1.0,,,,1,1,0
070035,THE HOSPITAL OF CENTRAL CONNECTICUT,100 GRAND STREET,NEW BRITAIN,CT,06050,HARTFORD,(860) 224-5011,Acute Care Hospitals,Voluntary Non-Profit - Other,1.0,,,,1,1,0
070036,JOHN DEMPSEY HOSPITAL OF THE UNIVERSITY OF CONNECT,263 FARMINGTON AVE,FARMINGTON,CT,06032,HARTFORD,(860) 679-1145,Acute Care Hospitals,Government - Local,1.0,,,,1,1,0
070038,THE CONNECTICUT HOSPICE INC.,100 DOUBLE BEACH ROAD,BRANFORD,CT,06405,NEW HAVEN,(203) 315-7500,,,,,,,0,1,0
070039,MASONIC HOME AND HOSPITAL,22 MASONIC AVE,WALLINGFORD,CT,06492,NEW HAVEN,2036795900,Acute Care Hospitals,Voluntary Non-Profit - Private,0.0,,,,1,0,0
07003F,WEST HAVEN VA MEDICAL CENTER,950 CAMPBELL AVENUE,WEST HAVEN,CT,06516,NEW HAVEN,(203) 932-5711,ACUTE CARE - VETERANS ADMINISTRATION,Government - Federal,1.0,,,,1,1,0
070040,HEBREW HOME AND HOSPITAL INC,1 ABRAHMS BOULEVARD,WEST HARTFORD,CT,06117,HARTFORD,8605233800,Acute Care Hospitals,Voluntary Non-Profit - Private,0.0,,,,1,0,0
073300,CONNECTICUT CHILDRENS MEDICAL CENTER,282 WASHINGTON STREET,HARTFORD,CT,06106,HARTFORD,(860) 545-9000,Childrens,Voluntary Non-Profit - Private,1.0,,,,1,1,0
080001,CHRISTIANA HOSPITAL,4755 OGLETOWN-STANTON ROAD,NEWARK,DE,19718,NEW CASTLE,(302) 733-3609,Acute Care Hospitals,Voluntary Non-Profit - Private,1.0,,,,1,1,0
080003,ST FRANCIS HOSPITAL,7TH AND CLAYTON STS,WILMINGTON,DE,19805,NEW CASTLE,(302) 421-4100,Acute Care Hospitals,Voluntary Non-Profit - Private,1.0,,,,1,1,0
080004,"BAYHEALTH MEDICAL CENTER, KENT CAMPUS",640 S STATE STREET,DOVER,DE,19901,KENT,(302) 744-7001,Acute Care Hospitals,Voluntary Non-Profit - Other,1.0,,,,1,1,0
080006,"TIDALHEALTH NANTICOKE, INC.",801 MIDDLEFORD RD,SEAFORD,DE,19973,SUSSEX,(302) 629-6611,Acute Care Hospitals,Voluntary Non-Profit - Private,1.0,,,,1,1,0
080007,BEEBE MEDICAL CENTER,424 SAVANNAH RD,LEWES,DE,19958,SUSSEX,(302) 645-3300,Acute Care Hospitals,Voluntary Non-Profit - Private,1.0,,,,1,1,0
080009,"BAYHEALTH HOSPITAL, SUSSEX CAMPUS",100 WELLNESS WAY,MILFORD,DE,19963,SUSSEX,(302) 422-3311,Acute Care Hospitals,Proprietary,1.0,,,,1,1,0
08002F,WILMINGTON VA MEDICAL CENTER,1601 KIRKWOOD HIGHWAY,WILMINGTON,DE,19805,NEW CASTLE,(302) 994-2511,ACUTE CARE - VETERANS ADMINISTRATION,Government - Federal,1.0,,,,1,1,0
083300,"NEMOURS CHILDREN'S HOSPITAL, DELAWARE",1600 ROCKLAND RD PO BOX 269,WILMINGTON,DE,19899,NEW CASTLE,(302) 651-4000,,,,,,,0,1,0
090001,GEORGE WASHINGTON UNIV HOSPITAL,900 23RD ST NW,WASHINGTON,DC,20037,THE DISTRICT,(202) 716-4605,Acute Care Hospitals,Voluntary Non-Profit - Other,1.0,,,,1,1,0
090003,HOWARD UNIVERSITY HOSPITAL CORP,2041 GEORGIA AVE NW,WASHINGTON,DC,20060,THE DISTRICT,(202) 745-6100,Acute Care Hospitals,Voluntary Non-Profit - Other,1.0,,,,1,1,0
090004,MEDSTAR GEORGETOWN UNIVERSITY HOSPITAL,3800 RESERVOIR RD,WASHINGTON,DC,20007,THE DISTRICT,(202) 784-3000,Acute Care Hospitals,Government - Hospital District or Authority,1.0,,,,1,1,0
090005,SIBLEY MEMORIAL HOSPITAL,5255 LOUGHBORO RD NW,WASHINGTON,DC,20016,THE DISTRICT,(202) 537-4680,Acute Care Hospitals,Voluntary Non-Profit - Other,1.0,,,,1,1,0
090006,PROVIDENCE HOSPITAL,1150 VARNUM ST NE,WASHINGTON,DC,20017,DISTRICT OF COLUMBIA,2022697000,Acute Care Hospitals,Voluntary Non-Profit - Private,1.0,,,,1,0,0
090008,UNITED MEDICAL CENTER,1310 SOUTHERN AVENUE  SE,WASHINGTON,DC,20032,THE DISTRICT,(202) 574-6000,Acute Care Hospitals,Proprietary,1.0,,,,1,1,0
090011,MEDSTAR WASHINGTON HOSPITAL CENTER,110 IRVING STREET NW,WASHINGTON,DC,20010,THE DISTRICT,(202) 877-7000,Acute Care Hospitals,Voluntary Non-Profit - Other,1.0,,,,1,1,0
09002F,WASHINGTON DC VA MEDICAL CENTER,50 IRVING STREET N.W.,WASHINGTON,DC,20422,THE DISTRICT,(202) 745-8000,ACUTE CARE - VETERANS ADMINISTRATION,Government - Federal,1.0,,,,1,1,0
093300,CHILDREN'S NATIONAL HOSPITAL,"111 MICHIGAN AVE, NW",WASHINGTON,DC,20010,THE DISTRICT,(202) 476-5000,Childrens,Voluntary Non-Profit - Private,1.0,,,,1,1,0
100001,SHANDS JACKSONVILLE,655 W 8TH ST,JACKSONVILLE,FL,32209,DUVAL,(904) 244-4000,Acute Care Hospitals,Voluntary Non-Profit - Private,1.0,,,,1,1,0
100002,BETHESDA HOSPITAL EAST,2815 S SEACREST BLVD,BOYNTON BEACH,FL,33435,PALM BEACH,(561) 737-7733,Acute Care Hospitals,Voluntary Non-Profit - Private,1.0,,,,1,1,0
100006,ORLANDO HEALTH,52 W UNDERWOOD ST,ORLANDO,FL,32806,ORANGE,(321) 841-5111,Acute Care Hospitals,Voluntary Non-Profit - Private,1.0,,,,1,1,0
100007,ADVENTHEALTH ORLANDO,601 E ROLLINS ST,ORLANDO,FL,32803,ORANGE,(407) 303-1976,Acute Care Hospitals,Voluntary Non-Profit - Private,1.0,,,,1,1,0
100008,BAPTIST HOSPITAL OF MIAMI,8900 N KENDALL DR,MIAMI,FL,33176,MIAMI-DADE,(786) 596-1960,Acute Care Hospitals,Voluntary Non-Profit - Private,1.0,,,,1,1,0
100009,UNIVERSITY OF MIAMI HOSPITAL,1400 NW 12TH AVE,MIAMI,FL,33136,MIAMI-DADE,3053255511,Acute Care Hospitals,Voluntary Non-Profit - Private,1.0,,,,1,0,0
100012,LEE MEMORIAL HOSPITAL,2776 CLEVELAND AVE,FORT MYERS,FL,33901,LEE,(239) 343-5000,Acute Care Hospitals,Government - Hospital District or Authority,1.0,,,,1,1,0
100014,ADVENTHEALTH NEW SMYRNA BEACH,401 PALMETTO ST,NEW SMYRNA BEACH,FL,32170,VOLUSIA,(386) 424-5100,Acute Care Hospitals,Voluntary Non-Profit - Private,1.0,,,,1,1,0
100017,HALIFAX HEALTH MEDICAL CENTER,303 N CLYDE MORRIS BLVD,DAYTONA BEACH,FL,32114,VOLUSIA,(386) 254-4000,Acute Care Hospitals,Government - Hospital District or Authority,1.0,,,,1,1,0
100018,NAPLES COMMUNITY HOSPITAL,350 7TH ST N,NAPLES,FL,34102,COLLIER,(239) 624-5000,Acute Care Hospitals,Voluntary Non-Profit - Private,1.0,,,,1,1,0
100019,HOLMES REGIONAL MEDICAL CENTER,1350 S HICKORY ST,MELBOURNE,FL,32901,BREVARD,(321) 434-7000,Acute Care Hospitals,Voluntary Non-Profit - Private,1.0,,,,1,1,0
100022,JACKSON HEALTH SYSTEM,1611 NW 12TH AVE,MIAMI,FL,33136,MIAMI-DADE,(305) 585-1111,Acute Care Hospitals,Government - Hospital District or Authority,1.0,,,,1,1,0
100023,HCA FLORIDA CITRUS HOSPITAL,502 W HIGHLAND BLVD,INVERNESS,FL,34452,CITRUS,(352) 726-1551,Acute Care Hospitals,Government - Hospital District or Authority,1.0,,,,1,1,0
100025,SACRED HEART HOSPITAL,5151 N 9TH AVE,PENSACOLA,FL,32504,ESCAMBIA,(850) 416-7000,Acute Care Hospitals,Voluntary Non-Profit - Other,1.0,,,,1,1,0
100026,ASCENSION SACRED HEART BAY,615 N BONITA AVE,PANAMA CITY,FL,32401,BAY,(850) 769-1511,Acute Care Hospitals,Government - Hospital District or Authority,1.0,,,,1,1,0
100028,PARRISH MEDICAL CENTER,951 N WASHINGTON AVE,TITUSVILLE,FL,32796,BREVARD,(321) 268-6111,Acute Care Hospitals,Government - Hospital District or Authority,1.0,,,,1,1,0
100029,NORTH SHORE MEDICAL CENTER,1100 NW 95TH ST,MIAMI,FL,33150,MIAMI-DADE,(305) 835-6000,Acute Care Hospitals,Proprietary,1.0,,,,1,1,0
100030,ORLANDO HEALTH-HEALTH CENTRAL HOSPITAL,10000 W COLONIAL DR,OCOEE,FL,34761,ORANGE,(407) 296-1000,Acute Care Hospitals,Government - State,1.0,,,,1,1,0
100032,ORLANDO HEALTH BAYFRONT HOSPITAL,701 6TH ST S,SAINT PETERSBURG,FL,33701,PINELLAS,(727) 823-1234,Acute Care Hospitals,Voluntary Non-Profit - Private,1.0,,,,1,1,0
100034,"MOUNT SINAI MEDICAL CENTER OF FLORIDA, INC",4300 ALTON RD,MIAMI BEACH,FL,33140,MIAMI-DADE,(305) 674-2121,Acute Care Hospitals,Proprietary,1.0,,,,1,1,0
100035,MANATEE MEMORIAL HOSPITAL,206 2ND ST E,BRADENTON,FL,34208,MANATEE,(941) 746-5111,Acute Care Hospitals,Voluntary Non-Profit - Private,1.0,,,,1,1,0
100038,MEMORIAL REGIONAL HOSPITAL,3501 JOHNSON ST,HOLLYWOOD,FL,33021,BROWARD,(954) 987-2000,Acute Care Hospitals,Government - Hospital District or Authority,1.0,,,,1,1,0
100039,BROWARD HEALTH MEDICAL CENTER,1600 S ANDREWS AVE,FORT LAUDERDALE,FL,33316,BROWARD,(954) 355-4400,Acute Care Hospitals,Government - Hospital District or Authority,1.0,,,,1,1,0
100040,ASCENSION ST VINCENT'S RIVERSIDE,1 SHIRCLIFF WAY,JACKSONVILLE,FL,32204,DUVAL,(904) 308-7300,Acute Care Hospitals,Voluntary Non-Profit - Church,1.0,,,,1,1,0
100043,MEASE DUNEDIN HOSPITAL,601 MAIN ST,DUNEDIN,FL,34698,PINELLAS,(727) 733-1111,Acute Care Hospitals,Voluntary Non-Profit - Private,1.0,,,,1,1,0
100044,CLEVELAND CLINIC MARTIN NORTH HOSPITAL,200 SE HOSPITAL AVE,STUART,FL,34994,MARTIN,(772) 287-5200,Acute Care Hospitals,Voluntary Non-Profit - Private,1.0,,,,1,1,0
100045,ADVENTHEALTH DELAND,701 W PLYMOUTH AVE,DELAND,FL,32720,VOLUSIA,(386) 943-4522,Acute Care Hospitals,Voluntary Non-Profit - Church,1.0,,,,1,1,0
100046,Adventhealth Zephyrhills,7050 GALL BLVD,ZEPHYRHILLS,FL,33541,PASCO,(813) 615-7219,Acute Care Hospitals,Voluntary Non-Profit - Church,1.0,,,,1,1,0
100047,SHOREPOINT HEALTH PUNTA GORDA,809 E MARION AVE,PUNTA GORDA,FL,33950,CHARLOTTE,(941) 639-3131,Acute Care Hospitals,Proprietary,1.0,,,,1,1,0
100048,JAY HOSPITAL,14114 ALABAMA ST,JAY,FL,32565,SANTA ROSA,8506754532,Acute Care Hospitals,Voluntary Non-Profit - Private,1.0,,,,1,0,0
100049,HCA FLORIDA HIGHLANDS HOSPITAL,3600 S HIGHLANDS AVE,SEBRING,FL,33870,HIGHLANDS,(863) 385-6101,Acute Care Hospitals,Proprietary,1.0,,,,1,1,0
100050,LARKIN COMMUNITY HOSPITAL PALM SPRINGS CAMPUS,1475 W 49TH ST,HIALEAH,FL,33012,MIAMI-DADE,(305) 558-2500,Acute Care Hospitals,Voluntary Non-Profit - Private,1.0,,,,1,1,0
100051,ORLANDO HEALTH SOUTH LAKE HOSPITAL,1900 DON WICKHAM DR,CLERMONT,FL,34711,LAKE,(352) 394-4071,Acute Care Hospitals,Government - Hospital District or Authority,1.0,,,,1,1,0
100052,WINTER HAVEN HOSPITAL,200 AVE F NE,WINTER HAVEN,FL,33881,POLK,(863) 293-1121,Acute Care Hospitals,Voluntary Non-Profit - Private,1.0,,,,1,1,0
100053,HIALEAH HOSPITAL,651 E 25TH ST,HIALEAH,FL,33013,MIAMI-DADE,(305) 693-6100,Acute Care Hospitals,Proprietary,1.0,,,,1,1,0
100054,HCA FLORIDA TWIN CITIES HOSPITAL,2190 HWY 85 N,NICEVILLE,FL,32578,OKALOOSA,(850) 678-4131,Acute Care Hospitals,Proprietary,1.0,,,,1,1,0
100055,ADVENTHEALTH NORTH PINELLAS,1395 S PINELLAS AVE,TARPON SPRINGS,FL,34689,PINELLAS,(813) 615-7219,Acute Care Hospitals,Voluntary Non-Profit - Other,1.0,,,,1,1,0
100057,ADVENTHEALTH WATERMAN,1000 WATERMAN WAY,TAVARES,FL,32778,LAKE,(352) 253-3368,Acute Care Hospitals,Voluntary Non-Profit - Church,1.0,,,,1,1,0
100061,MERCY HOSPITAL INC,3663 S MIAMI AVE,MIAMI,FL,33133,MIAMI-DADE,3052852121,Acute Care Hospitals,Voluntary Non-Profit - Church,,,,,1,0,0
100062,ADVENTHEALTH OCALA,1500 SW 1ST AVE,OCALA,FL,34474,MARION,(352) 351-7200,Acute Care Hospitals,Government - Hospital District or Authority,1.0,,,,1,1,0
100063,MORTON PLANT NORTH BAY HOSPITAL,6600 MADISON STREET,NEW PORT RICHEY,FL,34652,PASCO,(727) 842-8468,Acute Care Hospitals,Voluntary Non-Profit - Private,1.0,,,,1,1,0
100067,ST ANTHONYS HOSPITAL,1200 SEVENTH AVE N,SAINT PETERSBURG,FL,33705,PINELLAS,(727) 825-1100,Acute Care Hospitals,Voluntary Non-Profit - Church,1.0,,,,1,1,0
100068,ADVENTHEALTH DAYTONA BEACH,301 MEMORIAL MEDICAL PARKWAY,DAYTONA BEACH,FL,32117,VOLUSIA,(386) 231-6000,Acute Care Hospitals,Voluntary Non-Profit - Church,1.0,,,,1,1,0
100069,AdventHealth Carrollwood,7171 N DALE MABRY HWY,TAMPA,FL,33614,HILLSBOROUGH,(813) 615-7219,Acute Care Hospitals,Voluntary Non-Profit - Church,1.0,,,,1,1,0
100070,VENICE REGIONAL MEDICAL CENTER,540 THE RIALTO,VENICE,FL,34285,SARASOTA,9414857711,Acute Care Hospitals,Proprietary,1.0,,,,1,0,0
100071,TAMPA GENERAL HOSPITAL BROOKSVILLE,17240 CORTEZ BLVD,BROOKSVILLE,FL,34601,HERNANDO,(352) 796-5111,Acute Care Hospitals,Voluntary Non-Profit - Church,1.0,,,,1,1,0
100072,ADVENTHEALTH FISH MEMORIAL,1055 SAXON BLVD,ORANGE CITY,FL,32763,VOLUSIA,(386) 917-5000,Acute Care Hospitals,Voluntary Non-Profit - Church,1.0,,,,1,1,0
100073,HOLY CROSS HOSPITAL,4725 N FEDERAL HWY,FT LAUDERDALE,FL,33308,BROWARD,(954) 771-8000,Acute Care Hospitals,Voluntary Non-Profit - Church,1.0,,,,1,1,0
100075,ST JOSEPHS HOSPITAL,3001 W MARTIN LUTHER KING JR BLVD,TAMPA,FL,33607,HILLSBOROUGH,(813) 870-4398,Acute Care Hospitals,Voluntary Non-Profit - Church,1.0,,,,1,1,0
100076,METROPOLITAN HOSPITAL OF MIAMI,5959 NW 7TH ST,MIAMI,FL,33126,MIAMI-DADE,3052641000,Acute Care Hospitals,Voluntary Non-Profit - Private,1.0,,,,1,0,0
100077,Adventhealth Port Charlotte,2500 HARBOR BLVD,PORT CHARLOTTE,FL,33952,CHARLOTTE,(941) 766-4122,Acute Care Hospitals,Proprietary,1.0,,,,1,1,0
100080,HCA FLORIDA JFK HOSPITAL,5301 S CONGRESS AVE,ATLANTIS,FL,33462,PALM BEACH,(561) 965-7300,Acute Care Hospitals,Proprietary,1.0,,,,1,1,0
100081,HEALTHMARK REGIONAL MEDICAL CENTER,4413 US HWY 331 S,DEFUNIAK SPRINGS,FL,32435,WALTON,8509514500,Acute Care Hospitals,Proprietary,1.0,,,,1,0,0
100084,UF HEALTH LEESBURG HOSPITAL,600 E DIXIE AVE,LEESBURG,FL,34748,LAKE,(352) 323-5762,Acute Care Hospitals,Voluntary Non-Profit - Private,1.0,,,,1,1,0
100086,BROWARD HEALTH NORTH,201 E SAMPLE RD,DEERFIELD BEACH,FL,33064,BROWARD,(954) 786-6400,Acute Care Hospitals,Government - Hospital District or Authority,1.0,,,,1,1,0
100087,SARASOTA MEMORIAL HOSPITAL,1700 S TAMIAMI TRL,SARASOTA,FL,34239,SARASOTA,(941) 917-9000,Acute Care Hospitals,Government - Hospital District or Authority,1.0,,,,1,1,0
100088,BAPTIST HEALTH MEDICAL CENTER - JACKSONVILLE,800 PRUDENTIAL DR,JACKSONVILLE,FL,32207,DUVAL,(904) 202-2000,Acute Care Hospitals,Voluntary Non-Profit - Private,1.0,,,,1,1,0
100090,FLAGLER HOSPITAL,400 HEALTH PARK BLVD,SAINT AUGUSTINE,FL,32086,ST. JOHNS,(904) 819-5155,Acute Care Hospitals,Voluntary Non-Profit - Private,1.0,,,,1,1,0
100092,ORLANDO HEALTH ROCKLEDGE HOSPITAL,110 LONGWOOD AVE,ROCKLEDGE,FL,32955,BREVARD,(321) 637-2603,Acute Care Hospitals,Voluntary Non-Profit - Private,1.0,,,,1,1,0
100093,BAPTIST HOSPITAL,123 BAPTIST WAY,PENSACOLA,FL,32503,ESCAMBIA,(850) 434-4011,Acute Care Hospitals,Voluntary Non-Profit - Private,1.0,,,,1,1,0
100099,ADVENTHEALTH LAKE WALES,410 S 11TH ST,LAKE WALES,FL,33853,POLK,(863) 676-1433,Acute Care Hospitals,Proprietary,1.0,,,,1,1,0
10009F,BAY PINES VA MEDICAL CENTER,10000 BAY PINES BLVD.,BAY PINES,FL,33744,PINELLAS,(727) 398-6661,ACUTE CARE - VETERANS ADMINISTRATION,Government - Federal,1.0,,,,1,1,0
100102,SHANDS LAKE SHORE REGIONAL MEDICAL CENTER,368 NE FRANKLIN ST,LAKE CITY,FL,32055,COLUMBIA,3867548000,Acute Care Hospitals,Voluntary Non-Profit - Private,1.0,,,,1,0,0
100105,CLEVELAND CLINIC INDIAN RIVER HOSPITAL,1000 36TH ST,VERO BEACH,FL,32960,INDIAN RIVER,(772) 567-4311,Acute Care Hospitals,Government - Hospital District or Authority,1.0,,,,1,1,0
100106,DOCTOR'S MEMORIAL HOSPITAL INC,333 N BYRON BUTLER PKWY,PERRY,FL,32348,TAYLOR,8505840800,Acute Care Hospitals,Voluntary Non-Profit - Private,1.0,,,,1,0,0
100107,HCA FLORIDA LEHIGH REGIONAL MEDICAL CENTER,1500 LEE BLVD,LEHIGH ACRES,FL,33936,LEE,(239) 369-2101,Acute Care Hospitals,Voluntary Non-Profit - Private,1.0,,,,1,1,0
100109,ADVENTHEALTH SEBRING,4200 SUN N LAKE BLVD,SEBRING,FL,33872,HIGHLANDS,(863) 314-4466,Acute Care Hospitals,Voluntary Non-Profit - Church,1.0,,,,1,1,0
100110,HCA FLORIDA OSCEOLA HOSPITAL,700 WEST OAK STREET,KISSIMMEE,FL,34741,OSCEOLA,(407) 846-2266,Acute Care Hospitals,Proprietary,1.0,,,,1,1,0
100113,UF HEALTH SHANDS HOSPITAL,1600 SW ARCHER RD,GAINESVILLE,FL,32610,ALACHUA,(352) 265-8000,Acute Care Hospitals,Government - Federal,1.0,,,,1,1,0
100117,BAPTIST MEDICAL CENTER  BEACHES,1350 13TH AVE S,JACKSONVILLE BEACH,FL,32250,DUVAL,(904) 247-2900,Acute Care Hospitals,Voluntary Non-Profit - Private,1.0,,,,1,1,0
100118,AdventHealth Palm Coast,60 MEMORIAL MEDICAL PKWY,PALM COAST,FL,32164,FLAGLER,(386) 586-2000,Acute Care Hospitals,Voluntary Non-Profit - Church,1.0,,,,1,1,0
100121,BARTOW REGIONAL MEDICAL CENTER,2200 OSPREY BLVD,BARTOW,FL,33830,POLK,(863) 533-8111,Acute Care Hospitals,Proprietary,1.0,,,,1,1,0
100122,NORTH OKALOOSA MEDICAL CENTER,151 REDSTONE AVE SE,CRESTVIEW,FL,32539,OKALOOSA,(850) 689-8100,Acute Care Hospitals,Voluntary Non-Profit - Private,1.0,,,,1,1,0
100124,SANTA ROSA MEDICAL CENTER,6002 BERRYHILL RD,MILTON,FL,32570,SANTA ROSA,(850) 626-7762,Acute Care Hospitals,Proprietary,1.0,,,,1,1,0
100125,HOMESTEAD HOSPITAL,975 BAPTIST WAY,HOMESTEAD,FL,33033,MIAMI-DADE,(786) 243-8000,Acute Care Hospitals,Voluntary Non-Profit - Private,1.0,,,,1,1,0
100126,HCA FLORIDA PASADENA HOSPITAL A PART OF HCA FLORID,1501 PASADENA AVE S,SAINT PETERSBURG,FL,33707,PINELLAS,(727) 381-1000,Acute Care Hospitals,Proprietary,1.0,,,,1,1,0
100127,MORTON PLANT HOSPITAL,300 PINELLAS ST,CLEARWATER,FL,33756,PINELLAS,(727) 462-7000,Acute Care Hospitals,Voluntary Non-Profit - Private,1.0,,,,1,1,0
100128,TAMPA GENERAL HOSPITAL,1 TAMPA GENERAL CIR,TAMPA,FL,33606,HILLSBOROUGH,(813) 844-7000,Acute Care Hospitals,Voluntary Non-Profit - Private,1.0,,,,1,1,0
100130,LAKESIDE MEDICAL CENTER,39200 HOOKER HWY,BELLE GLADE,FL,33430,PALM BEACH,(561) 996-6571,Acute Care Hospitals,Government - Hospital District or Authority,1.0,,,,1,1,0
100131,HCA FLORIDA AVENTURA HOSPITAL,20900 BISCAYNE BLVD,AVENTURA,FL,33180,MIAMI-DADE,(305) 682-7000,Acute Care Hospitals,Voluntary Non-Profit - Private,1.0,,,,1,1,0
100132,SOUTH FLORIDA BAPTIST HOSPITAL,301 N ALEXANDER ST,PLANT CITY,FL,33563,HILLSBOROUGH,(813) 757-1200,Acute Care Hospitals,Voluntary Non-Profit - Private,1.0,,,,1,1,0
100134,ED FRASER MEMORIAL HOSPITAL,159 N 3RD ST,MACCLENNY,FL,32063,BAKER,(904) 259-3151,,,,,,,0,1,0
100135,TALLAHASSEE MEMORIAL HEALTHCARE,1300 MICCOSUKEE RD,TALLAHASSEE,FL,32308,LEON,(850) 431-1155,Acute Care Hospitals,Voluntary Non-Profit - Private,1.0,,,,1,1,0
100137,ADVENTHEALTH HEART OF FLORIDA,40100 HWY 27,DAVENPORT,FL,33837,POLK,(863) 422-4971,Acute Care Hospitals,Proprietary,1.0,,,,1,1,0
100139,TRI COUNTY HOSPITAL - WILLISTON,125 SW 7TH ST,WILLISTON,FL,32696,LEVY,3525282801,Acute Care Hospitals,Voluntary Non-Profit - Private,1.0,,,,1,0,0
10013F,NH Jacksonville,2080 Child St,Jacksonville,FL,32214,DUVAL,(904) 542-7300,,,,,,,0,1,0
100140,BAPTIST MEDICAL CENTER - NASSAU,1250 S 18TH ST,FERNANDINA BEACH,FL,32034,NASSAU,(904) 321-3500,Acute Care Hospitals,Government - Local,1.0,,,,1,1,0
100142,JACKSON HOSPITAL,4250 HOSPITAL DR,MARIANNA,FL,32446,JACKSON,(850) 526-2200,Acute Care Hospitals,Government - Hospital District or Authority,1.0,,,,1,1,0
100150,LOWER KEYS MEDICAL CENTER,5900 COLLEGE ROAD,KEY WEST,FL,33040,MONROE,(305) 294-5531,Acute Care Hospitals,Proprietary,1.0,,,,1,1,0
100151,MAYO CLINIC,4500 SAN PABLO RD,JACKSONVILLE,FL,32224,DUVAL,(904) 953-2000,Acute Care Hospitals,Voluntary Non-Profit - Private,1.0,,,,1,1,0
100154,SOUTH MIAMI HOSPITAL,6200 SW 73RD ST,MIAMI,FL,33143,MIAMI-DADE,(786) 662-4000,Acute Care Hospitals,Voluntary Non-Profit - Private,1.0,,,,1,1,0
100156,HCA FLORIDA LAKE CITY HOSPITAL,340 NW COMMERCE DR,LAKE CITY,FL,32055,COLUMBIA,(386) 719-9000,Acute Care Hospitals,Voluntary Non-Profit - Private,1.0,,,,1,1,0
100157,LAKELAND REGIONAL MEDICAL CENTER,1324 LAKELAND HILLS BLVD,LAKELAND,FL,33805,POLK,(863) 687-1100,Acute Care Hospitals,Voluntary Non-Profit - Other,1.0,,,,1,1,0
10015F,VA NORTH FLORIDA/SOUTH GEORGIA HEALTHCARE SYSTEM - LAKE CITY,619 SOUTH MARION AVENUE,LAKE CITY,FL,32025,COLUMBIA,(386) 755-3016,,,,,,,0,1,0
100161,CENTRAL FLORIDA LAKE MONROE HOSPITAL,1401 W SEMINOLE BLVD,SANFORD,FL,32771,SEMINOLE,(407) 321-4500,Acute Care Hospitals,Proprietary,1.0,,,,1,1,0
100166,HCA FLORIDA SARASOTA DOCTORS HOSPITAL,5731 BEE RIDGE RD,SARASOTA,FL,34233,SARASOTA,(941) 342-1100,Acute Care Hospitals,Proprietary,1.0,,,,1,1,0
100167,HCA FLORIDA MERCY HOSPITAL,401 NW 42ND AVE,PLANTATION,FL,33317,BROWARD,(954) 587-5010,Acute Care Hospitals,Proprietary,0.0,,,,1,1,0
100168,BOCA RATON REGIONAL HOSPITAL,800 MEADOWS RD,BOCA RATON,FL,33486,PALM BEACH,(561) 955-4200,Acute Care Hospitals,Voluntary Non-Profit - Private,1.0,,,,1,1,0
100173,ADVENTHEALTH TAMPA,3100 E FLETCHER AVE,TAMPA,FL,33613,HILLSBOROUGH,(813) 615-7200,Acute Care Hospitals,Voluntary Non-Profit - Private,1.0,,,,1,1,0
100175,DESOTO MEMORIAL HOSPITAL,900 N ROBERT AVE,ARCADIA,FL,34266,DE SOTO,(863) 494-3535,Acute Care Hospitals,Voluntary Non-Profit - Private,1.0,,,,1,1,0
100176,PALM BEACH GARDENS MEDICAL CENTER,3360 BURNS RD,PALM BEACH GARDENS,FL,33410,PALM BEACH,(561) 622-1411,Acute Care Hospitals,Proprietary,1.0,,,,1,1,0
100177,CAPE CANAVERAL HOSPITAL,701 W COCOA BEACH CAUSEWAY,COCOA BEACH,FL,32931,BREVARD,(321) 799-7111,Acute Care Hospitals,Voluntary Non-Profit - Private,1.0,,,,1,1,0
100179,HCA FLORIDA MEMORIAL HOSPITAL,3625 UNIVERSITY BLVD S,JACKSONVILLE,FL,32216,DUVAL,(904) 702-6111,Acute Care Hospitals,Proprietary,1.0,,,,1,1,0
100180,HCA FLORIDA ST PETERSBURG HOSPITAL,6500 38TH AVE N,SAINT PETERSBURG,FL,33710,PINELLAS,(727) 384-1414,Acute Care Hospitals,Proprietary,1.0,,,,1,1,0
100181,LARKIN COMMUNITY HOSPITAL,7031 SW 62ND AVE,SOUTH MIAMI,FL,33143,MIAMI-DADE,(305) 284-7500,Acute Care Hospitals,Proprietary,1.0,,,,1,1,0
100183,CORAL GABLES HOSPITAL,3100 DOUGLAS RD,CORAL GABLES,FL,33134,MIAMI-DADE,(305) 445-8461,Acute Care Hospitals,Proprietary,1.0,,,,1,1,0
100187,PALMETTO GENERAL HOSPITAL,2001 W 68TH ST,HIALEAH,FL,33016,MIAMI-DADE,(305) 823-5000,Acute Care Hospitals,Proprietary,1.0,,,,1,1,0
100189,HCA FLORIDA NORTHWEST HOSPITAL,2801 N STATE RD 7,MARGATE,FL,33063,BROWARD,(954) 974-0400,Acute Care Hospitals,Proprietary,1.0,,,,1,1,0
100191,HCA FLORIDA TRINITY HOSPITAL,9330 SR 54,TRINITY,FL,34655,PASCO,(727) 834-4900,Acute Care Hospitals,Proprietary,1.0,,,,1,1,0
100200,BROWARD HEALTH IMPERIAL POINT,6401 N FEDERAL HWY,FORT LAUDERDALE,FL,33308,BROWARD,(954) 776-8500,Acute Care Hospitals,Government - Hospital District or Authority,1.0,,,,1,1,0
100204,HCA FLORIDA NORTH FLORIDA HOSPITAL,6500 W NEWBERRY RD,GAINESVILLE,FL,32605,ALACHUA,(352) 333-4100,Acute Care Hospitals,Proprietary,1.0,,,,1,1,0
100206,HCA FLORIDA SOUTH TAMPA HOSPITAL,2901 W SWANN AVE,TAMPA,FL,33609,HILLSBOROUGH,(813) 873-6400,Acute Care Hospitals,Proprietary,1.0,,,,1,1,0
100209,HCA FLORIDA KENDALL HOSPITAL,11750 BIRD RD,MIAMI,FL,33175,MIAMI-DADE,(305) 223-3000,Acute Care Hospitals,Proprietary,1.0,,,,1,1,0
100211,ADVENTHEALTH DADE CITY,13100 FT KING RD,DADE CITY,FL,33525,PASCO,(352) 568-1100,Acute Care Hospitals,Proprietary,1.0,,,,1,1,0
100212,MARION COMMUNTIY HOSPITAL,1431 SW 1ST AVE,OCALA,FL,34471,MARION,(352) 401-1000,Acute Care Hospitals,Proprietary,1.0,,,,1,1,0
100213,HCA FLORIDA BLAKE HOSPITAL,2020 59TH ST W,BRADENTON,FL,34209,MANATEE,(941) 798-6110,Acute Care Hospitals,Proprietary,1.0,,,,1,1,0
100217,ORLANDO HEALTH SEBASTIAN RIVER HOSPITAL,13695 US HWY 1,SEBASTIAN,FL,32958,INDIAN RIVER,(772) 589-3187,Acute Care Hospitals,Proprietary,1.0,,,,1,1,0
10021F,96th Medical Group (Eglin AFB),96 MDG 307 Boatner Rd Suite 114,Eglin AFB,FL,32542,OKALOOSA,(850) 883-8600,,,,,,,0,1,0
100220,GULF COAST MEDICAL CENTER LEE HEALTH,13681 DOCTORS WAY,FORT MYERS,FL,33912,LEE,(239) 343-1000,Acute Care Hospitals,Government - Hospital District or Authority,1.0,,,,1,1,0
100223,HCA FLORIDA FORT WALTON-DESTIN HOSPITAL,1000 MAR-WALT DR,FORT WALTON BEACH,FL,32547,OKALOOSA,(850) 862-1111,Acute Care Hospitals,Proprietary,1.0,,,,1,1,0
100224,UNIVERSITY HOSPITAL AND MEDICAL CENTER,7201 N UNIVERSITY DR,TAMARAC,FL,33321,BROWARD,(954) 721-2200,Acute Care Hospitals,Proprietary,1.0,,,,1,1,0
100226,HCA FLORIDA ORANGE PARK HOSPITAL,2001 KINGSLEY AVE,ORANGE PARK,FL,32073,CLAY,(904) 276-8500,Acute Care Hospitals,Proprietary,1.0,,,,1,1,0
100228,WESTSIDE REGIONAL MEDICAL CENTER,8201 W BROWARD BLVD,PLANTATION,FL,33324,BROWARD,(954) 473-6600,Acute Care Hospitals,Proprietary,1.0,,,,1,1,0
100230,MEMORIAL HOSPITAL PEMBROKE,7800 SHERIDAN ST,PEMBROKE PINES,FL,33024,BROWARD,(954) 962-9650,Acute Care Hospitals,Government - Hospital District or Authority,1.0,,,,1,1,0
100231,HCA FLORIDA WEST HOSPITAL,8383 N DAVIS HWY,PENSACOLA,FL,32514,ESCAMBIA,(850) 494-4000,Acute Care Hospitals,Proprietary,1.0,,,,1,1,0
100232,HCA FLORIDA PUTNAM HOSPITAL,611 ZEAGLER DR,PALATKA,FL,32177,PUTNAM,(386) 328-5711,Acute Care Hospitals,Proprietary,1.0,,,,1,1,0
100234,COLUMBIA HOSPITAL,2201 45TH ST,WEST PALM BEACH,FL,33407,PALM BEACH,5618446141,Acute Care Hospitals,Proprietary,1.0,,,,1,0,0
100236,HCA FLORIDA FAWCETT HOSPITAL,21298 OLEAN BLVD,PORT CHARLOTTE,FL,33952,CHARLOTTE,(941) 629-1181,Acute Care Hospitals,Proprietary,1.0,,,,1,1,0
100238,HCA FLORIDA NORTHSIDE HOSPITAL,6000 49TH ST N,SAINT PETERSBURG,FL,33709,PINELLAS,(727) 521-5121,Acute Care Hospitals,Proprietary,1.0,,,,1,1,0
100239,EDWARD WHITE HOSPITAL,2323 9TH AVE N,SAINT PETERSBURG,FL,33713,PINELLAS,7273231111,Acute Care Hospitals,Proprietary,1.0,,,,1,0,0
100240,ANNE BATES LEACH EYE HOSPITAL,900 NW 17TH ST,MIAMI,FL,33136,MIAMI-DADE,3053266000,Acute Care Hospitals,Voluntary Non-Profit - Other,1.0,,,,1,0,0
100242,HCA FLORIDA GULF COAST HOSPITAL,449 W 23RD ST,PANAMA CITY,FL,32405,BAY,(850) 747-7926,Acute Care Hospitals,Proprietary,1.0,,,,1,1,0
100243,HCA FLORIDA BRANDON HOSPITAL,119 OAKFIELD DR,BRANDON,FL,33511,HILLSBOROUGH,(813) 916-0600,Acute Care Hospitals,Proprietary,1.0,,,,1,1,0
100244,CAPE CORAL HOSPITAL,636 DEL PRADO BLVD,CAPE CORAL,FL,33990,LEE,(239) 424-2000,Acute Care Hospitals,Government - Hospital District or Authority,1.0,,,,1,1,0
100246,HCA FLORIDA LAWNWOOD HOSPITAL,1700 S 23RD ST,FORT PIERCE,FL,34950,ST. LUCIE,(772) 461-4000,Acute Care Hospitals,Proprietary,1.0,,,,1,1,0
100248,HCA FLORIDA LARGO HOSPITAL,201 14TH ST SW,LARGO,FL,33770,PINELLAS,(727) 588-5200,Acute Care Hospitals,Proprietary,1.0,,,,1,1,0
100249,TAMPA GENERAL HOSPITAL CRYSTAL RIVER,6201 N SUNCOAST BLVD,CRYSTAL RIVER,FL,34428,CITRUS,(352) 795-6560,Acute Care Hospitals,Proprietary,1.0,,,,1,1,0
100252,HCA FLORIDA RAULERSON HOSPITAL,1796 HWY 441 NORTH,OKEECHOBEE,FL,34972,OKEECHOBEE,(863) 763-2151,Acute Care Hospitals,Proprietary,1.0,,,,1,1,0
100253,JUPITER MEDICAL CENTER,1210 S OLD DIXIE HWY,JUPITER,FL,33458,PALM BEACH,(561) 747-2234,Acute Care Hospitals,Voluntary Non-Profit - Private,1.0,,,,1,1,0
100254,HCA FLORIDA CAPITAL HOSPITAL,2626 CAPITAL MEDICAL BLVD,TALLAHASSEE,FL,32308,LEON,(850) 656-5000,Acute Care Hospitals,Proprietary,1.0,,,,1,1,0
100255,TOWN & COUNTRY HOSPITAL,6001 WEBB RD,TAMPA,FL,33615,HILLSBOROUGH,8138827159,Acute Care Hospitals,Proprietary,1.0,,,,1,0,0
100256,HCA FLORIDA BAYONET POINT HOSPITAL,14000 FIVAY RD,HUDSON,FL,34667,PASCO,(727) 819-2929,Acute Care Hospitals,Proprietary,1.0,,,,1,1,0
100258,DELRAY MEDICAL CENTER,5352 LINTON BLVD,DELRAY BEACH,FL,33484,PALM BEACH,(561) 498-4440,Acute Care Hospitals,Proprietary,1.0,,,,1,1,0
100259,HCA FLORIDA SOUTH SHORE HOSPITAL,4016 SUN CITY CENTER BLVD,SUN CITY CENTER,FL,33573,HILLSBOROUGH,(813) 634-3301,Acute Care Hospitals,Proprietary,1.0,,,,1,1,0
100260,ST LUCIE MEDICAL CENTER,1800 SE TIFFANY AVE,PORT SAINT LUCIE,FL,34952,ST. LUCIE,(772) 335-4000,Acute Care Hospitals,Proprietary,1.0,,,,1,1,0
100264,HCA FLORIDA OAK HILL HOSPITAL,11375 CORTEZ BLVD,BROOKSVILLE,FL,34613,HERNANDO,(352) 596-6632,Acute Care Hospitals,Voluntary Non-Profit - Other,1.0,,,,1,1,0
100265,MEASE COUNTRYSIDE HOSPITAL,3231 MCMULLEN BOOTH RD,SAFETY HARBOR,FL,34695,PINELLAS,(727) 734-6950,Acute Care Hospitals,Voluntary Non-Profit - Private,1.0,,,,1,1,0
100266,GULF BREEZE HOSPITAL,1110 GULF BREEZE PKWY,GULF BREEZE,FL,32561,SANTA ROSA,(850) 934-2000,Acute Care Hospitals,Voluntary Non-Profit - Other,1.0,,,,1,1,0
100267,HCA FLORIDA ENGLEWOOD HOSPITAL,700 MEDICAL BLVD,ENGLEWOOD,FL,34223,SARASOTA,(941) 475-6571,Acute Care Hospitals,Proprietary,1.0,,,,1,1,0
100268,WEST BOCA MEDICAL CENTER,21644 STATE RD 7,BOCA RATON,FL,33428,PALM BEACH,(561) 488-8100,Acute Care Hospitals,Proprietary,1.0,,,,1,1,0
100269,HCA FLORIDA PALMS WEST HOSPITAL,13001 SOUTHERN BLVD,LOXAHATCHEE,FL,33470,PALM BEACH,(561) 798-3300,Acute Care Hospitals,Proprietary,1.0,,,,1,1,0
100275,WELLINGTON REGIONAL MEDICAL CENTER,10101 FOREST HILL BLVD,WELLINGTON,FL,33414,PALM BEACH,(561) 798-8500,Acute Care Hospitals,Proprietary,1.0,,,,1,1,0
100276,BROWARD HEALTH CORAL SPRINGS,3000 CORAL HILLS DR,CORAL SPRINGS,FL,33065,BROWARD,(954) 344-3121,Acute Care Hospitals,Government - Hospital District or Authority,1.0,,,,1,1,0
100277,DOUGLAS GARDENS HOSPITAL,5200 NE 2ND AVE,MIAMI,FL,33137,MIAMI-DADE,(305) 751-8626,Acute Care Hospitals,Voluntary Non-Profit - Private,0.0,,,,1,1,0
100281,MEMORIAL HOSPITAL WEST,703 N FLAMINGO RD,PEMBROKE PINES,FL,33028,BROWARD,(954) 436-5000,Acute Care Hospitals,Government - Hospital District or Authority,1.0,,,,1,1,0
100284,KERALTY HOSPITAL,2500 SW 75TH AVE,MIAMI,FL,33155,MIAMI-DADE,(305) 263-9270,Acute Care Hospitals,Proprietary,1.0,,,,1,1,0
100285,MEMORIAL HOSPITAL MIRAMAR,1901 SW 172ND AVE,MIRAMAR,FL,33029,BROWARD,(954) 538-5000,Acute Care Hospitals,Voluntary Non-Profit - Other,1.0,,,,1,1,0
100286,PHYSICIANS REGIONAL MEDICAL CENTER - PINE RIDGE,6101 PINE RIDGE ROAD,NAPLES,FL,34119,COLLIER,(239) 304-5145,Acute Care Hospitals,Proprietary,1.0,,,,1,1,0
100287,GOOD SAMARITAN MEDICAL CENTER,1309 N FLAGLER DR,WEST PALM BEACH,FL,33401,PALM BEACH,(561) 655-5511,Acute Care Hospitals,Proprietary,1.0,,,,1,1,0
100288,ST MARY'S MEDICAL CENTER,901 45TH ST,WEST PALM BEACH,FL,33407,PALM BEACH,(561) 840-6202,Acute Care Hospitals,Proprietary,1.0,,,,1,1,0
100289,CLEVELAND CLINIC HOSPITAL,3100 WESTON RD,WESTON,FL,33331,BROWARD,(954) 689-5000,Acute Care Hospitals,Proprietary,1.0,,,,1,1,0
100290,"VILLAGES REGIONAL HOSPITAL, THE",1451 EL CAMINO REAL,THE VILLAGES,FL,32159,LAKE,(352) 751-8000,Acute Care Hospitals,Voluntary Non-Profit - Private,1.0,,,,1,1,0
100291,ORLANDO HEALTH MELBOURNE HOSPITAL,250 NORTH WICKHAM ROAD,MELBOURNE,FL,32935,BREVARD,(321) 752-1200,Acute Care Hospitals,Voluntary Non-Profit - Private,1.0,,,,1,1,0
100292,SACRED HEART HOSPITAL ON THE EMERALD COAST,7800 US HWY 98 W,MIRAMAR BEACH,FL,32550,WALTON,(850) 278-3600,Acute Care Hospitals,Voluntary Non-Profit - Other,1.0,,,,1,1,0
100296,DOCTORS HOSPITAL,5000 UNIVERSITY DR,CORAL GABLES,FL,33146,MIAMI-DADE,(786) 308-3000,Acute Care Hospitals,Voluntary Non-Profit - Other,1.0,,,,1,1,0
100298,FLORIDA STATE HOSPITAL UNIT 31 MED,100 N MAIN ST,CHATTAHOOCHEE,FL,32324,GADSDEN,(850) 663-7536,,,,,,,0,1,0
100299,LAKEWOOD RANCH MEDICAL CENTER,8330 LAKEWOOD RANCH BLVD,BRADENTON,FL,34202,MANATEE,(941) 782-2100,Acute Care Hospitals,Proprietary,1.0,,,,1,1,0
100302,ORLANDO HEALTH ST CLOUD HOSPITAL,2906 17TH STREET,SAINT CLOUD,FL,34769,OSCEOLA,(407) 892-2135,Acute Care Hospitals,Proprietary,1.0,,,,1,1,0
100307,ASCENSION ST VINCENT'S SOUTHSIDE,4201 BELFORT RD,JACKSONVILLE,FL,32216,DUVAL,(904) 296-3700,Acute Care Hospitals,Voluntary Non-Profit - Private,1.0,,,,1,1,0
100313,ASCENSION SACRED HEART GULF,3801 E HWY 98,PORT SAINT JOE,FL,32456,GULF,(850) 229-5600,Acute Care Hospitals,Voluntary Non-Profit - Private,1.0,,,,1,1,0
100314,WEST KENDALL BAPTIST HOSPITAL,9555 SW 162 AVE,MIAMI,FL,33196,MIAMI-DADE,(786) 467-2000,Acute Care Hospitals,Voluntary Non-Profit - Private,1.0,,,,1,1,0
100315,VIERA HOSPITAL,8745 N WICKHAM RD,MELBOURNE,FL,32940,BREVARD,(321) 434-9000,Acute Care Hospitals,Proprietary,1.0,,,,1,1,0
100316,PALM BAY HOSPITAL,"1425 MALABAR RD, NE",PALM BAY,FL,32907,BREVARD,(321) 434-8000,Acute Care Hospitals,Proprietary,1.0,,,,1,1,0
100319,ADVENTHEALTH WESLEY CHAPEL,2600 BRUCE B DOWNS BLVD,WESLEY CHAPEL,FL,33544,PASCO,(813) 929-5000,,,,,,,0,1,0
100320,HCA FLORIDA POINCIANA HOSPITAL,325 CYPRESS PKWY,KISSIMMEE,FL,34758,OSCEOLA,(407) 530-2000,,,,,,,0,1,0
100321,ASCENSION ST VINCENT'S CLAY COUNTY,1670 ST VINCENTS WAY,MIDDLEBURG,FL,32068,CLAY,(904) 602-1000,,,,,,,0,1,0
100329,OVIEDO MEDICAL CENTER,8300 RED BUG LAKE RD,OVIEDO,FL,32765,SEMINOLE,(615) 850-6055,,,,,,,0,1,0
100330,HALIFAX HEALTH /UF HEALTH MEDICAL CENTER OF DELTON,3300 HALIFAX CROSSINGS BLVD,DELTONA,FL,32725,VOLUSIA,(386) 425-4806,,,,,,,0,1,0
100350,UCF LAKE NONA HOSPITAL,6700 LAKE NONA BLVD,ORLANDO,FL,32827,ORANGE,(850) 523-2115,,,,,,,0,1,0
100359,SARASOTA MEMORIAL HOSPITAL - VENICE,2600 LAUREL ROAD EAST,NORTH VENICE,FL,34275,SARASOTA,(941) 917-7299,,,,,,,0,1,0
100360,HCA FLORIDA UNIVERSITY HOSPITAL,3476 S UNIVERSITY DR.,DAVIE,FL,33328,BROWARD,(954) 475-4400,,,,,,,0,1,0
100361,ASCENSION ST VINCENT'S ST JOHNS COUNTY,205 TRINITY WAY,ST. JOHNS,FL,32259,ST. JOHNS,(904) 450-6020,,,,,,,0,1,0
100362,BAYCARE HOSPITAL WESLEY CHAPEL,4501 BRUCE B DOWNS BLVD,WESLEY CHAPEL,FL,33544,PASCO,(813) 914-1000,,,,,,,0,1,0
100363,ADVENTHEALTH PALM COAST PARKWAY,1 ADVENTHEALTH WAY,PALM COAST,FL,32137,FLAGLER,(386) 302-1800,,,,,,,0,1,0
100364,ADVENTHEALTH RIVERVIEW,9330 US HWY 301 S,RIVERVIEW,FL,33578,HILLSBOROUGH,(813) 929-5962,,,,,,,0,1,0
100365,NORTH WALTON DOCTORS HOSPITAL,4413 US HWY 331 S,DEFUNIAK SPRINGS,FL,32435,WALTON,(850) 920-2065,,,,,,,0,1,0
10057F,VA NORTH FLORIDA/SOUTH GEORGIA HEALTHCARE SYSTEM - GAINESVILLE,1601 S W ARCHER ROAD,GAINESVILLE,FL,32608,ALACHUA,(352) 376-1611,ACUTE CARE - VETERANS ADMINISTRATION,Government - Federal,1.0,,,,1,1,0
10063F,TAMPA VA MEDICAL CENTER,13000 BRUCE B DOWNS BLVD.,TAMPA,FL,33612,HILLSBOROUGH,(813) 972-2000,ACUTE CARE - VETERANS ADMINISTRATION,Government - Federal,1.0,,,,1,1,0
10064F,MIAMI VA MEDICAL CENTER,1201 N W 16TH STREET,MIAMI,FL,33125,MIAMI-DADE,(305) 324-4455,ACUTE CARE - VETERANS ADMINISTRATION,Government - Federal,1.0,,,,1,1,0
10065F,W PALM BEACH VA MEDICAL CENTER,7305 N. MILITARY TRAIL,WEST PALM BEACH,FL,33410,PALM BEACH,(561) 422-8600,ACUTE CARE - VETERANS ADMINISTRATION,Government - Federal,1.0,,,,1,1,0
10099F,ORLANDO VA MEDICAL CENTER,13800 VETERANS WAY,ORLANDO,FL,32827,ORANGE,(407) 631-1000,,,,,,,0,1,0
101300,ADVENTHEALTH WAUCHULA,735 S 5TH AVE,WAUCHULA,FL,33873,HARDEE,(863) 773-3101,Critical Access Hospitals,Voluntary Non-Profit - Church,1.0,,,,1,1,0
101301,SHANDS LIVE OAK REGIONAL MEDICAL CENTER,1100 SW 11TH ST,LIVE OAK,FL,32060,SUWANNEE,9043621413,Critical Access Hospitals,Proprietary,1.0,,,,1,0,0
101302,CAMPBELLTON GRACEVILLE HOSPITAL,5429 COLLEGE DRIVE,GRACEVILLE,FL,32440,JACKSON,8502637201,Critical Access Hospitals,Government - State,1.0,,,,1,0,0
101303,LAKE BUTLER HOSPITAL,850 E MAIN ST,LAKE BUTLER,FL,32054,UNION,(386) 496-2323,Critical Access Hospitals,Voluntary Non-Profit - Private,1.0,,,,1,1,0
101304,CALHOUN-LIBERTY HOSPITAL,16257 STATE RD 71S,BLOUNTSTOWN,FL,32424,CALHOUN,(850) 674-5411,,,,,,,0,1,0
101305,GEORGE E WEEMS MEMORIAL HOSPITAL,135 AVE G,APALACHICOLA,FL,32320,FRANKLIN,(850) 653-8853,Critical Access Hospitals,Government - Local,1.0,,,,1,1,0
101307,DOCTORS MEMORIAL HOSPITAL,2600 HOSPITAL DR,BONIFAY,FL,32425,HOLMES,(850) 547-1120,Critical Access Hospitals,Government - Hospital District or Authority,1.0,,,,1,1,0
101308,NORTHWEST FLORIDA COMMUNITY HOSPITAL,1360 BRICKYARD RD,CHIPLEY,FL,32428,WASHINGTON,(850) 638-1610,Critical Access Hospitals,Voluntary Non-Profit - Private,1.0,,,,1,1,0
101309,HENDRY REGIONAL MEDICAL CENTER,524 W SAGAMORE AVE,CLEWISTON,FL,33440,HENDRY,(863) 902-3033,Critical Access Hospitals,Voluntary Non-Profit - Other,1.0,,,,1,1,0
101310,SHANDS STARKE REGIONAL MEDICAL CENTER,922 E CALL ST,STARKE,FL,32091,BRADFORD,9043682300,Critical Access Hospitals,Proprietary,1.0,,,,1,0,0
101311,MADISON COUNTY MEMORIAL HOSPITAL,224 NW CRANE AVE,MADISON,FL,32340,MADISON,(850) 973-2271,,,,,,,0,1,0
101312,FISHERMEN'S COMMUNITY HOSPITAL,3301 OVERSEAS HWY,MARATHON,FL,33050,MONROE,(305) 434-1000,Critical Access Hospitals,Proprietary,1.0,,,,1,1,0
101313,MARINERS HOSPITAL,91500 OVERSEAS HIGHWAY,TAVERNIER,FL,33070,MONROE,(305) 434-3000,Critical Access Hospitals,Voluntary Non-Profit - Private,1.0,,,,1,1,0
101314,DOCTORS MEMORIAL HOSPITAL INC,333 N BYRON BUTLER PKWY,PERRY,FL,32347,TAYLOR,(850) 584-0800,,,,,,,0,1,0
101315,JAY HOSPITAL,14114 ALABAMA ST,JAY,FL,32565,SANTA ROSA,(850) 675-4532,,,,,,,0,1,0
103300,JOHNS HOPKINS ALL CHILDREN'S HOSPITAL,501 SIXTH AVENUE SOUTH,SAINT PETERSBURG,FL,33701,PINELLAS,(713) 898-7451,,,,,,,0,1,0
103301,NICKLAUS CHILDREN'S HOSPITAL,3100 SW 62ND AVE,MIAMI,FL,33155,MIAMI-DADE,(305) 666-6511,,,,,,,0,1,0
103304,"NEMOURS CHILDRENS HOSPITAL, FLORIDA",6535 NEMOURS PKWY,ORLANDO,FL,32827,ORANGE,(407) 567-4000,,,,,,,0,1,0
110001,HAMILTON MEDICAL CENTER,1200 MEMORIAL DRIVE,DALTON,GA,30720,WHITFIELD,(706) 272-6105,Acute Care Hospitals,Voluntary Non-Profit - Private,1.0,,,,1,1,0
110002,UPSON REGIONAL MEDICAL CENTER,801 W GORDON STREET,THOMASTON,GA,30286,UPSON,(706) 647-8111,Acute Care Hospitals,Voluntary Non-Profit - Other,1.0,,,,1,1,0
110003,Memorial Satilla Health,1900 TEBEAU STREET,WAYCROSS,GA,31501,WARE,(912) 287-2500,Acute Care Hospitals,Voluntary Non-Profit - Private,1.0,,,,1,1,0
110004,HUTCHESON MEDICAL CENTER,100 GROSS CRESCENT,FORT OGLETHORPE,GA,30742,CATOOSA,7068582101,Acute Care Hospitals,Government - Hospital District or Authority,1.0,,,,1,0,0
110005,NORTHSIDE HOSPITAL FORSYTH,1200 NORTHSIDE FORSYTH DRIVE,CUMMING,GA,30041,FORSYTH,(770) 844-3200,Acute Care Hospitals,Voluntary Non-Profit - Private,1.0,,,,1,1,0
110006,ST MARY'S HOSPITAL,1230 BAXTER STREET,ATHENS,GA,30606,CLARKE,(706) 389-3000,Acute Care Hospitals,Voluntary Non-Profit - Church,1.0,,,,1,1,0
110007,PHOEBE PUTNEY MEMORIAL HOSPITAL,417 THIRD AVENUE,ALBANY,GA,31703,DOUGHERTY,(229) 312-4068,Acute Care Hospitals,Government - Hospital District or Authority,1.0,,,,1,1,0
110008,NORTHSIDE HOSPITAL CHEROKEE,450 NORTHSIDE CHEROKEE BOULEVARD,CANTON,GA,30115,CHEROKEE,(770) 244-1000,Acute Care Hospitals,Voluntary Non-Profit - Private,1.0,,,,1,1,0
110010,EMORY UNIVERSITY HOSPITAL,"1364 CLIFTON ROAD, NE",ATLANTA,GA,30322,DE KALB,(404) 686-8500,Acute Care Hospitals,Voluntary Non-Profit - Private,1.0,,,,1,1,0
110011,TANNER MEDICAL CENTER - CARROLLTON,705 DIXIE STREET,CARROLLTON,GA,30117,CARROLL,(770) 836-9580,Acute Care Hospitals,Government - Hospital District or Authority,1.0,,,,1,1,0
110015,TANNER MEDICAL CENTER VILLA RICA,601 DALLAS HIGHWAY,VILLA RICA,GA,30180,CARROLL,(770) 456-3101,Acute Care Hospitals,Government - Hospital District or Authority,1.0,,,,1,1,0
110016,WELLSTAR WEST GEORGIA MEDICAL CENTER,1514 VERNON ROAD,LAGRANGE,GA,30240,TROUP,(706) 882-1411,Acute Care Hospitals,Government - Hospital District or Authority,1.0,,,,1,1,0
110018,PIEDMONT NEWTON HOSPITAL,5126 HOSPITAL DRIVE NE,COVINGTON,GA,30014,NEWTON,(770) 786-7053,Acute Care Hospitals,Proprietary,1.0,,,,1,1,0
110023,ADVENTHEALTH GORDON,1035 RED BUD ROAD,CALHOUN,GA,30701,GORDON,(706) 629-2895,Acute Care Hospitals,Voluntary Non-Profit - Church,1.0,,,,1,1,0
110024,CANDLER HOSPITAL,5353 REYNOLDS STREET,SAVANNAH,GA,31405,CHATHAM,(912) 819-5290,Acute Care Hospitals,Voluntary Non-Profit - Other,1.0,,,,1,1,0
110025,SOUTHEAST GEORGIA HEALTH SYSTEM- BRUNSWICK CAMPUS,2415 PARKWOOD DRIVE,BRUNSWICK,GA,31520,GLYNN,(912) 466-7000,Acute Care Hospitals,Government - Hospital District or Authority,1.0,,,,1,1,0
110026,ELBERT MEMORIAL HOSPITAL,4 MEDICAL DRIVE,ELBERTON,GA,30635,ELBERT,7062132535,Acute Care Hospitals,Government - Hospital District or Authority,1.0,,,,1,0,0
110027,"TY COBB REGIONAL MEDICAL CENTER, LLC",367 CLEAR CREEK PARKWAY,LAVONIA,GA,30553,FRANKLIN,(706) 356-7800,Acute Care Hospitals,Voluntary Non-Profit - Private,1.0,,,,1,1,0
110028,PIEDMONT AUGUSTA HOSPITAL,1350 WALTON WAY,AUGUSTA,GA,30901,RICHMOND,(706) 722-9011,Acute Care Hospitals,Voluntary Non-Profit - Other,1.0,,,,1,1,0
110029,"NORTHEAST GEORGIA MEDICAL CENTER, INC",743 SPRING STREET,GAINESVILLE,GA,30501,HALL,(770) 535-3553,Acute Care Hospitals,Government - Local,1.0,,,,1,1,0
110030,PIEDMONT CARTERSVILLE MEDICAL CENTER,960 JOE FRANK HARRIS PARKWAY,CARTERSVILLE,GA,30120,BARTOW,(470) 490-1000,Acute Care Hospitals,Proprietary,1.0,,,,1,1,0
110031,WELLSTAR SPALDING MEDICAL CENTER,601 SOUTH 8TH STREET,GRIFFIN,GA,30223,SPALDING,(770) 228-2721,Acute Care Hospitals,Proprietary,1.0,,,,1,1,0
110032,STEPHENS COUNTY HOSPITAL,163 HOSPITAL DRIVE,TOCCOA,GA,30577,STEPHENS,(706) 282-4250,Acute Care Hospitals,Government - Hospital District or Authority,1.0,,,,1,1,0
110034,"WELLSTAR MCG HEALTH, AFFILIATED WITH MED COL",1120 15TH STREET,AUGUSTA,GA,30912,RICHMOND,(706) 721-6569,Acute Care Hospitals,Voluntary Non-Profit - Other,1.0,,,,1,1,0
110035,WELLSTAR KENNESTONE REGIONAL MEDICAL CENTER,677 CHURCH STREET,MARIETTA,GA,30060,COBB,(770) 793-5000,Acute Care Hospitals,Voluntary Non-Profit - Other,1.0,,,,1,1,0
110036,SAVANNAH HEALTH SERVICES LLC DBA MEMORIAL HEALTH UNIVERSITY MEDICAL CENTER,4700 WATERS AVENUE,SAVANNAH,GA,31404,CHATHAM,(912) 350-3691,Acute Care Hospitals,Voluntary Non-Profit - Other,1.0,,,,1,1,0
110038,ARCHBOLD MEMORIAL HOSPITAL,915 GORDON AVENUE & MIMOSA DRIVE,THOMASVILLE,GA,31792,THOMAS,(229) 228-2880,Acute Care Hospitals,Voluntary Non-Profit - Private,1.0,,,,1,1,0
110039,TRINITY HOSPITAL OF AUGUSTA,2260 WRIGHTSBORO RD,AUGUSTA,GA,30904,RICHMOND,7064817000,Acute Care Hospitals,Proprietary,1.0,,,,1,0,0
110040,NORTHRIDGE MEDICAL CENTER,70 MEDICAL CENTER DRIVE,COMMERCE,GA,30529,JACKSON,7063351101,Acute Care Hospitals,Government - Hospital District or Authority,1.0,,,,1,0,0
110041,NORTHEAST GEORGIA MEDICAL CENTER HABERSHAM,541 HISTORIC HIGHWAY 441-NORTH,DEMOREST,GA,30535,HABERSHAM,(706) 754-2161,Acute Care Hospitals,Government - Hospital District or Authority,1.0,,,,1,1,0
110042,WELLSTAR PAULDING MEDICAL CENTER,2518 JIMMY LEE SMITH PARKWAY,HIRAM,GA,30141,PAULDING,(470) 644-7000,Acute Care Hospitals,Voluntary Non-Profit - Other,1.0,,,,1,1,0
110043,ST JOSEPH'S HOSPITAL - SAVANNAH,11705 MERCY BOULEVARD,SAVANNAH,GA,31419,CHATHAM,(912) 819-4100,Acute Care Hospitals,Voluntary Non-Profit - Private,1.0,,,,1,1,0
110044,PHOEBE SUMTER MEDICAL CENTER,126 HIGHWAY 280 W,AMERICUS,GA,31719,SUMTER,(229) 931-1280,Acute Care Hospitals,Government - Hospital District or Authority,1.0,,,,1,1,0
110045,"NGMC BARROW, LLC",316 NORTH BROAD STREET,WINDER,GA,30680,BARROW,(770) 848-8611,Acute Care Hospitals,Proprietary,1.0,,,,1,1,0
110046,PIEDMONT WALTON HOSPITAL,2151 W SPRING STREET,MONROE,GA,30655,WALTON,(770) 267-8461,Acute Care Hospitals,Proprietary,1.0,,,,1,1,0
110050,ADVENTHEALTH MURRAY,"707 OLD DALTON ELLIJAY ROAD, PO BOX 1406",CHATSWORTH,GA,30705,MURRAY,(706) 517-2031,Acute Care Hospitals,Voluntary Non-Profit - Private,1.0,,,,1,1,0
110051,UNION GENERAL HOSPITAL,35 HOSPITAL ROAD,BLAIRSVILLE,GA,30512,UNION,(706) 745-2111,Acute Care Hospitals,Government - Hospital District or Authority,1.0,,,,1,1,0
110054,ATRIUM HEALTH FLOYD MEDICAL CENTER,304 TURNER MCCALL BOULEVARD,ROME,GA,30162,FLOYD,(706) 509-6900,Acute Care Hospitals,Government - Hospital District or Authority,1.0,,,,1,1,0
110059,HART COUNTY HOSPITAL,"138 W GIBSON STREET,  P O BOX 280",HARTWELL,GA,30643,HART,7068566113,Acute Care Hospitals,Government - Hospital District or Authority,1.0,,,,1,0,0
110064,PIEDMONT COLUMBUS REGIONAL MIDTOWN,710 CENTER STREET,COLUMBUS,GA,31901,MUSCOGEE,(706) 571-1000,Acute Care Hospitals,Voluntary Non-Profit - Other,1.0,,,,1,1,0
110069,EMORY HOUSTON HOSPITAL WARNER ROBINS,1601 WATSON BOULEVARD,WARNER ROBINS,GA,31093,HOUSTON,(478) 922-4281,Acute Care Hospitals,Voluntary Non-Profit - Private,1.0,,,,1,1,0
110071,APPLING HEALTHCARE,163 E TOLLISON STREET,BAXLEY,GA,31513,APPLING,(912) 367-9841,Acute Care Hospitals,Government - Hospital District or Authority,1.0,,,,1,1,0
110073,DORMINY MEDICAL CENTER,"200 PERRY HOUSE ROAD, BOX 1447",FITZGERALD,GA,31750,BEN HILL,(229) 424-7100,Acute Care Hospitals,Government - Hospital District or Authority,1.0,,,,1,1,0
110074,PIEDMONT ATHENS REGIONAL MEDICAL CENTER,1199 PRINCE AVENUE,ATHENS,GA,30606,CLARKE,(706) 475-7000,Acute Care Hospitals,Voluntary Non-Profit - Other,1.0,,,,1,1,0
110075,EAST GEORGIA REGIONAL MEDICAL CENTER,1499 FAIR ROAD,STATESBORO,GA,30458,BULLOCH,(912) 486-1500,Acute Care Hospitals,Proprietary,1.0,,,,1,1,0
110076,EMORY DECATUR HOSPITAL,2701 N DECATUR ROAD,DECATUR,GA,30033,DE KALB,(404) 501-1000,Acute Care Hospitals,Voluntary Non-Profit - Private,1.0,,,,1,1,0
110078,EMORY UNIVERSITY HOSPITAL MIDTOWN,"550 PEACHTREE STREET,  NE",ATLANTA,GA,30308,FULTON,(404) 686-2450,Acute Care Hospitals,Voluntary Non-Profit - Private,1.0,,,,1,1,0
110079,GRADY MEMORIAL HOSPITAL,"80 JESSE HILL, JR DRIVE SE",ATLANTA,GA,30303,FULTON,(404) 616-1000,Acute Care Hospitals,Government - Hospital District or Authority,1.0,,,,1,1,0
110082,"SAINT JOSEPH'S HOSPITAL OF ATLANTA, INC",5665 PEACHTREE DUNWOODY ROAD,ATLANTA,GA,30342,FULTON,(678) 843-7001,Acute Care Hospitals,Voluntary Non-Profit - Church,1.0,,,,1,1,0
110083,"PIEDMONT HOSPITAL, INC",1968 PEACHTREE RD NW,ATLANTA,GA,30309,FULTON,(404) 605-5000,Acute Care Hospitals,Voluntary Non-Profit - Private,1.0,,,,1,1,0
110086,WASHINGTON COUNTY REGIONAL MEDICAL CENTER,610 SPARTA ROAD,SANDERSVILLE,GA,31082,WASHINGTON,(478) 240-2100,Acute Care Hospitals,Government - Hospital District or Authority,1.0,,,,1,1,0
110087,NORTHSIDE HOSPITAL GWINNETT,1000 MEDICAL CENTER BOULEVARD,LAWRENCEVILLE,GA,30045,GWINNETT,(678) 312-4310,Acute Care Hospitals,Government - Hospital District or Authority,1.0,,,,1,1,0
110089,"COFFEE REGIONAL MEDICAL CENTER, INC",1101 OCILLA ROAD,DOUGLAS,GA,31642,ATKINSON,(912) 384-1900,Acute Care Hospitals,Government - Hospital District or Authority,1.0,,,,1,1,0
110091,PIEDMONT ROCKDALE HOSPITAL,"1412 MILSTEAD AVENUE, NE",CONYERS,GA,30012,ROCKDALE,(770) 918-3000,Acute Care Hospitals,Proprietary,1.0,,,,1,1,0
110092,DODGE COUNTY HOSPITAL,901 GRIFFIN AVE,EASTMAN,GA,31023,DODGE,(478) 448-4067,Acute Care Hospitals,Government - Hospital District or Authority,1.0,,,,1,1,0
110095,TIFT REGIONAL MEDICAL CENTER,901 E 18TH STREET,TIFTON,GA,31794,TIFT,(229) 382-7120,Acute Care Hospitals,Government - Hospital District or Authority,1.0,,,,1,1,0
110100,JEFFERSON HOSPITAL,1067 PEACHTREE ST,LOUISVILLE,GA,30434,JEFFERSON,(478) 625-7000,Acute Care Hospitals,Government - Hospital District or Authority,1.0,,,,1,1,0
110101,"SOUTHWELL MEDICAL, A CAMPUS OF TRMC",260 MJ TAYLOR ROAD,ADEL,GA,31620,COOK,(229) 896-8077,Acute Care Hospitals,Proprietary,1.0,,,,1,1,0
110104,CRISP REGIONAL HOSPITAL,902 7TH STREET NORTH,CORDELE,GA,31015,CRISP,(229) 276-3100,Acute Care Hospitals,Government - Hospital District or Authority,1.0,,,,1,1,0
110105,COLQUITT REGIONAL MEDICAL CENTER,3131 SOUTH MAIN STREET,MOULTRIE,GA,31768,COLQUITT,(229) 985-3420,Acute Care Hospitals,Government - Hospital District or Authority,1.0,,,,1,1,0
110107,ATRIUM HEALTH NAVICENT THE MEDICAL CENTER,777 HEMLOCK STREET,MACON,GA,31201,BIBB,(478) 633-1000,Acute Care Hospitals,Government - Hospital District or Authority,1.0,,,,1,1,0
110109,EMANUEL MEDICAL CENTER,117 KITE ROAD,SWAINSBORO,GA,30401,EMANUEL,(478) 289-1304,Acute Care Hospitals,Government - Hospital District or Authority,1.0,,,,1,1,0
110111,UNIVERSITY MCDUFFIE COUNTY REGIONAL MEDICAL CENTER,2460 WASHINGTON ROAD,THOMSON,GA,30824,MC DUFFIE,(706) 595-1411,Acute Care Hospitals,Government - Hospital District or Authority,1.0,,,,1,1,0
110112,BERRIEN COUNTY HOSPITAL,1221 EAST MCPHERSON STREET,NASHVILLE,GA,31639,BERRIEN,2295437100,Acute Care Hospitals,Proprietary,1.0,,,,1,0,0
110113,BURKE MEDICAL CENTER,351 SOUTH LIBERTY STREET,WAYNESBORO,GA,30830,BURKE,(706) 554-4435,Acute Care Hospitals,Proprietary,1.0,,,,1,1,0
110115,ATLANTA MEDICAL CENTER,303 PARKWAY DR NE,ATLANTA,GA,30312,FULTON,4042654000,Acute Care Hospitals,Proprietary,1.0,,,,1,0,0
110121,GRADY GENERAL HOSPITAL,"1155 5TH STREET, SE",CAIRO,GA,39828,GRADY,(229) 377-0251,Acute Care Hospitals,Voluntary Non-Profit - Private,1.0,,,,1,1,0
110122,SGMC HEALTH,"2501 NORTH PATTERSON STREET, PO BOX 1727",VALDOSTA,GA,31602,LOWNDES,(229) 333-1020,Acute Care Hospitals,Government - Hospital District or Authority,1.0,,,,1,1,0
110124,WAYNE MEMORIAL HOSPITAL,865 SOUTH FIRST STREET,JESUP,GA,31545,WAYNE,(912) 427-6811,Acute Care Hospitals,Government - Hospital District or Authority,1.0,,,,1,1,0
110125,FAIRVIEW PARK HOSPITAL,200 INDUSTRIAL BOULEVARD,DUBLIN,GA,31021,LAURENS,(478) 274-3100,Acute Care Hospitals,Proprietary,1.0,,,,1,1,0
110128,MEMORIAL HEALTH MEADOWS HOSPITAL,ONE MEADOWS PARKWAY,VIDALIA,GA,30474,TOOMBS,(912) 535-5828,Acute Care Hospitals,Voluntary Non-Profit - Other,1.0,,,,1,1,0
110129,ST FRANCIS HOSPITAL- EMORY HEALTHCARE,2122 MANCHESTER EXPRESSWAY,COLUMBUS,GA,31995,MUSCOGEE,(706) 596-4020,Acute Care Hospitals,Voluntary Non-Profit - Private,1.0,,,,1,1,0
110130,IRWIN COUNTY HOSPITAL,710 N IRWIN AVENUE,OCILLA,GA,31774,IRWIN,2294683845,Acute Care Hospitals,Government - Hospital District or Authority,1.0,,,,1,0,0
110132,MEMORIAL HOSPITAL AND MANOR,1500 E SHOTWELL STREET,BAINBRIDGE,GA,39819,DECATUR,(229) 246-3500,Acute Care Hospitals,Government - Hospital District or Authority,1.0,,,,1,1,0
110135,TAYLOR REGIONAL HOSPITAL,1297 MACON HIGHWAY,HAWKINSVILLE,GA,31036,PULASKI,4787830200,Acute Care Hospitals,Voluntary Non-Profit - Private,1.0,,,,1,0,0
110142,EVANS MEMORIAL HOSPITAL,200 N RIVER STREET,CLAXTON,GA,30417,EVANS,(912) 739-5105,Acute Care Hospitals,Government - Hospital District or Authority,1.0,,,,1,1,0
110143,WELLSTAR COBB MEDICAL CENTER,3950 AUSTELL RD,AUSTELL,GA,30106,COBB,(770) 732-4000,Acute Care Hospitals,Voluntary Non-Profit - Other,1.0,,,,1,1,0
110146,SOUTHEAST GEORGIA HEALTH SYSTEM -- CAMDEN CAMPUS,2000 DAN PROCTOR DRIVE,SAINT MARYS,GA,31558,CAMDEN,(912) 576-6401,Acute Care Hospitals,Government - Hospital District or Authority,1.0,,,,1,1,0
110150,NAVICENT HEALTH BALDWIN,821 NORTH COBB STREET,MILLEDGEVILLE,GA,31061,BALDWIN,(478) 454-3550,Acute Care Hospitals,Voluntary Non-Profit - Private,1.0,,,,1,1,0
110153,PERRY HOSPITAL,1120 MORNINGSIDE DR,PERRY,GA,31069,HOUSTON,4789873600,Acute Care Hospitals,Voluntary Non-Profit - Private,1.0,,,,1,0,0
110161,NORTHSIDE HOSPITAL,"1000 JOHNSON FERRY ROAD, NE",ATLANTA,GA,30342,FULTON,(404) 851-8000,Acute Care Hospitals,Voluntary Non-Profit - Private,1.0,,,,1,1,0
110163,PHOEBE NORTH,2000 PALMYRA RD BOX 1908,ALBANY,GA,31701,DOUGHERTY,2294342000,Acute Care Hospitals,Proprietary,1.0,,,,1,0,0
110164,"COLISEUM MEDICAL CENTERS, LLC, DBA",350 HOSPITAL DRIVE,MACON,GA,31217,BIBB,(478) 765-7000,Acute Care Hospitals,Voluntary Non-Profit - Private,1.0,,,,1,1,0
110165,SOUTHERN REGIONAL MEDICAL CENTER,"11 UPPER RIVERDALE ROAD, SW",RIVERDALE,GA,30274,CLAYTON,(770) 991-8160,Acute Care Hospitals,Voluntary Non-Profit - Private,1.0,,,,1,1,0
110168,ADVENTHEALTH REDMOND,501 REDMOND ROAD NW,ROME,GA,30165,FLOYD,(706) 802-3012,Acute Care Hospitals,Proprietary,1.0,,,,1,1,0
110177,DOCTORS HOSPITAL,3651 WHEELER ROAD,AUGUSTA,GA,30909,RICHMOND,(706) 651-6008,Acute Care Hospitals,Proprietary,1.0,,,,1,1,0
110183,EMORY-ADVENTIST HOSPITAL,3949 SOUTH COBB DRIVE,SMYRNA,GA,30080,COBB,7704340710,Acute Care Hospitals,Voluntary Non-Profit - Church,1.0,,,,1,0,0
110184,WELLSTAR DOUGLAS MEDICAL CENTER,8954 HOSPITAL DRIVE,DOUGLASVILLE,GA,30134,DOUGLAS,(770) 949-1500,Acute Care Hospitals,Voluntary Non-Profit - Private,1.0,,,,1,1,0
110186,DOCTORS HOSPITAL,616 19TH STREET,COLUMBUS,GA,31901,MUSCOGEE,7064944262,Acute Care Hospitals,Proprietary,1.0,,,,1,0,0
110187,CHESTATEE REGIONAL HOSPITAL,227 MOUNTAIN DR,DAHLONEGA,GA,30533,LUMPKIN,7068646136,Acute Care Hospitals,Proprietary,1.0,,,,1,0,0
110189,FANNIN REGIONAL HOSPITAL,2855 OLD HIGHWAY 5 NORTH,BLUE RIDGE,GA,30513,FANNIN,7066323711,Acute Care Hospitals,Proprietary,1.0,,,,1,0,0
110190,FLINT RIVER COMMUNITY HOSPITAL,"509 SUMTER STREET, BOX 770",MONTEZUMA,GA,31063,DOOLY,(478) 472-3100,Acute Care Hospitals,Proprietary,1.0,,,,1,1,0
110191,PIEDMONT HENRY HOSPITAL,1133 EAGLE'S LANDING PARKWAY,STOCKBRIDGE,GA,30281,HENRY,(678) 604-1000,Acute Care Hospitals,Government - Hospital District or Authority,1.0,,,,1,1,0
110192,PIEDMONT EASTSIDE MEDICAL CENTER,1700 MEDICAL WAY,SNELLVILLE,GA,30078,GWINNETT,(770) 979-0200,Acute Care Hospitals,Proprietary,1.0,,,,1,1,0
110194,DONALSONVILLE HOSPITAL INC,102 HOSPITAL CIR,DONALSONVILLE,GA,39845,SEMINOLE,(229) 524-5217,Acute Care Hospitals,Voluntary Non-Profit - Private,1.0,,,,1,1,0
110198,WELLSTAR NORTH FULTON MEDICAL CENTER,3000 HOSPITAL BOULEVARD,ROSWELL,GA,30076,FULTON,(770) 751-2500,Acute Care Hospitals,Proprietary,1.0,,,,1,1,0
110200,PIEDMONT COLUMBUS REGIONAL NORTHSIDE,100 FRIST COURT,COLUMBUS,GA,31909,MUSCOGEE,(706) 494-2101,Acute Care Hospitals,Proprietary,0.0,,,,1,1,0
110201,PIEDMONT MACON NORTH HOSPITAL,400 CHARTER BOULEVARD,MACON,GA,31210,BIBB,(478) 757-5990,Acute Care Hospitals,Proprietary,1.0,,,,1,1,0
110203,WESLEY WOODS GERIATRIC HOSPITAL,"1821 CLIFTON ROAD, NE",ATLANTA,GA,30329,DEKALB,4047286250,Acute Care Hospitals,Voluntary Non-Profit - Private,0.0,,,,1,0,0
110205,NORTH GEORGIA MEDICAL CENTER,1362 SOUTH MAIN STREET,ELLIJAY,GA,30540,GILMER,7062764741,Acute Care Hospitals,Proprietary,1.0,,,,1,0,0
110209,TURNING POINT HOSPITAL,3015 VETERANS PARKWAY,MOULTRIE,GA,31788,COLQUITT,(229) 985-4815,Acute Care Hospitals,Proprietary,0.0,,,,1,1,0
110212,SMITH NORTHVIEW HOSPITAL,4280 NORTH VALDOSTA ROAD,VALDOSTA,GA,31602,LOWNDES,2296712002,Acute Care Hospitals,Proprietary,,,,,1,0,0
110215,PIEDMONT FAYETTE HOSPITAL,1255 HIGHWAY 54 WEST,FAYETTEVILLE,GA,30214,FAYETTE,(770) 719-7000,Acute Care Hospitals,Voluntary Non-Profit - Private,1.0,,,,1,1,0
110219,SOUTH FULTON MEDICAL CENTER,1170 CLEVELAND AVENUE,EAST POINT,GA,30344,FULTON,4043053550,Acute Care Hospitals,Proprietary,0.0,,,,1,0,0
110225,PIEDMONT MOUNTAINSIDE HOSPITAL INC,1266 HIGHWAY 515 SOUTH,JASPER,GA,30143,PICKENS,(706) 692-2441,Acute Care Hospitals,Voluntary Non-Profit - Other,1.0,,,,1,1,0
110226,EMORY HILLANDALE HOSPITAL,2801 DEKALB MEDICAL PARKWAY,LITHONIA,GA,30058,DE KALB,(404) 501-8040,Acute Care Hospitals,Government - Hospital District or Authority,1.0,,,,1,1,0
110229,"PIEDMONT NEWNAN HOSPITAL, INC",745 POPLAR ROAD,NEWNAN,GA,30265,COWETA,(770) 400-2300,Acute Care Hospitals,Voluntary Non-Profit - Private,1.0,,,,1,1,0
110230,EMORY JOHNS CREEK HOSPITAL,6325 HOSPITAL PARKWAY,JOHNS CREEK,GA,30097,GWINNETT,(678) 474-7000,Acute Care Hospitals,Proprietary,1.0,,,,1,1,0
110233,"SOUTHEASTERN REGIONAL MEDICAL CENTER, INC",600 CELEBRATE LIFE PARKWAY NORTH,NEWNAN,GA,30265,COWETA,(404) 844-8334,,,,,,,0,1,0
110234,SGMC BERRIEN CAMPUS,1221 E MCPHERSON AVENUE,NASHVILLE,GA,31639,BERRIEN,(229) 543-7100,,,,,,,0,1,0
110236,CHI MEMORIAL HOSPITAL- GEORGIA,100 GROSS CRESCENT CIRCLE,FORT OGLETHORPE,GA,30742,CATOOSA,(770) 874-5400,,,,,,,0,1,0
110237,NORTHEAST GEORGIA MEDICAL CENTER LUMPKIN,227 MOUNTAIN DRIVE,DAHLONEGA,GA,30533,LUMPKIN,(770) 219-7146,,,,,,,0,1,0
110252,NORTHSIDE HOSPITAL DULUTH,3620 HOWELL FERRY ROAD,DULUTH,GA,30096,GWINNETT,(678) 312-1000,,,,,,,0,1,0
11029F,DECATUR (ATLANTA) VA MEDICAL CENTER,1670 CLAIRMONT ROAD,DECATUR,GA,30033,DE KALB,(404) 321-6111,ACUTE CARE - VETERANS ADMINISTRATION,Government - Federal,1.0,,,,1,1,0
11030F,AUGUSTA VA MEDICAL CENTER,1 FREEDOM WAY,AUGUSTA,GA,30904,RICHMOND,(706) 823-2201,ACUTE CARE - VETERANS ADMINISTRATION,Government - Federal,1.0,,,,1,1,0
11031F,DUBLIN VA MEDICAL CENTER,1826 VETERANS BOULEVARD,DUBLIN,GA,31021,LAURENS,(478) 277-2701,ACUTE CARE - VETERANS ADMINISTRATION,Government - Federal,1.0,,,,1,1,0
11032F,Martin ACH (FT Benning),6600 Van Aalst Blvd,Fort Benning,GA,31905,CHATTAHOOCHEE,(762) 408-2604,,,,,,,0,1,0
11033F,Dwight Eisenhower AMC (FT Gordon),300 East Hospital Rd,Fort Gordon,GA,30905,RICHMOND,(706) 787-5811,,,,,,,0,1,0
11035F,Winn ACH (FT Stewart),1061 Harmon Ave,Fort Stewart,GA,31314,LIBERTY,(912) 435-6633,,,,,,,0,1,0
110779,IRWIN COUNTY HOSPITAL,710 N IRWIN AVENUE,OCILLA,GA,31774,IRWIN,(229) 468-3845,,,,,,,0,1,0
110780,BLUE RIDGE MEDICAL CENTER,2855 OLD HIGHWAY 5 NORTH,BLUE RIDGE,GA,30513,FANNIN,(706) 632-3711,,,,,,,0,1,0
110781,TAYLOR REGIONAL HOSPITAL,222 PERRY HWY,HAWKINSVILLE,GA,31036,PULASKI,(478) 783-0200,,,,,,,0,1,0
111300,SOUTHWEST GEORGIA REGIONAL MEDICAL CENTER,361 RANDOLPH STREET,CUTHBERT,GA,39840,RANDOLPH,2297322181,Critical Access Hospitals,Government - Hospital District or Authority,1.0,,,,1,0,0
111302,BLECKLEY MEMORIAL HOSPITAL,145 PEACOCK STREET,COCHRAN,GA,31014,BLECKLEY,(478) 934-6211,Critical Access Hospitals,Government - Hospital District or Authority,1.0,,,,1,1,0
111303,JASPER MEMORIAL HOSPITAL,898 COLLEGE STREET,MONTICELLO,GA,31064,JASPER,(706) 468-6411,Critical Access Hospitals,Voluntary Non-Profit - Private,1.0,,,,1,1,0
111304,MORGAN MEDICAL CENTER,1740 LIONS CLUB ROAD,MADISON,GA,30650,MORGAN,(706) 342-1667,Critical Access Hospitals,Government - Hospital District or Authority,1.0,,,,1,1,0
111305,MILLER COUNTY HOSPITAL,209 N CUTHBERT STREET,COLQUITT,GA,39837,MILLER,(229) 758-4231,Critical Access Hospitals,Government - Hospital District or Authority,1.0,,,,1,1,0
111306,EFFINGHAM HEALTH SYSTEM,459 GA HIGHWAY 119 SOUTH,SPRINGFIELD,GA,31329,EFFINGHAM,(912) 754-0160,Critical Access Hospitals,Government - Hospital District or Authority,1.0,,,,1,1,0
111308,CLINCH MEMORIAL HOSPITAL,1050 VALDOSTA HIGHWAY,HOMERVILLE,GA,31634,CLINCH,(912) 487-5211,Critical Access Hospitals,Government - Hospital District or Authority,1.0,,,,1,1,0
111310,ATRIUM HEALTH NAVICENT PEACH,1960 HIGHWAY 247 CONNECTOR,BYRON,GA,31008,PEACH,(478) 654-2000,Critical Access Hospitals,Government - Hospital District or Authority,1.0,,,,1,1,0
111311,JENKINS COUNTY MEDICAL CENTER,931 EAST WINTHROPE AVENUE,MILLEN,GA,30442,JENKINS,(478) 982-4221,Critical Access Hospitals,Government - Hospital District or Authority,1.0,,,,1,1,0
111312,OPTIM MEDICAL CENTER - SCREVEN,215 MIMS ROAD,SYLVANIA,GA,30467,SCREVEN,(912) 564-7426,Critical Access Hospitals,Government - Hospital District or Authority,1.0,,,,1,1,0
111313,PUTNAM GENERAL HOSPITAL,101 LAKE OCONEE PARKWAY,EATONTON,GA,31024,PUTNAM,(706) 485-2711,Critical Access Hospitals,Government - Hospital District or Authority,1.0,,,,1,1,0
111314,LIFEBRITE COMMUNITY HOSPITAL OF EARLY,11740 COLUMBIA STREET,BLAKELY,GA,39823,EARLY,(229) 723-4241,Critical Access Hospitals,Voluntary Non-Profit - Private,1.0,,,,1,1,0
111315,CHARLTON MEMORIAL HOSPITAL,2449 THIRD STREET,FOLKSTON,GA,31537,CHARLTON,9124962531,Critical Access Hospitals,Government - Hospital District or Authority,1.0,,,,1,0,0
111316,WARM SPRINGS MEDICAL CENTER,5995 SPRING STREET,WARM SPRINGS,GA,31830,MERIWETHER,(706) 655-9351,Critical Access Hospitals,Voluntary Non-Profit - Other,1.0,,,,1,1,0
111318,MONROE COUNTY HOSPITAL,88 MARTIN LUTHER KING JR DRIVE,FORSYTH,GA,31029,MONROE,(478) 994-2521,Critical Access Hospitals,Government - Hospital District or Authority,1.0,,,,1,1,0
111319,WELLSTAR SYLVAN GROVE MEDICAL CENTER,1050 MCDONOUGH ROAD,JACKSON,GA,30233,BUTTS,(770) 775-7861,Critical Access Hospitals,Government - Hospital District or Authority,1.0,,,,1,1,0
111320,HIGGINS GENERAL HOSPITAL,200 ALLEN MEMORIAL DRIVE,BREMEN,GA,30110,HARALSON,(770) 812-2000,Critical Access Hospitals,Government - Hospital District or Authority,1.0,,,,1,1,0
111321,"LOWER OCONEE COMMUNITY HOSPITAL, INC",111 N THIRD STREET,GLENWOOD,GA,30428,WHEELER,9125235113,Critical Access Hospitals,Proprietary,1.0,,,,1,0,0
111322,STEWART WEBSTER HOSPITAL,580 ALSTON STREET,RICHLAND,GA,31825,STEWART,2298873366,Critical Access Hospitals,Proprietary,1.0,,,,1,0,0
111323,OPTIM MEDICAL CENTER - TATTNALL,247 S MAIN STREET,REIDSVILLE,GA,30453,TATTNALL,(912) 557-1000,Critical Access Hospitals,Proprietary,1.0,,,,1,1,0
111324,CHATUGE REGIONAL HOSPITAL,110 S MAIN STREET,HIAWASSEE,GA,30546,TOWNS,(706) 896-2222,Critical Access Hospitals,Voluntary Non-Profit - Private,1.0,,,,1,1,0
111325,WILLS MEMORIAL HOSPITAL,120 GORDON STREET,WASHINGTON,GA,30673,WILKES,(706) 678-9212,Critical Access Hospitals,Government - Hospital District or Authority,1.0,,,,1,1,0
111326,SGMC HEALTH LANIER,116 WEST THIGPEN AVENUE,LAKELAND,GA,31635,LANIER,(229) 482-8402,Critical Access Hospitals,Voluntary Non-Profit - Private,1.0,,,,1,1,0
111327,BACON COUNTY HOSPITAL,302 SOUTH WAYNE STREET,ALMA,GA,31510,BACON,(912) 632-8961,Critical Access Hospitals,Voluntary Non-Profit - Other,1.0,,,,1,1,0
111328,PHOEBE WORTH MEDICAL CENTER,807 SOUTH ISABELLA STREET,SYLVESTER,GA,31791,WORTH,(229) 777-3851,Critical Access Hospitals,Voluntary Non-Profit - Private,1.0,,,,1,1,0
111329,ST MARYS GOOD SAMARITAN HOSPITAL,5401 LAKE OCONEE PARKWAY,GREENSBORO,GA,30642,GREENE,(706) 453-7331,Critical Access Hospitals,Proprietary,1.0,,,,1,1,0
111330,ATRIUM HEALTH FLOYD POLK MEDICAL CENTER,2360 ROCKMART HIGHWAY,CEDARTOWN,GA,30125,POLK,(770) 748-2500,Critical Access Hospitals,Government - Hospital District or Authority,1.0,,,,1,1,0
111331,ARCHBOLD MITCHELL,90  E STEPHENS STREET,CAMILLA,GA,31730,MITCHELL,(229) 336-5284,Critical Access Hospitals,Voluntary Non-Profit - Private,1.0,,,,1,1,0
111332,ARCHBOLD BROOKS,903 N COURT STREET,QUITMAN,GA,31643,BROOKS,(912) 263-4171,Critical Access Hospitals,Voluntary Non-Profit - Other,1.0,,,,1,1,0
111333,JEFF DAVIS HOSPITAL,163 SOUTH TALLAHASSEE STREET,HAZLEHURST,GA,31539,JEFF DAVIS,(912) 375-7781,Critical Access Hospitals,Government - Hospital District or Authority,1.0,,,,1,1,0
111334,CANDLER COUNTY HOSPITAL,400 CEDAR STREET,METTER,GA,30439,CANDLER,(912) 685-5741,Critical Access Hospitals,Government - Hospital District or Authority,1.0,,,,1,1,0
111335,LIBERTY REGIONAL MEDICAL CENTER,462 E G MILES PARKWAY,HINESVILLE,GA,31313,LIBERTY,(912) 369-9400,Critical Access Hospitals,Government - Hospital District or Authority,1.0,,,,1,1,0
111336,MOUNTAIN LAKES MEDICAL CENTER,162 LEGACY POINT,CLAYTON,GA,30525,RABUN,(706) 782-3100,,,,,,,0,1,0
111337,ELBERT MEMORIAL HOSPITAL,4 MEDICAL DRIVE,ELBERTON,GA,30635,ELBERT,(706) 213-2535,,,,,,,0,1,0
113300,ATHUR M BLANK HOSPITAL,2220 NORTH DRUID HILLS ROAD NE,ATLANTA,GA,30329,DE KALB,(404) 785-4577,,,,,,,0,1,0
113301,CHILDREN'S HEALTHCARE OF ATLANTA AT SCOTTISH RITE,1001 JOHNSON FERRY ROAD,ATLANTA,GA,30342,FULTON,(404) 785-5252,,,,,,,0,1,0
120001,THE QUEENS MEDICAL CENTER,1301 PUNCHBOWL ST,HONOLULU,HI,96813,HONOLULU,(808) 538-9011,Acute Care Hospitals,Voluntary Non-Profit - Private,1.0,,,,1,1,0
120002,MAUI MEMORIAL MEDICAL CENTER,221 MAHALANI STREET,WAILUKU,HI,96793,MAUI,(808) 244-9056,Acute Care Hospitals,Government - State,1.0,,,,1,1,0
120004,WAHIAWA GENERAL HOSPITAL,128 LEHUA STREET,WAHIAWA,HI,96786,HONOLULU,8086218411,Acute Care Hospitals,Voluntary Non-Profit - Private,1.0,,,,1,0,0
120005,HILO BENIOFF MEDICAL CENTER,1190 WAIANUENUE AVENUE,HILO,HI,96720,HAWAII,(808) 932-3000,Acute Care Hospitals,Government - State,1.0,,,,1,1,0
120006,ADVENTIST HEALTH CASTLE,640 ULUKAHIKI ST,KAILUA,HI,96734,HONOLULU,(808) 263-5015,Acute Care Hospitals,Voluntary Non-Profit - Church,1.0,,,,1,1,0
120007,KUAKINI MEDICAL CENTER,347 NORTH KUAKINI STREET,HONOLULU,HI,96817,HONOLULU,(808) 536-2236,Acute Care Hospitals,Voluntary Non-Profit - Private,1.0,,,,1,1,0
120010,HAWAII MEDICAL CENTER EAST,2230 LILIHA STREET,HONOLULU,HI,96817,HONOLULU,8085476011,Acute Care Hospitals,Proprietary,1.0,,,,1,0,0
120011,KAISER FOUNDATION HOSPITAL,3288 MOANALUA RD,HONOLULU,HI,96819,HONOLULU,(808) 432-0000,Acute Care Hospitals,Voluntary Non-Profit - Private,1.0,,,,1,1,0
120014,WILCOX MEMORIAL HOSPITAL,3-3420 KUHIO HIGHWAY,LIHUE,HI,96766,KAUAI,(808) 245-1100,Acute Care Hospitals,Government - Federal,1.0,,,,1,1,0
120019,KONA COMMUNITY HOSPITAL,79-1019 HAUKAPILA STREET,KEALAKEKUA,HI,96750,HAWAII,(808) 322-9311,Acute Care Hospitals,Government - State,1.0,,,,1,1,0
12001F,Tripler AMC (FT Shafter),1 Jarrett White Rd,Honolulu,HI,96859,HONOLULU,(808) 433-2778,,,,,,,0,1,0
120022,STRAUB CLINIC AND HOSPITAL,888 S KING STREET,HONOLULU,HI,96813,HONOLULU,(808) 522-4000,Acute Care Hospitals,Proprietary,1.0,,,,1,1,0
120026,PALI MOMI MEDICAL CENTER,98-1079 MOANALUA ROAD,AIEA,HI,96701,HONOLULU,(808) 486-6000,Acute Care Hospitals,Proprietary,1.0,,,,1,1,0
120027,HAWAII MEDICAL CENTER WEST,91-2141 FORT WEAVER ROAD,EWA BEACH,HI,96706,HONOLULU,8086787000,Acute Care Hospitals,Proprietary,1.0,,,,1,0,0
120028,"NORTH HAWAII COMMUNITY HOSPITAL, INC",67 1125 MAMALAHOA HIGHWAY,KAMUELA,HI,96743,HAWAII,(808) 885-4444,Acute Care Hospitals,Voluntary Non-Profit - Private,1.0,,,,1,1,0
121300,KAUAI VETERANS MEMORIAL HOSPITAL,4643 WAIMEA CANYON DRIVE,WAIMEA,HI,96796,KAUAI,(808) 338-9431,Critical Access Hospitals,Government - State,1.0,,,,1,1,0
121301,KAU HOSPITAL,1 KAMANI STREET,PAHALA,HI,96777,HAWAII,(808) 932-4200,,,,,,,0,1,0
121302,KOHALA HOSPITAL,54-383 HOSPITAL ROAD,KAPAAU,HI,96755,HAWAII,(808) 889-6211,,,,,,,0,1,0
121303,MOLOKAI GENERAL HOSPITAL,280 HOME OLU PLACE,KAUNAKAKAI,HI,96748,MAUI,(808) 553-5331,Critical Access Hospitals,Voluntary Non-Profit - Other,1.0,,,,1,1,0
121304,KAHUKU MEDICAL CENTER,56-117 PUALALEA STREET,KAHUKU,HI,96731,HONOLULU,(808) 293-6200,Critical Access Hospitals,Voluntary Non-Profit - Other,1.0,,,,1,1,0
121305,LANAI COMMUNITY HOSPITAL,628 7TH STREET,LANAI CITY,HI,96763,MAUI,(808) 565-8450,,,,,,,0,1,0
121306,SAMUEL MAHELONA MEMORIAL HOSPITAL,4800 KAWAIHAU ROAD,KAPAA,HI,96746,KAUAI,(808) 822-4961,Critical Access Hospitals,Government - State,0.0,,,,1,1,0
121307,HALE HO'OLA HAMAKUA,45-547 PLUMERIA STREET,HONOKAA,HI,96727,HAWAII,(808) 932-4000,,,,,,,0,1,0
121308,KULA HOSPITAL,100 KEOKEA PLACE,KULA,HI,96790,MAUI,(808) 878-1221,Critical Access Hospitals,Government - State,1.0,,,,1,1,0
123300,KAPIOLANI MEDICAL CENTER FOR WOMEN & CHILDREN,1319 PUNAHOU STREET,HONOLULU,HI,96826,HONOLULU,(808) 983-6000,,,,,,,0,1,0
123301,SHRINERS HOSPITAL FOR CHILDREN,1310 PUNAHOU STREET,HONOLULU,HI,96826,HONOLULU,(808) 941-4466,,,,,,,0,1,0
130002,ST LUKES MAGIC VALLEY MEDICAL CENTER,801 POLE LINE ROAD WEST,TWIN FALLS,ID,83301,TWIN FALLS,(208) 814-1000,Acute Care Hospitals,Voluntary Non-Profit - Private,1.0,,,,1,1,0
130003,ST JOSEPH REGIONAL MEDICAL CENTER,415 SIXTH STREET,LEWISTON,ID,83501,NEZ PERCE,(208) 799-5300,Acute Care Hospitals,Voluntary Non-Profit - Private,1.0,,,,1,1,0
130006,ST LUKE'S REGIONAL MEDICAL CENTER,190 EAST BANNOCK STREET,BOISE,ID,83712,ADA,(208) 381-2222,Acute Care Hospitals,Voluntary Non-Profit - Private,1.0,,,,1,1,0
130007,SAINT ALPHONSUS REGIONAL MEDICAL CENTER,1055 NORTH CURTIS ROAD,BOISE,ID,83706,ADA,(208) 367-2121,Acute Care Hospitals,Voluntary Non-Profit - Church,1.0,,,,1,1,0
130013,SAINT ALPHONSUS MEDICAL CENTER - NAMPA,4300 E FLAMINGO AVE,NAMPA,ID,83687,CANYON,(208) 463-5000,Acute Care Hospitals,Voluntary Non-Profit - Church,1.0,,,,1,1,0
130014,WEST VALLEY MEDICAL CENTER,1717 ARLINGTON STREET,CALDWELL,ID,83605,CANYON,(208) 459-4641,Acute Care Hospitals,Proprietary,1.0,,,,1,1,0
130018,EASTERN IDAHO REGIONAL MEDICAL CENTER,3100 CHANNING WAY,IDAHO FALLS,ID,83404,BONNEVILLE,(208) 529-6111,Acute Care Hospitals,Proprietary,1.0,,,,1,1,0
130025,MADISON MEMORIAL HOSPITAL,450 EAST MAIN STREET,REXBURG,ID,83440,MADISON,(208) 359-6488,Acute Care Hospitals,Government - Local,1.0,,,,1,1,0
130028,PORTNEUF MEDICAL CENTER,777 HOSPITAL WAY,POCATELLO,ID,83201,BANNOCK,(208) 239-1000,Acute Care Hospitals,Proprietary,1.0,,,,1,1,0
13003F,BOISE VA MEDICAL CENTER,500 W. FORT STREET,BOISE,ID,83702,ADA,(208) 422-1000,ACUTE CARE - VETERANS ADMINISTRATION,Government - Federal,1.0,,,,1,1,0
130049,KOOTENAI HEALTH,2003 KOOTENAI HEALTH WAY,COEUR D'ALENE,ID,83814,KOOTENAI,(208) 625-4000,Acute Care Hospitals,Government - Hospital District or Authority,1.0,,,,1,1,0
130063,TREASURE VALLEY HOSPITAL,8800 WEST EMERALD STREET,BOISE,ID,83704,ADA,(208) 373-5000,Acute Care Hospitals,Proprietary,0.0,,,,1,1,0
130065,MOUNTAIN VIEW HOSPITAL,2325 CORONADO STREET,IDAHO FALLS,ID,83404,BONNEVILLE,(208) 557-2700,Acute Care Hospitals,Proprietary,1.0,,,,1,1,0
130066,NORTHWEST SPECIALTY HOSPITAL,1593 EAST POLSTON AVENUE,POST FALLS,ID,83854,KOOTENAI,(208) 262-2300,Acute Care Hospitals,Proprietary,0.0,,,,1,1,0
130067,IDAHO DOCTORS HOSPITAL,350 NORTH MERIDIAN STREET,BLACKFOOT,ID,83221,BINGHAM,2087822900,Acute Care Hospitals,Proprietary,0.0,,,,1,0,0
130071,ST LUKE'S NAMPA MEDICAL CENTER,9850 WEST ST LUKES DRIVE,NAMPA,ID,83687,CANYON,(208) 505-2000,,,,,,,0,1,0
130073,GROVE CREEK MEDICAL CENTER,350 NORTH MERIDIAN STREET,BLACKFOOT,ID,83221,BINGHAM,(208) 782-2900,,,,,,,0,1,0
130074,"IDAHO FALLS COMMUNITY HOSPITAL, LLC",2327 CORONADO ST,IDAHO FALLS,ID,83404,BONNEVILLE,(208) 528-1000,,,,,,,0,1,0
130779,CASCADE MEDICAL CENTER,402 LAKE CASCADE PARKWAY,CASCADE,ID,83611,VALLEY,(208) 382-4242,,,,,,,0,1,0
131301,BOUNDARY COMMUNITY HOSPITAL,6640 KANIKSU STREET,BONNERS FERRY,ID,83805,BOUNDARY,(208) 267-3141,Critical Access Hospitals,Voluntary Non-Profit - Other,1.0,,,,1,1,0
131302,NORTH CANYON MEDICAL CENTER,267 NORTH CANYON DR,GOODING,ID,83330,GOODING,(208) 934-4433,,,,,,,0,1,0
131303,NELL J REDFIELD MEMORIAL HOSPITAL,150 NORTH 200 WEST,MALAD CITY,ID,83252,ONEIDA,(208) 766-2231,Critical Access Hospitals,Government - Local,1.0,,,,1,1,0
131304,POWER COUNTY HOSPITAL DISTRICT,510 ROOSEVELT STREET,AMERICAN FALLS,ID,83211,POWER,(208) 226-3200,,,,,,,0,1,0
131305,STEELE MEMORIAL MEDICAL CENTER,203 SOUTH DAISY STREET,SALMON,ID,83467,LEMHI,(208) 756-5600,Critical Access Hospitals,Voluntary Non-Profit - Other,1.0,,,,1,1,0
131307,WEISER MEMORIAL HOSPITAL,645 EAST 5TH STREET,WEISER,ID,83672,WASHINGTON,(208) 549-0370,Critical Access Hospitals,Government - Hospital District or Authority,1.0,,,,1,1,0
131309,CARIBOU MEDICAL CENTER,300 SOUTH 3RD WEST,SODA SPRINGS,ID,83276,CARIBOU,(208) 547-3341,,,,,,,0,1,0
131310,ST LUKE'S JEROME,709 NORTH LINCOLN AVENUE,JEROME,ID,83338,JEROME,(208) 324-4301,,,,,,,0,1,0
131311,ST LUKE'S ELMORE MEDICAL CENTER,895 NORTH 6TH EAST,MOUNTAIN HOME,ID,83647,ELMORE,(208) 587-8401,,,,,,,0,1,0
131312,ST LUKE'S MCCALL,1000 STATE STREET,MCCALL,ID,83638,VALLEY,(208) 630-2395,,,,,,,0,1,0
131313,TETON VALLEY HOSPITAL,120 EAST HOWARD AVE,DRIGGS,ID,83422,TETON,(208) 354-2383,,,,,,,0,1,0
131314,SHOSHONE MEDICAL CENTER,25 JACOBS GULCH ROAD,KELLOGG,ID,83837,SHOSHONE,(208) 784-1221,,,,,,,0,1,0
131315,SYRINGA GENERAL HOSPITAL,607 W MAIN STREET,GRANGEVILLE,ID,83530,IDAHO,(208) 983-1700,Critical Access Hospitals,Government - Hospital District or Authority,1.0,,,,1,1,0
131316,BEAR LAKE MEMORIAL HOSPITAL,164 SOUTH FIFTH STREET,MONTPELIER,ID,83254,BEAR LAKE,(208) 847-1630,Critical Access Hospitals,Government - Local,1.0,,,,1,1,0
131317,BENEWAH COMMUNITY HOSPITAL,229 SOUTH 7TH STREET,SAINT MARIES,ID,83861,BENEWAH,(208) 245-5551,Critical Access Hospitals,Government - Local,1.0,,,,1,1,0
131318,VALOR HEALTH,1202 EAST LOCUST STREET,EMMETT,ID,83617,GEM,(208) 365-3561,,,,,,,0,1,0
131319,MINIDOKA MEMORIAL HOSPITAL,1224 8TH STREET,RUPERT,ID,83350,MINIDOKA,(208) 436-0481,,,,,,,0,1,0
131320,CLEARWATER VALLEY HOSPITAL & CLINICS,301 CEDAR STREET,OROFINO,ID,83544,CLEARWATER,(208) 476-4555,Critical Access Hospitals,Voluntary Non-Profit - Private,1.0,,,,1,1,0
131321,ST MARY'S HOSPITAL,701 LEWISTON ST,COTTONWOOD,ID,83522,IDAHO,(208) 962-3251,Critical Access Hospitals,Voluntary Non-Profit - Private,1.0,,,,1,1,0
131322,FRANKLIN COUNTY MEDICAL CENTER,44 NORTH FIRST EAST,PRESTON,ID,83263,FRANKLIN,(208) 852-0137,Critical Access Hospitals,Government - Local,1.0,,,,1,1,0
131323,ST LUKE'S WOOD RIVER MEDICAL CENTER,100 HOSPITAL DRIVE,KETCHUM,ID,83340,BLAINE,(208) 727-8800,Critical Access Hospitals,Voluntary Non-Profit - Private,1.0,,,,1,1,0
131324,LOST RIVERS MEDICAL CENTER,551 HIGHLAND DRIVE,ARCO,ID,83213,BUTTE,(208) 252-7654,Critical Access Hospitals,Government - Hospital District or Authority,1.0,,,,1,1,0
131325,BINGHAM MEMORIAL HOSPITAL,98 POPLAR STREET,BLACKFOOT,ID,83221,BINGHAM,(208) 785-4100,Critical Access Hospitals,Voluntary Non-Profit - Private,1.0,,,,1,1,0
131326,CASSIA REGIONAL HOSPITAL,1501 HILAND AVENUE,BURLEY,ID,83318,CASSIA,(208) 678-4444,Critical Access Hospitals,Voluntary Non-Profit - Other,0.0,,,,1,1,0
131327,GRITMAN MEDICAL CENTER,700 SOUTH MAIN STREET,MOSCOW,ID,83843,LATAH,(208) 882-4511,Critical Access Hospitals,Voluntary Non-Profit - Private,1.0,,,,1,1,0
131328,BONNER GENERAL HOSPITAL,520 NORTH THIRD AVENUE,SANDPOINT,ID,83864,BONNER,(208) 263-1441,Critical Access Hospitals,Voluntary Non-Profit - Private,1.0,,,,1,1,0
140001,GRAHAM HOSPITAL ASSOCIATION,210 WEST WALNUT STREET,CANTON,IL,61520,FULTON,(309) 647-5240,Acute Care Hospitals,Voluntary Non-Profit - Other,1.0,,,,1,1,0
140002,ALTON MEMORIAL HOSPITAL,ONE MEMORIAL DRIVE,ALTON,IL,62002,MADISON,(314) 286-2227,Acute Care Hospitals,Voluntary Non-Profit - Private,1.0,,,,1,1,0
140007,SAINT JOSEPH MEDICAL CENTER,333 N MADISON ST,JOLIET,IL,60435,WILL,(815) 725-7133,Acute Care Hospitals,Voluntary Non-Profit - Church,1.0,,,,1,1,0
140008,LOYOLA GOTTLIEB MEMORIAL HOSPITAL,701 WEST NORTH AVE,MELROSE PARK,IL,60160,COOK,(708) 681-3200,Acute Care Hospitals,Voluntary Non-Profit - Private,1.0,,,,1,1,0
140010,NORTHSHORE UNIVERSITY HEALTHSYSTEM - EVANSTON HOSPITAL,2650 RIDGE AVE,EVANSTON,IL,60201,COOK,(847) 570-2000,Acute Care Hospitals,Voluntary Non-Profit - Other,1.0,,,,1,1,0
140011,HERRIN HOSPITAL,201 S 14TH ST,HERRIN,IL,62948,WILLIAMSON,(618) 942-2171,Acute Care Hospitals,Voluntary Non-Profit - Private,1.0,,,,1,1,0
140012,OSF SAINT KATHARINE MEDICAL CENTER,403 E 1ST ST,DIXON,IL,61021,LEE,(815) 288-5531,Acute Care Hospitals,Voluntary Non-Profit - Other,1.0,,,,1,1,0
140013,CARLE HEALTH PROCTOR HOSPITAL,5409 N KNOXVILLE AVE,PEORIA,IL,61354,LA SALLE,(309) 691-1000,Acute Care Hospitals,Voluntary Non-Profit - Private,1.0,,,,1,1,0
140015,BLESSING HOSPITAL,1005 BROADWAY ST,QUINCY,IL,62301,ADAMS,(217) 223-1200,Acute Care Hospitals,Voluntary Non-Profit - Private,1.0,,,,1,1,0
140018,MT SINAI HOSPITAL MEDICAL CENTER,15TH STREET AT CALIFORNIA,CHICAGO,IL,60608,COOK,(773) 542-2000,Acute Care Hospitals,Voluntary Non-Profit - Private,1.0,,,,1,1,0
140019,SHELBY MEMORIAL HOSPITAL,200 S CEDAR ST,SHELBYVILLE,IL,62565,SHELBY,2177743961,Acute Care Hospitals,Voluntary Non-Profit - Private,1.0,,,,1,0,0
140026,ST MARYS HOSPITAL,111  SPRING STREET,STREATOR,IL,61364,LA SALLE,8156732311,Acute Care Hospitals,Voluntary Non-Profit - Church,1.0,,,,1,0,0
140029,COPLEY MEMORIAL HOSPITAL,2000 OGDEN AVENUE,AURORA,IL,60504,KANE,(630) 978-6200,Acute Care Hospitals,Government - Local,1.0,,,,1,1,0
140030,ADVOCATE SHERMAN HOSPITAL,1425 NORTH RANDALL ROAD,ELGIN,IL,60123,KANE,(847) 742-9800,Acute Care Hospitals,Voluntary Non-Profit - Private,1.0,,,,1,1,0
140032,ST ANTHONYS MEMORIAL HOSPITAL,503 N MAPLE STREET,EFFINGHAM,IL,62401,EFFINGHAM,(217) 342-2121,Acute Care Hospitals,Voluntary Non-Profit - Church,1.0,,,,1,1,0
140033,VISTA MEDICAL CENTER WEST,2615 WASHINGTON ST,WAUKEGAN,IL,60085,LAKE,8472493900,Acute Care Hospitals,Voluntary Non-Profit - Church,1.0,,,,1,0,0
140034,SSM HEALTH ST MARY'S HOSPITAL -CENTRALIA,400 NORTH PLEASANT AVENUE,CENTRALIA,IL,62801,MARION,(618) 436-8000,Acute Care Hospitals,Voluntary Non-Profit - Church,1.0,,,,1,1,0
14003F,JESSE BROWN VA MEDICAL CENTER - VA CHICAGO HEALTHCARE SYSTEM,820 S DAMEN STREET,CHICAGO,IL,60612,COOK,(312) 569-8387,ACUTE CARE - VETERANS ADMINISTRATION,Government - Federal,1.0,,,,1,1,0
140040,GALESBURG COTTAGE HOSPITAL,695 N KELLOGG ST,GALESBURG,IL,61401,KNOX,3093454555,Acute Care Hospitals,Proprietary,1.0,,,,1,0,0
140043,CGH MEDICAL CENTER,100 EAST LEFEVRE ROAD,STERLING,IL,61081,WHITESIDE,(815) 625-0400,Acute Care Hospitals,Government - Local,1.0,,,,1,1,0
140046,GOOD SAMARITAN REGIONAL HLTH CENTER,1 GOOD SAMARITAN WAY,MOUNT VERNON,IL,62864,JEFFERSON,(618) 899-2201,Acute Care Hospitals,Voluntary Non-Profit - Church,1.0,,,,1,1,0
140048,ADVOCATE TRINITY HOSPITAL,2320 E 93RD ST,CHICAGO,IL,60617,COOK,(773) 967-5002,Acute Care Hospitals,Voluntary Non-Profit - Church,1.0,,,,1,1,0
140049,WEST SUBURBAN MEDICAL CENTER,3 ERIE COURT,OAK PARK,IL,60302,COOK,(708) 383-6200,Acute Care Hospitals,Voluntary Non-Profit - Other,1.0,,,,1,1,0
14004F,VA ILLIANA HEALTHCARE SYSTEM - DANVILLE,1900 E. MAIN,DANVILLE,IL,61832,VERMILION,(217) 554-3000,ACUTE CARE - VETERANS ADMINISTRATION,Government - Federal,1.0,,,,1,1,0
140051,SKOKIE HOSPITAL,9600 GROSS POINT ROAD,SKOKIE,IL,60076,COOK,8476779600,Acute Care Hospitals,Voluntary Non-Profit - Other,1.0,,,,1,0,0
140052,OSF SAINT ANTHONY'S HEALTH CENTER,ST ANTHONY'S WAY,ALTON,IL,62002,MADISON,(618) 465-2571,Acute Care Hospitals,Voluntary Non-Profit - Church,1.0,,,,1,1,0
140053,ST JOHNS HOSPITAL,800 E CARPENTER ST,SPRINGFIELD,IL,62769,SANGAMON,(217) 544-6464,Acute Care Hospitals,Voluntary Non-Profit - Church,1.0,,,,1,1,0
140054,MACNEAL  HOSPITAL,3249 SOUTH OAK PARK AVENUE,BERWYN,IL,60402,COOK,(708) 783-9100,Acute Care Hospitals,Proprietary,1.0,,,,1,1,0
140058,PASSAVANT AREA HOSPITAL,1600 W WALNUT ST,JACKSONVILLE,IL,62650,MORGAN,2172459551,Acute Care Hospitals,Voluntary Non-Profit - Private,1.0,,,,1,0,0
140059,JERSEY COMMUNITY HOSPITAL,400 MAPLE SUMMIT ROAD,JERSEYVILLE,IL,62052,JERSEY,(618) 498-6402,Acute Care Hospitals,Government - Local,1.0,,,,1,1,0
140062,PALOS COMMUNITY HOSPITAL,12251 SOUTH 80TH AVENUE,PALOS HEIGHTS,IL,60463,COOK,(708) 923-4000,Acute Care Hospitals,Voluntary Non-Profit - Private,1.0,,,,1,1,0
140063,RUSH OAK PARK HOSPITAL,520 S MAPLE AVE,OAK PARK,IL,60304,COOK,(708) 383-9300,Acute Care Hospitals,Voluntary Non-Profit - Church,0.0,,,,1,1,0
140064,ST MARY MEDICAL CENTER,3333 NORTH SEMINARY,GALESBURG,IL,61401,KNOX,(309) 344-3161,Acute Care Hospitals,Voluntary Non-Profit - Church,1.0,,,,1,1,0
140065,UCHICAGO MEDICINE ADVENTHEALTH LA GRANGE,5101 S WILLOW SPRINGS RD,LA GRANGE,IL,60525,COOK,(708) 352-1200,Acute Care Hospitals,Voluntary Non-Profit - Church,1.0,,,,1,1,0
140067,SAINT FRANCIS MEDICAL CENTER,530 NE GLEN OAK AVE,PEORIA,IL,61637,PEORIA,(309) 655-2000,Acute Care Hospitals,Voluntary Non-Profit - Church,1.0,,,,1,1,0
140068,ROSELAND COMMUNITY HOSPITAL,45 W 111TH STREET,CHICAGO,IL,60628,COOK,(773) 995-3000,Acute Care Hospitals,Voluntary Non-Profit - Other,1.0,,,,1,1,0
140077,TOUCHETTE REGIONAL HOSPITAL INC,5900 BOND AVENUE,CENTREVILLE,IL,62207,ST. CLAIR,(618) 332-3060,Acute Care Hospitals,Voluntary Non-Profit - Private,1.0,,,,1,1,0
14007F,HINES VA MEDICAL CENTER,5000 SOUTH 5TH AVENUE,HINES,IL,60141,COOK,(708) 202-8387,ACUTE CARE - VETERANS ADMINISTRATION,Government - Federal,1.0,,,,1,1,0
140080,SAINT FRANCIS HOSPITAL-EVANSTON,355 RIDGE AVE,EVANSTON,IL,60202,COOK,(847) 316-4000,Acute Care Hospitals,Voluntary Non-Profit - Church,1.0,,,,1,1,0
140082,LOUIS A WEISS MEMORIAL HOSPITAL,4646 N MARINE DRIVE,CHICAGO,IL,60640,COOK,(773) 878-8700,Acute Care Hospitals,Proprietary,1.0,,,,1,1,0
140083,LORETTO HOSPITAL,645 SOUTH CENTRAL AVE,CHICAGO,IL,60644,COOK,(773) 626-4300,Acute Care Hospitals,Proprietary,1.0,,,,1,1,0
140084,VISTA MEDICAL CENTER EAST,1324 NORTH SHERIDAN ROAD,WAUKEGAN,IL,60085,LAKE,(847) 360-3000,Acute Care Hospitals,Voluntary Non-Profit - Other,1.0,,,,1,1,0
140088,THE UNIVERSITY OF CHICAGO MEDICAL CENTER,5841 SOUTH MARYLAND,CHICAGO,IL,60637,COOK,(773) 702-9785,Acute Care Hospitals,Voluntary Non-Profit - Private,1.0,,,,1,1,0
140089,MC DONOUGH DISTRICT HOSPITAL,525 EAST GRANT STREET,MACOMB,IL,61455,MC DONOUGH,(309) 833-4101,Acute Care Hospitals,Government - Hospital District or Authority,1.0,,,,1,1,0
14008F,MARION IL VA MEDICAL CENTER,2401 WEST MAIN,MARION,IL,62959,WILLIAMSON,(618) 997-5311,ACUTE CARE - VETERANS ADMINISTRATION,Government - Federal,1.0,,,,1,1,0
140091,CARLE FOUNDATION HOSPITAL,611 WEST PARK STREET,URBANA,IL,61801,CHAMPAIGN,(217) 383-3311,Acute Care Hospitals,Voluntary Non-Profit - Other,1.0,,,,1,1,0
140093,OSF SACRED HEART MEDICAL CENTER,812 N LOGAN AVE,DANVILLE,IL,61832,VERMILION,(217) 443-5000,Acute Care Hospitals,Voluntary Non-Profit - Church,1.0,,,,1,1,0
140095,SAINT ANTHONY HOSPITAL,2875 WEST 19TH STREET,CHICAGO,IL,60623,COOK,(773) 521-1710,Acute Care Hospitals,Voluntary Non-Profit - Church,1.0,,,,1,1,0
140100,"MIDWESTERN REGION MED CENTER, INC",2520 ELISHA AVENUE,ZION,IL,60099,LAKE,(847) 872-4561,Acute Care Hospitals,Proprietary,1.0,,,,1,1,0
140101,MORRIS HOSPITAL & HEALTHCARE CENTERS,150 W HIGH ST,MORRIS,IL,60450,GRUNDY,(815) 942-2932,Acute Care Hospitals,Voluntary Non-Profit - Private,1.0,,,,1,1,0
140103,ST BERNARD HOSPITAL,326 W 64TH ST,CHICAGO,IL,60621,COOK,(773) 962-3900,Acute Care Hospitals,Voluntary Non-Profit - Church,1.0,,,,1,1,0
140110,OSF SAINT ELIZABETH MDL CTR,1100 E NORRIS DRIVE,OTTAWA,IL,61350,LA SALLE,(815) 433-3100,Acute Care Hospitals,Voluntary Non-Profit - Private,1.0,,,,1,1,0
140113,OSF HEART OF MARY MEDICAL CENTER,1400 WEST PARK AVENUE,URBANA,IL,61801,CHAMPAIGN,(217) 337-2000,Acute Care Hospitals,Voluntary Non-Profit - Church,1.0,,,,1,1,0
140114,SWEDISH HOSPITAL,5145 N CALIFORNIA AVE,CHICAGO,IL,60625,COOK,(773) 878-8200,Acute Care Hospitals,Voluntary Non-Profit - Church,1.0,,,,1,1,0
140115,THOREK MEMORIAL HOSPITAL,850 W IRVING PARK RD,CHICAGO,IL,60613,COOK,(773) 975-6867,Acute Care Hospitals,Voluntary Non-Profit - Other,1.0,,,,1,1,0
140116,NORTHWESTERN MEDICINE MCHENRY,4201 MEDICAL CENTER DRIVE,MCHENRY,IL,60050,MC HENRY,(815) 344-5000,Acute Care Hospitals,Voluntary Non-Profit - Other,1.0,,,,1,1,0
140117,AMITA HEALTH RESURRECTION MEDICAL CENTER,7435 W TALCOTT AVENUE,CHICAGO,IL,60631,COOK,(773) 774-8000,Acute Care Hospitals,Voluntary Non-Profit - Church,1.0,,,,1,1,0
140118,METROSOUTH MEDICAL CENTER,12935 S GREGORY,BLUE ISLAND,IL,60406,COOK,7085972000,Acute Care Hospitals,Proprietary,1.0,,,,1,0,0
140119,RUSH UNIVERSITY MEDICAL CENTER,1653 WEST CONGRESS PARKWAY,CHICAGO,IL,60612,COOK,(312) 942-5000,Acute Care Hospitals,Voluntary Non-Profit - Private,1.0,,,,1,1,0
140120,CARLE HEALTH PEKIN HOSPITAL,600 SOUTH 13TH STREET,PEKIN,IL,61554,TAZEWELL,(309) 347-1151,Acute Care Hospitals,Voluntary Non-Profit - Private,0.0,,,,1,1,0
140122,UCHICAGO MEDICINE ADVENTHEALTH HINSDALE,120 NORTH OAK ST,HINSDALE,IL,60521,DU PAGE,(630) 856-9000,Acute Care Hospitals,Voluntary Non-Profit - Church,1.0,,,,1,1,0
140124,JOHN H STROGER JR HOSPITAL,1901 W HARRISON ST,CHICAGO,IL,60612,COOK,(312) 864-6000,Acute Care Hospitals,Government - Local,1.0,,,,1,1,0
140125,GATEWAY REGIONAL MEDICAL CENTER,2100 MADISON AVENUE,GRANITE CITY,IL,62040,MADISON,(618) 798-3000,Acute Care Hospitals,Proprietary,1.0,,,,1,1,0
140127,CARLE BROMENN MEDICAL CENTER,1304 FRANKLIN AVENUE,NORMAL,IL,61761,MC LEAN,(309) 454-1400,Acute Care Hospitals,Voluntary Non-Profit - Church,1.0,,,,1,1,0
140130,NORTHWESTERN LAKE FOREST HOSPITAL,1000 N WESTMORELAND ROAD,LAKE FOREST,IL,60045,LAKE,(847) 234-5600,Acute Care Hospitals,Voluntary Non-Profit - Other,1.0,,,,1,1,0
140133,HOLY CROSS HOSPITAL,2701 W 68TH STREET,CHICAGO,IL,60629,COOK,(773) 884-9000,Acute Care Hospitals,Voluntary Non-Profit - Private,1.0,,,,1,1,0
140135,DECATUR MEMORIAL HOSPITAL,2300 NORTH EDWARD STREET,DECATUR,IL,62526,MACON,(217) 876-8121,Acute Care Hospitals,Voluntary Non-Profit - Other,1.0,,,,1,1,0
140137,HSHS HOLY FAMILY HOSPITAL INC,200 HEALTH CARE DR,GREENVILLE,IL,62246,BOND,(618) 664-1230,Acute Care Hospitals,Voluntary Non-Profit - Other,1.0,,,,1,1,0
140143,ST MARGARETS HOSPITAL,600 E 1ST ST,SPRING VALLEY,IL,61362,BUREAU,8156641362,Acute Care Hospitals,Voluntary Non-Profit - Church,1.0,,,,1,0,0
140145,ST JOSEPHS HOSPITAL,9515 HOLY CROSS LN,BREESE,IL,62230,CLINTON,(618) 526-4511,Acute Care Hospitals,Voluntary Non-Profit - Church,1.0,,,,1,1,0
140147,RICHLAND MEMORIAL HOSPITAL,800 EAST LOCUST,OLNEY,IL,62450,RICHLAND,6183952131,Acute Care Hospitals,Voluntary Non-Profit - Private,1.0,,,,1,0,0
140148,MEMORIAL MEDICAL CENTER,701 N FIRST ST,SPRINGFIELD,IL,62702,SANGAMON,(217) 788-3000,Acute Care Hospitals,Voluntary Non-Profit - Private,1.0,,,,1,1,0
140150,UNIVERSITY OF ILLINOIS HOSPITAL AND CLINICS,1740 WEST TAYLOR ST SUITE 1400,CHICAGO,IL,60612,COOK,(312) 996-3900,Acute Care Hospitals,Government - State,1.0,,,,1,1,0
140151,SACRED HEART HOSPITAL,3240 W FRANKLIN BLVD,CHICAGO,IL,60624,COOK,7737223020,Acute Care Hospitals,Voluntary Non-Profit - Private,1.0,,,,1,0,0
140155,PRESENCE ST MARYS HOSPITAL,500 W COURT ST,KANKAKEE,IL,60901,KANKAKEE,(815) 937-2490,Acute Care Hospitals,Voluntary Non-Profit - Other,1.0,,,,1,1,0
140158,INSIGHT HOSPITAL AND MEDICAL CENTER CHICAGO,2525 S MICHIGAN AVE,CHICAGO,IL,60616,COOK,(312) 567-2000,Acute Care Hospitals,Voluntary Non-Profit - Church,1.0,,,,1,1,0
140160,FHN MEMORIAL HOSPITAL,1045 WEST STEPHENSON STREET,FREEPORT,IL,61032,STEPHENSON,(815) 599-6000,Acute Care Hospitals,Voluntary Non-Profit - Private,1.0,,,,1,1,0
140161,SAINT JAMES HOSPITAL,2500 WEST REYNOLDS STREET,PONTIAC,IL,61764,LIVINGSTON,(815) 842-2828,Acute Care Hospitals,Voluntary Non-Profit - Church,1.0,,,,1,1,0
140162,ST JOSEPH MEDICAL CENTER,2200 E WASHINGTON,BLOOMINGTON,IL,61701,MC LEAN,(309) 662-3311,Acute Care Hospitals,Voluntary Non-Profit - Church,1.0,,,,1,1,0
140164,MEMORIAL HOSPITAL OF CARBONDALE,405 W JACKSON,CARBONDALE,IL,62901,JACKSON,(618) 549-0721,Acute Care Hospitals,Voluntary Non-Profit - Private,1.0,,,,1,1,0
140166,ST MARYS HOSPITAL,1800 E LAKE SHORE DR,DECATUR,IL,62521,MACON,(217) 464-2966,Acute Care Hospitals,Voluntary Non-Profit - Private,1.0,,,,1,1,0
140167,IROQUOIS MEMORIAL HOSPITAL,200 FAIRMAN STREET,WATSEKA,IL,60970,IROQUOIS,8154325201,Acute Care Hospitals,Voluntary Non-Profit - Other,1.0,,,,1,0,0
140172,FRANCISCAN HEALTH OLYMPIA & CHICAGO HEIGHTS,20201 S CRAWFORD AVENUE,OLYMPIA FIELDS,IL,60461,COOK,(708) 747-4000,Acute Care Hospitals,Proprietary,1.0,,,,1,1,0
140174,PRESENCE MERCY MEDICAL CENTER,1325 N HIGHLAND AVENUE,AURORA,IL,60506,KANE,(630) 859-2222,Acute Care Hospitals,Voluntary Non-Profit - Church,1.0,,,,1,1,0
140176,CENTEGRA HEALTH SYSTEM - WOODSTOCK HOSPITAL,3701 DOTY ROAD,WOODSTOCK,IL,60098,MCHENRY,8157885823,Acute Care Hospitals,Voluntary Non-Profit - Private,1.0,,,,1,0,0
140177,JACKSON PARK HOSPITAL,7531 S STONY ISLAND AVE,CHICAGO,IL,60649,COOK,(773) 947-7500,Acute Care Hospitals,Voluntary Non-Profit - Private,1.0,,,,1,1,0
140179,OSF LITTLE COMPANY OF MARY MEDICAL CENTER,2800 W 95TH ST,EVERGREEN PARK,IL,60805,COOK,(708) 422-6200,Acute Care Hospitals,Voluntary Non-Profit - Church,1.0,,,,1,1,0
140180,PRESENCE SAINTS MARY AND ELIZABETH MEDICAL CENTER,2233 W DIVISION ST,CHICAGO,IL,60622,COOK,(312) 770-2000,Acute Care Hospitals,Voluntary Non-Profit - Church,1.0,,,,1,1,0
140181,SOUTH SHORE HOSPITAL,8012 SOUTH CRANDON AVENUE,CHICAGO,IL,60617,COOK,(773) 356-5000,Acute Care Hospitals,Voluntary Non-Profit - Private,1.0,,,,1,1,0
140182,ADVOCATE ILLINOIS MASONIC MEDICAL CENTER,836 WEST WELLINGTON AVENUE,CHICAGO,IL,60657,COOK,(773) 975-1600,Acute Care Hospitals,Voluntary Non-Profit - Church,1.0,,,,1,1,0
140184,HEARTLAND REGIONAL MEDICAL CENTER,3333 W DEYOUNG,MARION,IL,62959,WILLIAMSON,(618) 998-7000,Acute Care Hospitals,Proprietary,1.0,,,,1,1,0
140185,MEMORIAL HOSPITAL,4500 MEMORIAL DRIVE,BELLEVILLE,IL,62226,ST. CLAIR,(618) 233-7750,Acute Care Hospitals,Voluntary Non-Profit - Private,1.0,,,,1,1,0
140186,RIVERSIDE MEDICAL CENTER,350 N WALL ST,KANKAKEE,IL,60901,KANKAKEE,(815) 933-1671,Acute Care Hospitals,Voluntary Non-Profit - Other,1.0,,,,1,1,0
140187,HSHS ST ELIZABETH'S HOSPITAL,ONE ST ELIZABETH BOULEVARD,O FALLON,IL,62269,ST. CLAIR,(618) 234-2120,Acute Care Hospitals,Voluntary Non-Profit - Church,1.0,,,,1,1,0
140189,SARAH BUSH LINCOLN HEALTH CENTER,1000 HEALTH CENTER DRIVE P O BOX 372,MATTOON,IL,61938,COLES,(217) 258-2513,Acute Care Hospitals,Voluntary Non-Profit - Private,1.0,,,,1,1,0
140191,INGALLS MEMORIAL HOSPITAL,1 INGALLS DRIVE,HARVEY,IL,60426,COOK,(708) 333-2300,Acute Care Hospitals,Voluntary Non-Profit - Private,1.0,,,,1,1,0
140197,METHODIST HOSPITAL OF CHICAGO,5025 N PAULINA STREET,CHICAGO,IL,60640,COOK,(773) 271-9040,Acute Care Hospitals,Voluntary Non-Profit - Church,1.0,,,,1,1,0
140200,ELMHURST MEMORIAL HOSPITAL,155 EAST BRUSH HILL ROAD,ELMHURST,IL,60126,DU PAGE,(331) 221-1000,Acute Care Hospitals,Proprietary,1.0,,,,1,1,0
140202,ADVOCATE CONDELL MEDICAL CENTER,801 S MILWAUKEE AVE,LIBERTYVILLE,IL,60048,LAKE,(847) 362-2900,Acute Care Hospitals,Voluntary Non-Profit - Other,1.0,,,,1,1,0
140206,HUMBOLDT PARK HEALTH,1044 N FRANCISCO AVE,CHICAGO,IL,60622,COOK,(773) 292-8200,Acute Care Hospitals,Voluntary Non-Profit - Private,1.0,,,,1,1,0
140208,ADVOCATE CHRIST HOSPITAL & MEDICAL CENTER,4440 W 95TH STREET,OAK LAWN,IL,60453,COOK,(708) 684-8000,Acute Care Hospitals,Voluntary Non-Profit - Church,1.0,,,,1,1,0
140209,CARLE HEALTH METHODIST HOSPITAL,221 N E GLEN OAK AVE,PEORIA,IL,61636,PEORIA,(309) 672-5522,Acute Care Hospitals,Voluntary Non-Profit - Other,1.0,,,,1,1,0
140210,HARRISBURG MEDICAL CENTER,100 DOCTOR WARREN TUTTLE DR,HARRISBURG,IL,62946,SALINE,(618) 253-7671,Acute Care Hospitals,Voluntary Non-Profit - Other,1.0,,,,1,1,0
140211,NORTHWESTERN MEDICINE DELNOR COMMUNITY HOSPITAL,300 RANDALL RD,GENEVA,IL,60134,KANE,(630) 208-3000,Acute Care Hospitals,Voluntary Non-Profit - Other,1.0,,,,1,1,0
140213,SILVER CROSS HOSPITAL  AND MEDICAL CENTERS,1900 SILVER CROSS BLVD,NEW LENOX,IL,60451,WILL,(815) 300-1100,Acute Care Hospitals,Voluntary Non-Profit - Private,1.0,,,,1,1,0
140217,SAINT JOSEPH HOSPITAL-ELGIN,77 N AIRLITE STREET,ELGIN,IL,60123,KANE,(847) 695-3200,Acute Care Hospitals,Voluntary Non-Profit - Church,1.0,,,,1,1,0
140223,ADVOCATE LUTHERAN GENERAL HOSPITAL,1775 DEMPSTER ST,PARK RIDGE,IL,60068,COOK,(847) 723-2210,Acute Care Hospitals,Voluntary Non-Profit - Church,1.0,,,,1,1,0
140224,PRESENCE SAINT JOSEPH HOSPITAL - CHICAGO,2900 NORTH LAKE SHORE DRIVE,CHICAGO,IL,60657,COOK,(773) 665-3000,Acute Care Hospitals,Voluntary Non-Profit - Church,1.0,,,,1,1,0
140228,UW HEALTH,1401 EAST STATE STREET,ROCKFORD,IL,61104,WINNEBAGO,(815) 968-4400,Acute Care Hospitals,Voluntary Non-Profit - Other,1.0,,,,1,1,0
140231,EDWARD HOSPITAL,801 SOUTH WASHINGTON,NAPERVILLE,IL,60540,DU PAGE,(630) 527-3000,Acute Care Hospitals,Voluntary Non-Profit - Private,1.0,,,,1,1,0
140233,SAINT ANTHONY MEDICAL CENTER,5666 EAST STATE STREET,ROCKFORD,IL,61108,WINNEBAGO,(815) 226-2000,Acute Care Hospitals,Voluntary Non-Profit - Church,1.0,,,,1,1,0
140234,ILLINOIS VALLEY COMMUNITY HOSPITAL,925 WEST ST,PERU,IL,61354,LA SALLE,8152233300,Acute Care Hospitals,Voluntary Non-Profit - Other,1.0,,,,1,0,0
140239,JAVON BEA HOSPITAL,2400 NORTH ROCKTON AVENUE,ROCKFORD,IL,61103,WINNEBAGO,(815) 968-6861,Acute Care Hospitals,Voluntary Non-Profit - Private,1.0,,,,1,1,0
140240,WESTLAKE COMMUNITY HOSPITAL,1225 LAKE ST,MELROSE PARK,IL,60160,COOK,7089384000,Acute Care Hospitals,Voluntary Non-Profit - Other,1.0,,,,1,0,0
140242,NORTHWESTERN MEDICINE CENTRAL DUPAGE HOSPITAL,25 NORTH WINFIELD ROAD,WINFIELD,IL,60190,DU PAGE,(630) 682-1600,Acute Care Hospitals,Voluntary Non-Profit - Private,1.0,,,,1,1,0
140250,ADVOCATE SOUTH SUBURBAN HOSPITAL,17800 S KEDZIE AVE,HAZEL CREST,IL,60429,COOK,7087998000,Acute Care Hospitals,Voluntary Non-Profit - Church,1.0,,,,1,0,0
140251,COMMUNITY FIRST MEDICAL CENTER,5645 W ADDISON STREET,CHICAGO,IL,60634,COOK,(773) 282-7000,Acute Care Hospitals,Voluntary Non-Profit - Private,1.0,,,,1,1,0
140252,NORTHWEST COMMUNITY HOSPITAL 1,800 W CENTRAL ROAD,ARLINGTON HEIGHTS,IL,60005,COOK,(847) 618-1000,Acute Care Hospitals,Voluntary Non-Profit - Other,1.0,,,,1,1,0
140258,ALEXIAN BROTHERS MEDICAL CENTER 1,800 BIESTERFIELD RD,ELK GROVE VILLAGE,IL,60007,COOK,(847) 437-5500,Acute Care Hospitals,Voluntary Non-Profit - Church,1.0,,,,1,1,0
140275,GENESIS HLTH SYSTEM DBA GENESIS MDL CTR-ILLINI,801 ILLINI DR,SILVIS,IL,61282,ROCK ISLAND,(309) 281-4000,Acute Care Hospitals,Government - Local,1.0,,,,1,1,0
140276,LOYOLA UNIVERSITY MEDICAL CENTER,2160 S 1ST AVENUE,MAYWOOD,IL,60153,COOK,(708) 216-9000,Acute Care Hospitals,Voluntary Non-Profit - Private,1.0,,,,1,1,0
140280,TRINITY ROCK ISLAND,2701 17TH ST,ROCK ISLAND,IL,61201,ROCK ISLAND,(309) 779-5000,Acute Care Hospitals,Voluntary Non-Profit - Other,1.0,,,,1,1,0
140281,NORTHWESTERN MEMORIAL HOSPITAL,251 E HURON ST,CHICAGO,IL,60611,COOK,(312) 926-2000,Acute Care Hospitals,Voluntary Non-Profit - Private,1.0,,,,1,1,0
140286,NORTHWESTERN MEDICINE KISHWAUKEE HOSPITAL,ONE  KISH HOSPITAL DRIVE,DEKALB,IL,60115,DE KALB,(815) 756-1521,Acute Care Hospitals,Voluntary Non-Profit - Private,1.0,,,,1,1,0
140288,ADVOCATE GOOD SAMARITAN HOSPITAL,3815 HIGHLAND AVENUE,DOWNERS GROVE,IL,60515,DU PAGE,(630) 275-5900,Acute Care Hospitals,Voluntary Non-Profit - Church,1.0,,,,1,1,0
140289,ANDERSON HOSPITAL,6800 STATE ROUTE 162,MARYVILLE,IL,62062,MADISON,(618) 288-5711,Acute Care Hospitals,Voluntary Non-Profit - Private,1.0,,,,1,1,0
140290,ST ALEXIUS MEDICAL CENTER,1555 N BARRINGTON RD,HOFFMAN ESTATES,IL,60169,COOK,(847) 843-2000,Acute Care Hospitals,Voluntary Non-Profit - Church,1.0,,,,1,1,0
140291,ADVOCATE GOOD SHEPHERD HOSPITAL,450 WEST HIGHWAY 22,BARRINGTON,IL,60010,LAKE,(847) 381-9600,Acute Care Hospitals,Voluntary Non-Profit - Church,1.0,,,,1,1,0
140292,UCHICAGO MEDICINE ADVENTHEALTH GLENOAKS,701 WINTHROP AVENUE,GLENDALE HEIGHTS,IL,60139,DU PAGE,(630) 545-8000,Acute Care Hospitals,Voluntary Non-Profit - Other,1.0,,,,1,1,0
140294,DEACONESS ILLINOIS CROSSROADS,8 DOCTORS PARK RD,MOUNT VERNON,IL,62864,JEFFERSON,(618) 244-5500,Acute Care Hospitals,Proprietary,1.0,,,,1,1,0
140300,PROVIDENT HOSPITAL OF CHICAGO,500 E 51ST ST,CHICAGO,IL,60615,COOK,(312) 572-2000,Acute Care Hospitals,Government - Local,1.0,,,,1,1,0
140301,OAK FOREST HOSPITAL,159TH & CICERO AVENUE,OAK FOREST,IL,60452,COOK,7086877200,Acute Care Hospitals,Government - Local,,,,,1,0,0
140304,UCHICAGO MEDICINE ADVENTHEALTH BOLINGBROOK,500 REMINGTON BOULEVARD,BOLINGBROOK,IL,60440,WILL,(630) 312-5000,Acute Care Hospitals,Voluntary Non-Profit - Private,1.0,,,,1,1,0
140308,MERCYHEALTH HOSPITAL & PHYSICIAN CLINIC-CRYSTAL LA,875 S ROUTE 31,CRYSTAL LAKE,IL,60014,MC HENRY,(792) 220-5500,,,,,,,0,1,0
14034F,NORTH CHICAGO VA MEDICAL CENTER,3001 GREENBAY ROAD,NORTH CHICAGO,IL,60064,LAKE,(847) 688-1900,ACUTE CARE - VETERANS ADMINISTRATION,Government - Federal,1.0,,,,1,1,0
141300,THOMAS H BOYD MEMORIAL HOSPITAL,800 SCHOOL ST,CARROLLTON,IL,62016,GREENE,(217) 942-6946,Critical Access Hospitals,Voluntary Non-Profit - Private,1.0,,,,1,1,0
141301,KIRBY MEDICAL CENTER,1000 MEDICAL CENTER DRIVE,MONTICELLO,IL,61856,PIATT,(217) 762-2115,Critical Access Hospitals,Voluntary Non-Profit - Private,1.0,,,,1,1,0
141302,MIDWEST MEDICAL CENTER,1 MEDICAL CENTER DRIVE,GALENA,IL,61036,JO DAVIESS,(815) 777-1340,Critical Access Hospitals,Voluntary Non-Profit - Private,1.0,,,,1,1,0
141303,WARNER HOSPITAL AND HEALTH SERVICES,422 W WHITE ST,CLINTON,IL,61727,DE WITT,(217) 935-9571,Critical Access Hospitals,Government - Local,1.0,,,,1,1,0
141304,"GENESIS MEDICAL CENTER, ALEDO",409 NW 9TH AVENUE,ALEDO,IL,61231,MERCER,(309) 582-9100,Critical Access Hospitals,Voluntary Non-Profit - Other,1.0,,,,1,1,0
141305,MEMORIAL HOSPITAL,1454 N COUNTY ROAD 2050 E,CARTHAGE,IL,62321,HANCOCK,(217) 357-8500,,,,,,,0,1,0
141306,COMMUNITY HOSPITAL OF STAUNTON,400 N CALDWELL ST,STAUNTON,IL,62088,MACOUPIN,(618) 635-2200,Critical Access Hospitals,Voluntary Non-Profit - Private,1.0,,,,1,1,0
141307,PINCKNEYVILLE COMMUNITY HOSPITAL,5383 STATE ROUTE 154,PINCKNEYVILLE,IL,62274,PERRY,(618) 357-2187,Critical Access Hospitals,Government - Hospital District or Authority,1.0,,,,1,1,0
141308,WASHINGTON COUNTY HOSPITAL,705 S GRAND AVE,NASHVILLE,IL,62263,WASHINGTON,(618) 327-8236,,,,,,,0,1,0
141309,CARLE EUREKA  HOSPITAL,101 S MAJOR ST,EUREKA,IL,61530,WOODFORD,(309) 467-2371,Critical Access Hospitals,Voluntary Non-Profit - Private,1.0,,,,1,1,0
141310,OSF SAINT PAUL MEDICAL CENTER,1401 E 12TH STREET,MENDOTA,IL,61342,LA SALLE,(815) 539-7461,Critical Access Hospitals,Voluntary Non-Profit - Private,1.0,,,,1,1,0
141311,FAIRFIELD MEMORIAL HOSPITAL 1,303 N W 11TH STREET,FAIRFIELD,IL,62837,WAYNE,(618) 842-2611,Critical Access Hospitals,Voluntary Non-Profit - Private,1.0,,,,1,1,0
141312,ROCHELLE COMMUNITY HOSPITAL,900 N 2ND ST,ROCHELLE,IL,61068,OGLE,(815) 562-2181,Critical Access Hospitals,Voluntary Non-Profit - Private,1.0,,,,1,1,0
141313,MASON DISTRICT HOSPITAL,"615 NORTH PROMENADE STREET,P O BOX 530",HAVANA,IL,62644,MASON,(309) 543-4431,Critical Access Hospitals,Government - Hospital District or Authority,1.0,,,,1,1,0
141315,ILLINI COMMUNITY HOSPITAL,640 W WASHINGTON,PITTSFIELD,IL,62363,PIKE,(217) 285-2113,Critical Access Hospitals,Voluntary Non-Profit - Private,1.0,,,,1,1,0
141316,CARLE HOOPESTON REGIONAL HEALTH CENTER,701 EAST ORANGE STREET,HOOPESTON,IL,60942,VERMILION,(217) 283-5531,Critical Access Hospitals,Voluntary Non-Profit - Private,1.0,,,,1,1,0
141317,GIBSON COMMUNITY HOSPITAL,1120 N MELVIN STREET,GIBSON CITY,IL,60936,FORD,(217) 784-4251,Critical Access Hospitals,Voluntary Non-Profit - Other,1.0,,,,1,1,0
141318,OSF HOLY FAMILY MEDICAL CENTER,1000 W HARLEM AVENUE,MONMOUTH,IL,61462,WARREN,(309) 734-3141,Critical Access Hospitals,Voluntary Non-Profit - Private,1.0,,,,1,1,0
141319,HAMMOND HENRY HOSPITAL,600 N COLLEGE AVENUE,GENESEO,IL,61254,HENRY,(309) 944-6431,Critical Access Hospitals,Government - Hospital District or Authority,0.0,,,,1,1,0
141320,PARIS COMMUNITY HOSPITAL,721 E COURT STREET,PARIS,IL,61944,EDGAR,(217) 465-4141,Critical Access Hospitals,Voluntary Non-Profit - Other,1.0,,,,1,1,0
141321,FRANKLIN HOSPITAL,201 BAILEY LANE,BENTON,IL,62812,FRANKLIN,(618) 439-3161,Critical Access Hospitals,Government - Hospital District or Authority,1.0,,,,1,1,0
141322,ABRAHAM LINCOLN MEMORIAL HOSPITAL,200 STAHLHUT DRIVE,LINCOLN,IL,62656,LOGAN,(217) 732-2161,Critical Access Hospitals,Voluntary Non-Profit - Private,1.0,,,,1,1,0
141323,MASSAC MEMORIAL HOSPITAL,"28 CHICK STREET, PO BOX 850",METROPOLIS,IL,62960,MASSAC,(618) 524-2176,Critical Access Hospitals,Government - Hospital District or Authority,1.0,,,,1,1,0
141324,FERRELL HOSPITAL COMMUNITY FOUNDATIONS,1201 PINE STREET,ELDORADO,IL,62930,SALINE,(618) 273-3361,Critical Access Hospitals,Proprietary,1.0,,,,1,1,0
141325,OSF SAINT LUKE MEDICAL CENTER,1051 WEST SOUTH STREET,KEWANEE,IL,61443,HENRY,(309) 853-3361,Critical Access Hospitals,Voluntary Non-Profit - Private,1.0,,,,1,1,0
141326,HAMILTON MEMORIAL HOSPITAL,611 S MARSHALL AVENUE,MCLEANSBORO,IL,62859,HAMILTON,(618) 643-2361,Critical Access Hospitals,Government - Hospital District or Authority,1.0,,,,1,1,0
141327,WABASH GENERAL HOSPITAL 1,1418 COLLEGE DRIVE,MOUNT CARMEL,IL,62863,WABASH,(618) 262-8621,Critical Access Hospitals,Government - Hospital District or Authority,1.0,,,,1,1,0
141328,HARDIN COUNTY GENERAL HOSPITAL & CLINIC,FERRELL ROAD,ROSICLARE,IL,62982,HARDIN,(618) 285-6634,Critical Access Hospitals,Voluntary Non-Profit - Private,1.0,,,,1,1,0
141329,MORRISON COMMUNITY HOSPITAL,303 N JACKSON STREET,MORRISON,IL,61270,WHITESIDE,(815) 772-4003,Critical Access Hospitals,Government - Hospital District or Authority,1.0,,,,1,1,0
141330,HOPEDALE HOSPITAL,107 TREMONT STREET,HOPEDALE,IL,61747,TAZEWELL,(309) 449-3321,Critical Access Hospitals,Voluntary Non-Profit - Private,1.0,,,,1,1,0
141331,MARSHALL BROWNING HOSPITAL,900 NORTH WASHINGTON STREET,DU QUOIN,IL,62832,PERRY,(618) 542-2146,Critical Access Hospitals,Voluntary Non-Profit - Private,1.0,,,,1,1,0
141332,HILLSBORO AREA HOSPITAL,1200 E TREMONT STREET,HILLSBORO,IL,62049,MONTGOMERY,(217) 532-6111,Critical Access Hospitals,Voluntary Non-Profit - Private,1.0,,,,1,1,0
141333,SARAH D CULBERTSON MEMORIAL HOSPITAL,238 SOUTH CONGRESS STREET,RUSHVILLE,IL,62681,SCHUYLER,(217) 322-4321,Critical Access Hospitals,Government - Hospital District or Authority,1.0,,,,1,1,0
141334,ST JOSEPH MEMORIAL HOSPITAL,2 SOUTH HOSPITAL DRIVE,MURPHYSBORO,IL,62966,JACKSON,(618) 684-3156,Critical Access Hospitals,Voluntary Non-Profit - Private,1.0,,,,1,1,0
141335,MERCY HARVARD HOSPITAL,901 S GRANT STREET,HARVARD,IL,60033,MC HENRY,(815) 943-5431,Critical Access Hospitals,Voluntary Non-Profit - Private,1.0,,,,1,1,0
141336,ST JOSEPH'S HOSPITAL,12866 TROXLER AVENUE,HIGHLAND,IL,62249,MADISON,(618) 651-2600,Critical Access Hospitals,Voluntary Non-Profit - Church,1.0,,,,1,1,0
141337,OSF SAINT CLARE MEDICAL CENTER,530 PARK AVENUE EAST,PRINCETON,IL,61356,BUREAU,(815) 875-2811,Critical Access Hospitals,Government - Local,1.0,,,,1,1,0
141338,MEMORIAL HOSPITAL,1900 STATE ST,CHESTER,IL,62233,RANDOLPH,(618) 826-4581,Critical Access Hospitals,Government - Hospital District or Authority,1.0,,,,1,1,0
141339,TAYLORVILLE MEMORIAL HOSPITAL,201 EAST PLEASANT STREET,TAYLORVILLE,IL,62568,CHRISTIAN,(217) 824-3331,Critical Access Hospitals,Voluntary Non-Profit - Private,1.0,,,,1,1,0
141340,VALLEY WEST COMMUNITY HOSPITAL,1301 NORTH MAIN STREET,SANDWICH,IL,60548,DE KALB,(815) 786-8484,Critical Access Hospitals,Voluntary Non-Profit - Private,1.0,,,,1,1,0
141341,PANA COMMUNITY HOSPITAL,101 E NINTH STREET,PANA,IL,62557,CHRISTIAN,(217) 562-2131,Critical Access Hospitals,Voluntary Non-Profit - Private,1.0,,,,1,1,0
141342,DEACONESS ILLINOIS UNION COUNTY,517 NORTH MAIN STREET,ANNA,IL,62906,UNION,(618) 833-4511,Critical Access Hospitals,Proprietary,1.0,,,,1,1,0
141343,CRAWFORD MEMORIAL HOSPITAL,1000 NORTH ALLEN STREET,ROBINSON,IL,62454,CRAWFORD,(618) 544-3131,Critical Access Hospitals,Government - Hospital District or Authority,1.0,,,,1,1,0
141344,LAWRENCE COUNTY MEMORIAL HOSPITAL,2200 STATE ST,LAWRENCEVILLE,IL,62439,LAWRENCE,(618) 943-1000,Critical Access Hospitals,Voluntary Non-Profit - Other,1.0,,,,1,1,0
141345,SALEM TOWNSHIP HOSPITAL,1201 RICKER DRIVE,SALEM,IL,62881,MARION,(618) 548-3194,Critical Access Hospitals,Government - Local,1.0,,,,1,1,0
141346,FAYETTE COUNTY HOSPITAL,650 W TAYLOR ST,VANDALIA,IL,62471,FAYETTE,(618) 283-1231,Critical Access Hospitals,Voluntary Non-Profit - Other,1.0,,,,1,1,0
141347,CARLINVILLE AREA HOSPITAL,20733 N BROAD STREET,CARLINVILLE,IL,62626,MACOUPIN,(217) 854-3141,Critical Access Hospitals,Voluntary Non-Profit - Private,1.0,,,,1,1,0
141348,RED BUD REGIONAL HOSPITAL,325 SPRING STREET,RED BUD,IL,62278,RANDOLPH,(618) 282-3831,Critical Access Hospitals,Proprietary,1.0,,,,1,1,0
141349,SPARTA COMMUNITY HOSPITAL,818 E BROADWAY,SPARTA,IL,62286,RANDOLPH,(618) 443-2177,Critical Access Hospitals,Government - Hospital District or Authority,1.0,,,,1,1,0
141350,ST FRANCIS HOSPITAL,1215 FRANCISCAN DR,LITCHFIELD,IL,62056,MONTGOMERY,(217) 324-2191,Critical Access Hospitals,Voluntary Non-Profit - Church,1.0,,,,1,1,0
141351,CLAY COUNTY HOSPITAL,911 STACY BURK DR,FLORA,IL,62839,CLAY,(618) 662-2131,Critical Access Hospitals,Voluntary Non-Profit - Other,1.0,,,,1,1,0
141352,JACKSONVILLE MEMORIAL HOSPITAL,1600 W WALNUT ST,JACKSONVILLE,IL,62650,MORGAN,(217) 245-9551,,,,,,,0,1,0
141353,IROQUOIS MEMORIAL HOSPITAL,200 FAIRMAN STREET,WATSEKA,IL,60970,IROQUOIS,(815) 432-5201,,,,,,,0,1,0
141354,HSHS GOOD SHEPHERD HOSPITAL INC,200 S CEDAR ST,SHELBYVILLE,IL,62565,SHELBY,(217) 774-3961,,,,,,,0,1,0
141355,CARLE RICHLAND MEMORIAL HOSPITAL,800 EAST LOCUST STREET,OLNEY,IL,62450,RICHLAND,(618) 395-2131,,,,,,,0,1,0
143300,ANN & ROBERT H LURIE CHILDRENS HOSPITAL OF CHICAGO,"225 E CHICAGO AVE, BOX 140",CHICAGO,IL,60611,COOK,(312) 227-4000,,,,,,,0,1,0
143301,LARABIDA CHILDRENS HOSPITAL I,E 65TH ST AT LAKE MICHIGAN,CHICAGO,IL,60649,COOK,(773) 363-6700,,,,,,,0,1,0
143302,SHRINERS HOSPITAL FOR CHILDREN,2211 NORTH OAK PARK AVE,CHICAGO,IL,60707,COOK,(773) 622-5400,,,,,,,0,1,0
150001,JOHNSON MEMORIAL HOSPITAL,1125 W JEFFERSON ST,FRANKLIN,IN,46131,JOHNSON,(317) 736-3300,Acute Care Hospitals,Government - Local,1.0,,,,1,1,0
150002,METHODIST HOSPITALS INC,600 GRANT ST,GARY,IN,46402,LAKE,(219) 886-4000,Acute Care Hospitals,Voluntary Non-Profit - Private,1.0,,,,1,1,0
150003,FRANCISCAN ST ELIZABETH HEALTH - LAFAYETTE CENTRAL,1501 HARTFORD ST,LAFAYETTE,IN,47904,TIPPECANOE,7655024334,Acute Care Hospitals,Voluntary Non-Profit - Church,1.0,,,,1,0,0
150004,FRANCISCAN ST MARGARET HEALTH - HAMMOND,5454 HOHMAN AVE,HAMMOND,IN,46320,LAKE,2199322300,Acute Care Hospitals,Voluntary Non-Profit - Church,1.0,,,,1,0,0
150005,HENDRICKS REGIONAL HEALTH,1000 E MAIN ST,DANVILLE,IN,46122,HENDRICKS,(317) 745-4451,Acute Care Hospitals,Government - Local,1.0,,,,1,1,0
150006,NORTHWEST HEALTH-LA PORTE,1007 LINCOLNWAY,LA PORTE,IN,46350,LA PORTE,(219) 326-1234,Acute Care Hospitals,Voluntary Non-Profit - Private,1.0,,,,1,1,0
150007,COMMUNITY HOWARD REGIONAL HEALTH INC.,3500 S LAFOUNTAIN ST,KOKOMO,IN,46902,HOWARD,(765) 776-8000,Acute Care Hospitals,Government - Local,1.0,,,,1,1,0
150008,ST CATHERINE HOSPITAL INC,4321 FIR STREET,EAST CHICAGO,IN,46312,LAKE,(219) 392-7004,Acute Care Hospitals,Voluntary Non-Profit - Private,1.0,,,,1,1,0
150009,NORTON CLARK HOSPITAL,1220 MISSOURI AVE,JEFFERSONVILLE,IN,47130,CLARK,(812) 283-2147,Acute Care Hospitals,Government - Local,1.0,,,,1,1,0
150010,ASCENSION ST VINCENT KOKOMO,1907 W SYCAMORE ST,KOKOMO,IN,46904,HOWARD,(765) 452-5611,Acute Care Hospitals,Voluntary Non-Profit - Church,1.0,,,,1,1,0
150011,MARION GENERAL HOSPITAL,441 N WABASH AVE,MARION,IN,46952,GRANT,(765) 660-6000,Acute Care Hospitals,Voluntary Non-Profit - Other,1.0,,,,1,1,0
150012,SAINT JOSEPH REGIONAL MEDICAL CENTER,5215 HOLY CROSS PKWY,MISHAWAKA,IN,46545,ST. JOSEPH,(574) 335-5000,Acute Care Hospitals,Voluntary Non-Profit - Private,1.0,,,,1,1,0
150015,FRANCISCAN HEALTH MICHIGAN CITY,3500 FRANCISCAN WAY,MICHIGAN CITY,IN,46360,LA PORTE,(219) 879-8511,Acute Care Hospitals,Voluntary Non-Profit - Church,1.0,,,,1,1,0
150017,LUTHERAN HOSPITAL OF INDIANA,7950 W JEFFERSON BLVD,FORT WAYNE,IN,46804,ALLEN,(260) 435-7001,Acute Care Hospitals,Voluntary Non-Profit - Private,1.0,,,,1,1,0
150018,ELKHART GENERAL HOSPITAL,600 E BLVD,ELKHART,IN,46514,ELKHART,(574) 294-2621,Acute Care Hospitals,Government - Local,1.0,,,,1,1,0
150021,PARKVIEW REGIONAL MEDICAL CENTER,11109 PARKVIEW PLAZA DRIVE,FORT WAYNE,IN,46845,ALLEN,(260) 266-1195,Acute Care Hospitals,Voluntary Non-Profit - Private,1.0,,,,1,1,0
150022,FRANCISCAN HEALTH CRAWFORDSVILLE,1710 LAFAYETTE RD,CRAWFORDSVILLE,IN,47933,MONTGOMERY,(765) 362-2800,Acute Care Hospitals,Voluntary Non-Profit - Church,1.0,,,,1,1,0
150023,UNION HOSPITAL INC,1606 N SEVENTH ST,TERRE HAUTE,IN,47804,VIGO,(812) 238-7606,Acute Care Hospitals,Voluntary Non-Profit - Other,1.0,,,,1,1,0
150024,ESKENAZI HEALTH,720 ESKENAZI AVENUE,INDIANAPOLIS,IN,46202,MARION,(317) 880-4818,Acute Care Hospitals,Government - Local,1.0,,,,1,1,0
150026,GOSHEN HOSPITAL,200 HIGH PARK AVE,GOSHEN,IN,46526,ELKHART,(574) 364-1000,Acute Care Hospitals,Voluntary Non-Profit - Other,1.0,,,,1,1,0
150030,HENRY COUNTY MEMORIAL HOSPITAL,1000 N 16TH ST,NEW CASTLE,IN,47362,HENRY,(765) 521-0890,Acute Care Hospitals,Government - Local,1.0,,,,1,1,0
150033,FRANCISCAN ST FRANCIS HEALTH - BEECH GROVE,1600 ALBANY ST,BEECH GROVE,IN,46107,MARION,3177838133,Acute Care Hospitals,Voluntary Non-Profit - Church,1.0,,,,1,0,0
150034,ST MARY MEDICAL CENTER INC,1500 S LAKE PARK AVE,HOBART,IN,46342,LAKE,(219) 947-6196,Acute Care Hospitals,Voluntary Non-Profit - Private,1.0,,,,1,1,0
150035,NORTHWEST HEALTH - PORTER,85 EAST US HWY 6,VALPARAISO,IN,46383,PORTER,(219) 983-8300,Acute Care Hospitals,Proprietary,1.0,,,,1,1,0
150037,HANCOCK REGIONAL HOSPITAL,801 N STATE ST,GREENFIELD,IN,46140,HANCOCK,(317) 462-5544,Acute Care Hospitals,Government - Local,1.0,,,,1,1,0
150038,INDIANA UNIVERSITY HEALTH MORGAN HOSPITAL INC,2209 JOHN R WOODEN DR,MARTINSVILLE,IN,46151,MORGAN,7653496502,Acute Care Hospitals,Government - Local,1.0,,,,1,0,0
15003F,INDIANAPOLIS VA MEDICAL CENTER,1481 W. TENTH STREET,INDIANAPOLIS,IN,46202,MARION,(317) 554-0000,ACUTE CARE - VETERANS ADMINISTRATION,Government - Federal,1.0,,,,1,1,0
150042,GOOD SAMARITAN HOSPITAL,520 S 7TH ST,VINCENNES,IN,47591,KNOX,(812) 882-5220,Acute Care Hospitals,Voluntary Non-Profit - Other,1.0,,,,1,1,0
150044,BAPTIST HEALTH FLOYD,1850 STATE ST,NEW ALBANY,IN,47150,FLOYD,(812) 944-7701,Acute Care Hospitals,Government - Local,1.0,,,,1,1,0
150045,PARKVIEW DEKALB HOSPITAL,1316 E SEVENTH ST,AUBURN,IN,46706,DE KALB,(260) 925-4600,Acute Care Hospitals,Voluntary Non-Profit - Private,1.0,,,,1,1,0
150046,TERRE HAUTE REGIONAL HOSPITAL,3901 S SEVENTH ST,TERRE HAUTE,IN,47802,VIGO,(812) 232-0021,Acute Care Hospitals,Proprietary,1.0,,,,1,1,0
150047,"ST JOSEPH HEALTH SYSTEM, LLC",702 VAN BUREN ST.,FORT WAYNE,IN,46802,ALLEN,(260) 425-3000,Acute Care Hospitals,Proprietary,1.0,,,,1,1,0
150048,REID HEALTH,1100 REID PKWY,RICHMOND,IN,47374,WAYNE,(765) 983-3000,Acute Care Hospitals,Voluntary Non-Profit - Private,1.0,,,,1,1,0
15004F,VA N. INDIANA HEALTHCARE SYSTEM,1700 E. 38TH STREET,MARION,IN,46953,GRANT,(765) 674-3321,ACUTE CARE - VETERANS ADMINISTRATION,Government - Federal,1.0,,,,1,1,0
150051,INDIANA UNIVERSITY HEALTH BLOOMINGTON HOSPITAL,601 W SECOND ST,BLOOMINGTON,IN,47403,MONROE,(812) 353-9554,Acute Care Hospitals,Voluntary Non-Profit - Private,1.0,,,,1,1,0
150056,INDIANA UNIVERSITY HEALTH,1701 N SENATE BLVD,INDIANAPOLIS,IN,46202,MARION,(317) 962-2000,Acute Care Hospitals,Voluntary Non-Profit - Private,1.0,,,,1,1,0
150057,FRANCISCAN HEALTH MOORESVILLE,1201 HADLEY RD,MOORESVILLE,IN,46158,MORGAN,(317) 831-1160,Acute Care Hospitals,Voluntary Non-Profit - Church,1.0,,,,1,1,0
150058,MEMORIAL HOSPITAL OF SOUTH BEND,615 N MICHIGAN ST,SOUTH BEND,IN,46601,ST. JOSEPH,(574) 647-1000,Acute Care Hospitals,Voluntary Non-Profit - Private,1.0,,,,1,1,0
150059,RIVERVIEW HEALTH,395 WESTFIELD RD,NOBLESVILLE,IN,46060,HAMILTON,(317) 773-0760,Acute Care Hospitals,Government - Local,1.0,,,,1,1,0
150061,DAVIESS COMMUNITY HOSPITAL,1314 E WALNUT ST,WASHINGTON,IN,47501,DAVIESS,(812) 254-2760,Acute Care Hospitals,Government - Local,1.0,,,,1,1,0
150064,FAYETTE REGIONAL HEALTH SYSTEM,1941 VIRGINIA AVE,CONNERSVILLE,IN,47331,FAYETTE,7658255131,Acute Care Hospitals,Voluntary Non-Profit - Private,1.0,,,,1,0,0
150065,SCHNECK MEDICAL CENTER,411 W TIPTON ST,SEYMOUR,IN,47274,JACKSON,(812) 522-2349,Acute Care Hospitals,Government - Local,1.0,,,,1,1,0
150069,NORTON-KING'S DAUGHTERS' HEALTH,1373 EAST SR 62,MADISON,IN,47250,JEFFERSON,(812) 801-0800,Acute Care Hospitals,Voluntary Non-Profit - Private,1.0,,,,1,1,0
150072,MEMORIAL HOSPITAL,1101 MICHIGAN AVE,LOGANSPORT,IN,46947,CASS,(574) 753-7541,Acute Care Hospitals,Government - Federal,1.0,,,,1,1,0
150074,COMMUNITY HOSPITAL EAST,1500 N RITTER AVE,INDIANAPOLIS,IN,46219,MARION,(317) 355-5411,Acute Care Hospitals,Voluntary Non-Profit - Private,1.0,,,,1,1,0
150075,BLUFFTON REGIONAL MEDICAL CENTER,303 S MAIN ST,BLUFFTON,IN,46714,WELLS,(260) 824-3210,Acute Care Hospitals,Proprietary,1.0,,,,1,1,0
150076,SAINT JOSEPH REGIONAL MEDICAL CENTER - PLYMOUTH,1915 LAKE AVE,PLYMOUTH,IN,46563,MARSHALL,(574) 948-4000,Acute Care Hospitals,Voluntary Non-Profit - Church,1.0,,,,1,1,0
150082,DEACONESS HOSPITAL INC,600 MARY ST,EVANSVILLE,IN,47747,VANDERBURGH,(812) 450-5000,Acute Care Hospitals,Voluntary Non-Profit - Private,1.0,,,,1,1,0
150084,ASCENSION ST VINCENT HOSPITAL,2001 W 86TH ST,INDIANAPOLIS,IN,46260,MARION,(317) 338-7000,Acute Care Hospitals,Voluntary Non-Profit - Church,1.0,,,,1,1,0
150086,ST ELIZABETH DEARBORN HOSPITAL,600 WILSON CREEK RD,LAWRENCEBURG,IN,47025,DEARBORN,(812) 537-1010,Acute Care Hospitals,Government - Local,1.0,,,,1,1,0
150088,ASCENSION ST VINCENT ANDERSON,2015 JACKSON ST,ANDERSON,IN,46016,MADISON,(765) 649-2511,Acute Care Hospitals,Voluntary Non-Profit - Private,1.0,,,,1,1,0
150089,INDIANA UNIVERSITY HEALTH BALL MEMORIAL HOSPITAL,2401 UNIVERSITY AVE,MUNCIE,IN,47303,DELAWARE,(765) 747-3111,Acute Care Hospitals,Voluntary Non-Profit - Private,1.0,,,,1,1,0
150090,FRANCISCAN HEALTH DYER,24 JOLIET ST,DYER,IN,46311,LAKE,(219) 865-2141,Acute Care Hospitals,Voluntary Non-Profit - Church,1.0,,,,1,1,0
150091,PARKVIEW HUNTINGTON HOSPITAL,2001 STULTS RD,HUNTINGTON,IN,46750,HUNTINGTON,(260) 355-3300,Acute Care Hospitals,Voluntary Non-Profit - Private,1.0,,,,1,1,0
150097,MAJOR HOSPITAL,2451 INTELLIPLEX DR,SHELBYVILLE,IN,46176,SHELBY,(317) 392-3211,Acute Care Hospitals,Government - Local,1.0,,,,1,1,0
150100,ASCENSION ST VINCENT EVANSVILLE,3700 WASHINGTON AVE,EVANSVILLE,IN,47750,VANDERBURGH,(812) 485-4000,Acute Care Hospitals,Voluntary Non-Profit - Private,1.0,,,,1,1,0
150101,PARKVIEW WHITLEY HOSPITAL,1260 E SR 205,COLUMBIA CITY,IN,46725,WHITLEY,(260) 248-9301,Acute Care Hospitals,Voluntary Non-Profit - Private,1.0,,,,1,1,0
150102,NORTHWEST HEALTH - STARKE,102 E CULVER RD,KNOX,IN,46534,STARKE,(574) 772-6231,Acute Care Hospitals,Proprietary,1.0,,,,1,1,0
150104,WITHAM HEALTH SERVICES,2605 N LEBANON ST,LEBANON,IN,46052,BOONE,(765) 485-8000,Acute Care Hospitals,Government - Local,1.0,,,,1,1,0
150109,FRANCISCAN HEALTH LAFAYETTE,1701 S CREASY LN,LAFAYETTE,IN,47905,TIPPECANOE,(765) 502-4334,Acute Care Hospitals,Voluntary Non-Profit - Church,1.0,,,,1,1,0
150112,COLUMBUS REGIONAL HOSPITAL,2400 E 17TH ST,COLUMBUS,IN,47201,BARTHOLOMEW,(812) 379-4441,Acute Care Hospitals,Government - Local,1.0,,,,1,1,0
150113,COMMUNITY HOSPITAL OF ANDERSON AND MADISON COUNTY,1515 N MADISON AVE,ANDERSON,IN,46011,MADISON,(765) 298-4242,Acute Care Hospitals,Voluntary Non-Profit - Other,1.0,,,,1,1,0
150115,MEMORIAL HOSPITAL AND HEALTH CARE CENTER,800 W 9TH ST,JASPER,IN,47546,DUBOIS,(812) 996-2345,Acute Care Hospitals,Voluntary Non-Profit - Church,1.0,,,,1,1,0
150125,COMMUNITY HOSPITAL,901 MACARTHUR BLVD,MUNSTER,IN,46321,LAKE,(219) 836-1600,Acute Care Hospitals,Voluntary Non-Profit - Private,1.0,,,,1,1,0
150126,FRANCISCAN HEALTH CROWN POINT,1201 S MAIN ST,CROWN POINT,IN,46307,LAKE,(219) 757-6100,Acute Care Hospitals,Voluntary Non-Profit - Church,1.0,,,,1,1,0
150128,"COMMUNITY HOSPITAL SOUTH, INC.",1402 E COUNTY LINE RD S,INDIANAPOLIS,IN,46227,MARION,(317) 887-7000,Acute Care Hospitals,Voluntary Non-Profit - Private,1.0,,,,1,1,0
150129,WESTVIEW HOSPITAL,3630 GUION RD,INDIANAPOLIS,IN,46222,MARION,3179207288,Acute Care Hospitals,Voluntary Non-Profit - Private,1.0,,,,1,0,0
150133,KOSCIUSKO COMMUNITY HOSPITAL,2101 E DUBOIS DR,WARSAW,IN,46580,KOSCIUSKO,(574) 267-3200,Acute Care Hospitals,Proprietary,1.0,,,,1,1,0
150146,PARKVIEW NOBLE HOSPITAL,401 SAWYER RD,KENDALLVILLE,IN,46755,NOBLE,(260) 347-8700,Acute Care Hospitals,Government - Local,1.0,,,,1,1,0
150149,THE WOMEN'S HOSPITAL,4199 GATEWAY BLVD,NEWBURGH,IN,47630,WARRICK,(812) 842-4200,Acute Care Hospitals,Proprietary,0.0,,,,1,1,0
150150,DUPONT HOSPITAL LLC,2520 E DUPONT RD,FORT WAYNE,IN,46825,ALLEN,(260) 416-3000,Acute Care Hospitals,Proprietary,1.0,,,,1,1,0
150153,ST VINCENT HEART CENTER,10580 N MERIDIAN ST,CARMEL,IN,46290,HAMILTON,(317) 583-5000,Acute Care Hospitals,Proprietary,1.0,,,,1,1,0
150154,INDIANA HEART HOSPITAL THE,8075 N SHADELAND AVE,INDIANAPOLIS,IN,46250,MARION,3176218063,Acute Care Hospitals,Proprietary,1.0,,,,1,0,0
150157,ASCENSION ST VINCENT CARMEL,13500 N MERIDIAN ST,CARMEL,IN,46032,HAMILTON,(317) 582-7000,Acute Care Hospitals,Voluntary Non-Profit - Church,1.0,,,,1,1,0
150158,IU HEALTH WEST HOSPITAL,1111 N RONALD REAGAN PKWY,AVON,IN,46123,HENDRICKS,(317) 217-3000,Acute Care Hospitals,Proprietary,1.0,,,,1,1,0
150160,ORTHOINDY HOSPITAL,8400 NORTHWEST BLVD,INDIANAPOLIS,IN,46278,MARION,(317) 956-1000,Acute Care Hospitals,Proprietary,0.0,,,,1,1,0
150161,INDIANA UNIVERSITY HEALTH NORTH HOSPITAL,11700 N MERIDIAN ST,CARMEL,IN,46032,HAMILTON,(317) 688-2000,Acute Care Hospitals,Proprietary,1.0,,,,1,1,0
150162,FRANCISCAN HEALTH INDIANAPOLIS,8111 S EMERSON AVE,INDIANAPOLIS,IN,46237,MARION,(317) 528-5000,Acute Care Hospitals,Voluntary Non-Profit - Church,1.0,,,,1,1,0
150163,SAINT CATHERINE REGIONAL HOSPITAL,2200  MARKET ST,CHARLESTOWN,IN,47111,CLARK,8122563301,Acute Care Hospitals,Proprietary,1.0,,,,1,0,0
150164,MONROE HOSPITAL,4011 S MONROE MEDICAL PARK BLVD,BLOOMINGTON,IN,47403,MONROE,8128251111,Acute Care Hospitals,Voluntary Non-Profit - Private,1.0,,,,1,0,0
150165,FRANCISCAN HEALTH MUNSTER,701 SUPERIOR AVE,MUNSTER,IN,46321,LAKE,(219) 922-4200,Acute Care Hospitals,Proprietary,0.0,,,,1,1,0
150166,PINNACLE HOSPITAL,9301 CONNECTICUT DR,CROWN POINT,IN,46307,LAKE,(219) 756-2100,Acute Care Hospitals,Government - Federal,0.0,,,,1,1,0
150167,ORTHOPAEDIC HOSPITAL AT PARKVIEW NORTH,11130 PARKVIEW CIRCLE DR,FORT WAYNE,IN,46845,ALLEN,(260) 672-5000,Acute Care Hospitals,Voluntary Non-Profit - Private,1.0,,,,1,1,0
150168,THE ORTHOPAEDIC HOSPITAL OF LUTHERAN HEALTH NETWOR,7952 W JEFFERSON BLVD,FT WAYNE,IN,46804,ALLEN,(260) 435-2999,Acute Care Hospitals,Government - State,0.0,,,,1,1,0
150169,COMMUNITY HOSPITAL NORTH,7150 CLEARVISTA DR,INDIANAPOLIS,IN,46256,MARION,(317) 621-5335,Acute Care Hospitals,Voluntary Non-Profit - Private,1.0,,,,1,1,0
150170,SURGICAL HOSPITAL OF MUNSTER,7847 CALUMET AVE,MUNSTER,IN,46321,LAKE,2198365102,Acute Care Hospitals,Proprietary,,,,,1,0,0
150172,PHYSICIANS' MEDICAL CENTER LLC,4023 REAS LN,NEW ALBANY,IN,47150,FLOYD,(812) 206-7660,Acute Care Hospitals,Proprietary,0.0,,,,1,1,0
150173,INDIANA UNIVERSITY HEALTH ARNETT HOSPITAL,5165 MCCARTY LN,LAFAYETTE,IN,47905,TIPPECANOE,(765) 448-8000,Acute Care Hospitals,Voluntary Non-Profit - Private,1.0,,,,1,1,0
150175,THE HEART HOSPITAL AT DEACONESS GATEWAY LLC,4007 GATEWAY BLVD,NEWBURGH,IN,47630,WARRICK,8128424784,Acute Care Hospitals,Proprietary,0.0,,,,1,0,0
150176,KENTUCKIANA MEDICAL CENTER LLC,4601 MEDICAL PLAZA WAY,CLARKSVILLE,IN,47129,CLARK,8122803300,Acute Care Hospitals,Proprietary,0.0,,,,1,0,0
150177,UNITY PHYSICIANS HOSPITAL,4455 EDISON LAKES PKWY,MISHAWAKA,IN,46545,ST. JOSEPH,(574) 231-6800,Acute Care Hospitals,Proprietary,0.0,,,,1,1,0
150178,CANCER CARE PARTNERS LLC,301 E DAY RD STE 300,MISHAWAKA,IN,46545,ST JOSEPH,5742047300,Acute Care Hospitals,Proprietary,0.0,,,,1,0,0
150179,FAIRBANKS,8102 CLEARVISTA PARKWAY,INDIANAPOLIS,IN,46256,MARION,(317) 849-8222,,,,,,,0,1,0
150181,ASCENSION ST VINCENT FISHERS,13861 OLIO ROAD,FISHERS,IN,46037,HAMILTON,(317) 415-9000,,,,,,,0,1,0
150183,MONROE HOSPITAL,4011 S MONROE MEDICAL PARK BLVD,BLOOMINGTON,IN,47403,MONROE,(812) 825-1111,,,,,,,0,1,0
150193,FRANCISCAN HEALTH ORTHOPEDIC HOSPITAL CARMEL,10777 N ILLINOIS ST,CARMEL,IN,46032,HAMILTON,(317) 528-5400,,,,,,,0,1,0
150195,UCHICAGO MEDICINE NORTHWEST INDIANA,10855 VIRGINIA STREET,CROWN POINT,IN,46307,LAKE,(312) 755-4706,,,,,,,0,1,0
151300,COMMUNITY HOSPITAL OF BREMEN INC,1020 HIGH RD,BREMEN,IN,46506,MARSHALL,(574) 546-2211,Critical Access Hospitals,Voluntary Non-Profit - Private,1.0,,,,1,1,0
151301,ASCENSION ST VINCENT RANDOLPH,473 E GREENVILLE AVE,WINCHESTER,IN,47394,RANDOLPH,(765) 584-0004,Critical Access Hospitals,Voluntary Non-Profit - Private,0.0,,,,1,1,0
151302,INDIANA UNIVERSITY HEALTH BLACKFORD HOSPITAL,410 PILGRIM BLVD,HARTFORD CITY,IN,47348,BLACKFORD,7653480300,Critical Access Hospitals,Voluntary Non-Profit - Private,1.0,,,,1,0,0
151303,ASCENSION ST VINCENT JENNINGS,301 HENRY ST,NORTH VERNON,IN,47265,JENNINGS,(812) 352-4228,Critical Access Hospitals,Voluntary Non-Profit - Church,1.0,,,,1,1,0
151304,RUSH MEMORIAL HOSPITAL,1300 N MAIN ST,RUSHVILLE,IN,46173,RUSH,(765) 932-4111,Critical Access Hospitals,Government - Local,1.0,,,,1,1,0
151305,PULASKI MEMORIAL HOSPITAL,616 E 13TH ST,WINAMAC,IN,46996,PULASKI,(574) 946-2100,Critical Access Hospitals,Government - Local,1.0,,,,1,1,0
151306,INDIANA UNIVERSITY HEALTH PAOLI HOSPITAL,642 W HOSPITAL RD,PAOLI,IN,47454,ORANGE,(812) 723-2811,Critical Access Hospitals,Voluntary Non-Profit - Private,1.0,,,,1,1,0
151307,ASCENSION ST VINCENT WILLIAMSPORT,412 N MONROE ST,WILLIAMSPORT,IN,47993,WARREN,(765) 762-4001,Critical Access Hospitals,Voluntary Non-Profit - Church,1.0,,,,1,1,0
151308,ASCENSION ST VINCENT MERCY,1331 S A ST,ELWOOD,IN,46036,MADISON,(765) 552-4743,Critical Access Hospitals,Voluntary Non-Profit - Church,1.0,,,,1,1,0
151309,ASCENSION ST VINCENT CLAY,1206 E NATIONAL AVE,BRAZIL,IN,47834,CLAY,(812) 442-2500,Critical Access Hospitals,Voluntary Non-Profit - Private,1.0,,,,1,1,0
151310,"PARKVIEW WABASH HOSPITAL, INC",10 JOHN KISSINGER DRIVE,WABASH,IN,46992,WABASH,(260) 569-2160,Critical Access Hospitals,Government - Local,1.0,,,,1,1,0
151311,INDIANA UNIVERSITY HEALTH TIPTON HOSPITAL INC,1000 S MAIN ST,TIPTON,IN,46072,TIPTON,(765) 675-8500,Critical Access Hospitals,Government - Local,1.0,,,,1,1,0
151312,INDIANA UNIVERSITY HEALTH WHITE MEMORIAL HOSPITAL,720 SOUTH SIXTH ST,MONTICELLO,IN,47960,WHITE,(574) 583-7111,Critical Access Hospitals,Government - Local,1.0,,,,1,1,0
151313,WOODLAWN HOSPITAL,1400 E 9TH ST,ROCHESTER,IN,46975,FULTON,(574) 223-3141,Critical Access Hospitals,Government - Local,1.0,,,,1,1,0
151314,ASCENSION ST VINCENT SALEM,911 N SHELBY ST,SALEM,IN,47167,WASHINGTON,(812) 883-5881,Critical Access Hospitals,Voluntary Non-Profit - Private,1.0,,,,1,1,0
151315,CAMERON MEMORIAL COMMUNITY HOSPITAL INC,416 E MAUMEE ST,ANGOLA,IN,46703,STEUBEN,(260) 665-2141,Critical Access Hospitals,Voluntary Non-Profit - Private,1.0,,,,1,1,0
151316,INDIANA UNIVERSITY HEALTH FRANKFORT INC,1300 S JACKSON ST,FRANKFORT,IN,46041,CLINTON,(765) 656-3000,Critical Access Hospitals,Voluntary Non-Profit - Church,1.0,,,,1,1,0
151317,GREENE COUNTY GENERAL HOSPITAL,1185 N 1000 W,LINTON,IN,47441,GREENE,(812) 847-2281,Critical Access Hospitals,Government - Local,1.0,,,,1,1,0
151318,DUKES MEMORIAL HOSPITAL,275 W 12TH ST,PERU,IN,46970,MIAMI,(765) 472-8000,Critical Access Hospitals,Voluntary Non-Profit - Private,1.0,,,,1,1,0
151319,GIBSON GENERAL HOSPITAL,1808 SHERMAN DR,PRINCETON,IN,47670,GIBSON,(812) 385-3401,Critical Access Hospitals,Voluntary Non-Profit - Private,1.0,,,,1,1,0
151320,"INDIANA UNIVERSITY HEALTH JAY, INC.",500 W VOTAW ST,PORTLAND,IN,47371,JAY,(260) 726-7131,Critical Access Hospitals,Government - Local,1.0,,,,1,1,0
151322,PERRY COUNTY MEMORIAL HOSPITAL,8885 SR 237,TELL CITY,IN,47586,PERRY,(812) 547-7011,Critical Access Hospitals,Government - Local,1.0,,,,1,1,0
151323,PARKVIEW LAGRANGE HOSPITAL,207 N TOWNLINE RD,LAGRANGE,IN,46761,LAGRANGE,(260) 463-9000,Critical Access Hospitals,Voluntary Non-Profit - Private,1.0,,,,1,1,0
151324,"FRANCISCAN HEALTH RENSSELAER, INC",1104 E GRACE ST,RENSSELAER,IN,47978,JASPER,(219) 866-5141,Critical Access Hospitals,Voluntary Non-Profit - Other,1.0,,,,1,1,0
151325,ASCENSION ST VINCENT WARRICK,1116 MILLIS AVE,BOONVILLE,IN,47601,WARRICK,(812) 897-4800,Critical Access Hospitals,Voluntary Non-Profit - Private,1.0,,,,1,1,0
151326,UNION HOSPITAL CLINTON,801 S MAIN ST,CLINTON,IN,47842,VERMILLION,(765) 832-1234,Critical Access Hospitals,Voluntary Non-Profit - Private,1.0,,,,1,1,0
151327,SULLIVAN COUNTY COMMUNITY HOSPITAL,2200 N SECTION ST,SULLIVAN,IN,47882,SULLIVAN,(812) 268-4311,Critical Access Hospitals,Government - Local,1.0,,,,1,1,0
151328,INDIANA UNIVERSITY HEALTH BEDFORD HOSPITAL,2900 W 16TH ST,BEDFORD,IN,47421,LAWRENCE,(812) 275-1200,Critical Access Hospitals,Voluntary Non-Profit - Private,1.0,,,,1,1,0
151329,MARGARET MARY COMMUNITY HOSPITAL INC,321 MITCHELL AVE,BATESVILLE,IN,47006,FRANKLIN,(812) 934-6624,Critical Access Hospitals,Voluntary Non-Profit - Private,1.0,,,,1,1,0
151330,ADAMS MEMORIAL HOSPITAL,1100 MERCER AVE,DECATUR,IN,46733,ADAMS,(260) 724-2145,Critical Access Hospitals,Government - Local,1.0,,,,1,1,0
151331,HARRISON COUNTY HOSPITAL,245 ATWOOD STREET,CORYDON,IN,47112,HARRISON,(812) 738-4251,Critical Access Hospitals,Government - Local,1.0,,,,1,1,0
151332,DECATUR COUNTY MEMORIAL HOSPITAL,720 NORTH LINCOLN STREET,GREENSBURG,IN,47240,DECATUR,(812) 663-4331,Critical Access Hospitals,Government - Local,1.0,,,,1,1,0
151333,PUTNAM COUNTY HOSPITAL,1542 S BLOOMINGTON ST,GREENCASTLE,IN,46135,PUTNAM,(765) 653-5121,Critical Access Hospitals,Government - Local,1.0,,,,1,1,0
151334,NORTON SCOTT HOSPITAL,1451 N GARDNER ST,SCOTTSBURG,IN,47170,SCOTT,(812) 752-3456,Critical Access Hospitals,Government - Local,1.0,,,,1,1,0
151335,ST VINCENT DUNN HOSPITAL INC,1600 23RD ST,BEDFORD,IN,47421,LAWRENCE,8122753331,Critical Access Hospitals,Voluntary Non-Profit - Other,1.0,,,,1,0,0
160001,UNITYPOINT HEALTH - MARSHALLTOWN,55 UNITYPOINT WAY,MARSHALLTOWN,IA,50158,MARSHALL,(641) 754-5151,Acute Care Hospitals,Voluntary Non-Profit - Private,1.0,,,,1,1,0
160005,ST ANTHONY REGIONAL HOSPITAL,311 SOUTH CLARK STREET,CARROLL,IA,51401,CARROLL,7127923581,Acute Care Hospitals,Voluntary Non-Profit - Church,1.0,,,,1,0,0
160008,KEOKUK AREA HOSPITAL,1600 MORGAN STREET,KEOKUK,IA,52632,LEE,3195247150,Acute Care Hospitals,Voluntary Non-Profit - Private,1.0,,,,1,0,0
160013,TRINITY MUSCATINE,1518 MULBERRY AVENUE,MUSCATINE,IA,52761,MUSCATINE,(563) 264-9100,Acute Care Hospitals,Voluntary Non-Profit - Private,1.0,,,,1,1,0
160016,TRINITY REGIONAL MEDICAL CENTER,802 KENYON RD,FORT DODGE,IA,50501,WEBSTER,(515) 573-3101,Acute Care Hospitals,Voluntary Non-Profit - Private,1.0,,,,1,1,0
160024,IOWA LUTHERAN HOSPITAL,700 EAST UNIVERSITY AVENUE,DES MOINES,IA,50316,POLK,5152635612,Acute Care Hospitals,Voluntary Non-Profit - Private,1.0,,,,1,0,0
160028,CHI HEALTH MERCY COUNCIL BLUFFS,800 MERCY DRIVE,COUNCIL BLUFFS,IA,51503,POTTAWATTAMIE,(712) 328-5000,Acute Care Hospitals,Voluntary Non-Profit - Private,1.0,,,,1,1,0
160029,UNIVERSITY OF IOWA HEALTH CARE MEDICAL CENTER DOWN,500 E MARKET STREET,IOWA CITY,IA,52245,JOHNSON,(319) 339-0300,Acute Care Hospitals,Voluntary Non-Profit - Church,1.0,,,,1,1,0
160030,MARY GREELEY MEDICAL CENTER,1111 DUFF AVENUE,AMES,IA,50010,STORY,(515) 239-2011,Acute Care Hospitals,Government - Local,1.0,,,,1,1,0
160032,MERCYONE NEWTON MEDICAL CENTER,204 N 4TH AVE E,NEWTON,IA,50208,JASPER,(641) 792-1273,Acute Care Hospitals,Government - Local,1.0,,,,1,1,0
160033,GENESIS MEDICAL CENTER-DAVENPORT,1227 EAST RUSHOLME STREET,DAVENPORT,IA,52803,SCOTT,(563) 421-1000,Acute Care Hospitals,Voluntary Non-Profit - Other,1.0,,,,1,1,0
16003F,VA CENTRAL IOWA HEALTHCARE SYSTEM,3600 30TH STREET,DES MOINES,IA,50310,POLK,(515) 699-5999,ACUTE CARE - VETERANS ADMINISTRATION,Government - Federal,1.0,,,,1,1,0
160040,"SARTORI MEMORIAL HOSPITAL, INC",515 COLLEGE STREET,CEDAR FALLS,IA,50613,BLACK HAWK,(319) 268-3000,Acute Care Hospitals,Voluntary Non-Profit - Church,1.0,,,,1,1,0
160045,ST LUKES HOSPITAL,1026 A AVE NE,CEDAR RAPIDS,IA,52402,LINN,(319) 369-7211,Acute Care Hospitals,Voluntary Non-Profit - Private,1.0,,,,1,1,0
160047,METHODIST JENNIE EDMUNDSON,933 EAST PIERCE STREET,COUNCIL BLUFFS,IA,51503,POTTAWATTAMIE,(712) 396-6000,Acute Care Hospitals,Voluntary Non-Profit - Private,1.0,,,,1,1,0
16004F,IOWA CITY VA MEDICAL CENTER,601 HIGHWAY 6 WEST,IOWA CITY,IA,52246,JOHNSON,(319) 338-0581,ACUTE CARE - VETERANS ADMINISTRATION,Government - Federal,1.0,,,,1,1,0
160057,SOUTHEAST IOWA REGIONAL MEDICAL CENTER,1221 SOUTH GEAR AVENUE,WEST BURLINGTON,IA,52655,DES MOINES,(319) 768-1000,Acute Care Hospitals,Voluntary Non-Profit - Private,1.0,,,,1,1,0
160058,UNIVERSITY OF IOWA HOSPITAL & CLINICS,200 HAWKINS DRIVE,IOWA CITY,IA,52242,JOHNSON,(319) 356-1616,Acute Care Hospitals,Government - State,1.0,,,,1,1,0
160064,MERCYONE NORTH IOWA MEDICAL CENTER,1000 FOURTH STREET SW,MASON CITY,IA,50401,CERRO GORDO,(641) 428-7000,Acute Care Hospitals,Voluntary Non-Profit - Church,1.0,,,,1,1,0
160067,MERCYONE WATERLOO MEDICAL CENTER,3421 WEST NINTH STREET,WATERLOO,IA,50702,BLACK HAWK,(319) 272-8000,Acute Care Hospitals,Voluntary Non-Profit - Church,1.0,,,,1,1,0
160069,MERCYONE DUBUQUE MEDICAL CENTER,250 MERCY DRIVE,DUBUQUE,IA,52001,DUBUQUE,(563) 589-8000,Acute Care Hospitals,Voluntary Non-Profit - Church,1.0,,,,1,1,0
160079,MERCY MEDICAL CENTER - CEDAR RAPIDS,701 10TH STREET SE,CEDAR RAPIDS,IA,52403,LINN,(319) 398-6011,Acute Care Hospitals,Voluntary Non-Profit - Church,1.0,,,,1,1,0
160080,MERCYONE CLINTON MEDICAL CENTER,1410 NORTH 4TH STREET,CLINTON,IA,52732,CLINTON,(563) 244-5555,Acute Care Hospitals,Voluntary Non-Profit - Church,1.0,,,,1,1,0
160082,UNITYPOINT HEALTH - DES MOINES IOWA METHODIST MEDI,1200 PLEASANT STREET,DES MOINES,IA,50309,POLK,(515) 343-1000,Acute Care Hospitals,Voluntary Non-Profit - Private,1.0,,,,1,1,0
160083,MERCYONE DES MOINES MEDICAL CENTER,1111 6TH AVE,DES MOINES,IA,50314,POLK,(515) 247-4436,Acute Care Hospitals,Voluntary Non-Profit - Private,1.0,,,,1,1,0
160089,OTTUMWA REGIONAL HEALTH CENTER,1001 E PENNSYLVANIA,OTTUMWA,IA,52501,WAPELLO,(641) 682-7511,Acute Care Hospitals,Voluntary Non-Profit - Private,1.0,,,,1,1,0
160101,BROADLAWNS MEDICAL CENTER,1801 HICKMAN ROAD,DES MOINES,IA,50314,POLK,(515) 282-2200,Acute Care Hospitals,Voluntary Non-Profit - Other,1.0,,,,1,1,0
160104,TRINITY - BETTENDORF,4500 UTICA RIDGE ROAD,BETTENDORF,IA,52722,SCOTT,(563) 742-5000,Acute Care Hospitals,Voluntary Non-Profit - Private,1.0,,,,1,1,0
160110,ALLEN HOSPITAL,1825 LOGAN AVENUE,WATERLOO,IA,50703,BLACK HAWK,(319) 235-3941,Acute Care Hospitals,Voluntary Non-Profit - Private,1.0,,,,1,1,0
160112,SPENCER MUNICIPAL HOSPITAL,1200 1ST AVENUE EAST,SPENCER,IA,51301,CLAY,(712) 264-6198,Acute Care Hospitals,Government - Local,1.0,,,,1,1,0
160117,FINLEY HOSPITAL,350 NORTH GRANDVIEW AVENUE,DUBUQUE,IA,52001,DUBUQUE,(563) 582-1881,Acute Care Hospitals,Government - Local,1.0,,,,1,1,0
160122,FORT MADISON COMMUNITY HOSPITAL,5445 AVE O,FORT MADISON,IA,52627,LEE,3193726530,Acute Care Hospitals,Voluntary Non-Profit - Private,1.0,,,,1,0,0
160124,LAKES REGIONAL HEALTHCARE,2301 HIGHWAY 71,SPIRIT LAKE,IA,51360,DICKINSON,(712) 336-1230,Acute Care Hospitals,Government - Local,1.0,,,,1,1,0
160146,ST LUKES REGIONAL MEDICAL CENTER,2720 STONE PARK BOULEVARD,SIOUX CITY,IA,51104,WOODBURY,(712) 279-3500,Acute Care Hospitals,Voluntary Non-Profit - Private,1.0,,,,1,1,0
160147,GRINNELL REGIONAL MEDICAL CENTER,210 FOURTH AVENUE,GRINNELL,IA,50112,POWESHIEK,(641) 236-2422,Acute Care Hospitals,Voluntary Non-Profit - Private,1.0,,,,1,1,0
160153,MERCYONE SIOUXLAND MEDICAL CENTER,801 5TH ST,SIOUX CITY,IA,51101,WOODBURY,(712) 279-2010,Acute Care Hospitals,Voluntary Non-Profit - Private,1.0,,,,1,1,0
161300,BAUM HARMON MERCY HOSPITAL,255 N WELCH AVENUE,PRIMGHAR,IA,51245,OBRIEN,7129572300,Critical Access Hospitals,Voluntary Non-Profit - Church,1.0,,,,1,0,0
161301,IOWA SPECIALTY HOSPITAL - BELMOND,403 FIRST STREET SE,BELMOND,IA,50421,WRIGHT,(641) 444-3223,Critical Access Hospitals,Government - Local,1.0,,,,1,1,0
161302,IOWA SPECIALTY HOSPITAL - CLARION,1316 SOUTH MAIN STREET,CLARION,IA,50525,WRIGHT,(515) 532-2811,Critical Access Hospitals,Government - Local,1.0,,,,1,1,0
161303,GRUNDY COUNTY MEMORIAL HOSPITAL,201 EAST J AVENUE,GRUNDY CENTER,IA,50638,GRUNDY,(319) 824-5421,Critical Access Hospitals,Voluntary Non-Profit - Other,1.0,,,,1,1,0
161304,CHI HEALTH - MERCY CORNING,603 ROSARY DRIVE,CORNING,IA,50841,ADAMS,(641) 322-3121,Critical Access Hospitals,Voluntary Non-Profit - Other,1.0,,,,1,1,0
161305,POCAHONTAS COMMUNITY HOSPITAL,606 N W 7TH STREET,POCAHONTAS,IA,50574,POCAHONTAS,(712) 335-3501,Critical Access Hospitals,Government - Local,1.0,,,,1,1,0
161306,JONES REGIONAL MEDICAL CENTER,1795 HIGHWAY 64 EAST,ANAMOSA,IA,52205,JONES,(319) 462-6131,Critical Access Hospitals,Voluntary Non-Profit - Private,1.0,,,,1,1,0
161307,HANCOCK COUNTY HEALTH SYSTEM,532 1ST ST NW,BRITT,IA,50423,HANCOCK,(641) 843-5000,Critical Access Hospitals,Voluntary Non-Profit - Other,1.0,,,,1,1,0
161308,FRANKLIN GENERAL HOSPITAL,1720 CENTRAL AVENUE EAST,HAMPTON,IA,50441,FRANKLIN,(641) 456-5000,Critical Access Hospitals,Government - Local,1.0,,,,1,1,0
161309,CHI HEALTH MISSOURI VALLEY,631 N 8TH ST,MISSOURI VALLEY,IA,51555,HARRISON,(712) 642-2784,Critical Access Hospitals,Voluntary Non-Profit - Private,1.0,,,,1,1,0
161310,ADAIR COUNTY MEMORIAL HOSPITAL,609 SE KENT,GREENFIELD,IA,50849,ADAIR,(641) 743-2123,Critical Access Hospitals,Voluntary Non-Profit - Other,1.0,,,,1,1,0
161311,HAWARDEN REGIONAL HEALTHCARE,1111 11TH STREET,HAWARDEN,IA,51023,SIOUX,(712) 551-3100,Critical Access Hospitals,Voluntary Non-Profit - Other,1.0,,,,1,1,0
161312,GUTTENBERG MUNICIPAL HOSPITAL,200 MAIN STREET,GUTTENBERG,IA,52052,CLAYTON,(563) 252-1121,Critical Access Hospitals,Government - Local,1.0,,,,1,1,0
161313,GENESIS MEDICAL CENTER-DEWITT,1118 11TH STREET,DEWITT,IA,52742,CLINTON,(563) 659-4200,Critical Access Hospitals,Voluntary Non-Profit - Private,1.0,,,,1,1,0
161314,GUTHRIE COUNTY HOSPITAL,710 NORTH 12TH STREET,GUTHRIE CENTER,IA,50115,GUTHRIE,(641) 747-2201,Critical Access Hospitals,Voluntary Non-Profit - Other,1.0,,,,1,1,0
161315,KEOKUK COUNTY HEALTH CENTER,23019 HIGHWAY 149,SIGOURNEY,IA,52591,KEOKUK,(641) 622-2720,Critical Access Hospitals,Voluntary Non-Profit - Other,1.0,,,,1,1,0
161316,GUNDERSEN PALMER LUTHERAN HOSPITAL AND CLINICS,112 JEFFERSON STREET,WEST UNION,IA,52175,FAYETTE,(563) 422-3811,Critical Access Hospitals,Voluntary Non-Profit - Private,1.0,,,,1,1,0
161317,COMPASS MEMORIAL HEALTHCARE,300 W MAY ST,MARENGO,IA,52301,IOWA,(319) 642-5543,Critical Access Hospitals,Government - Local,1.0,,,,1,1,0
161318,VETERANS MEMORIAL HOSPITAL,40 1ST STREET SE,WAUKON,IA,52172,ALLAMAKEE,(563) 568-3411,Critical Access Hospitals,Government - Local,1.0,,,,1,1,0
161319,MERCYONE ELKADER MEDICAL CENTER,901 DAVIDSON STREET NW,ELKADER,IA,52043,CLAYTON,(563) 245-7000,Critical Access Hospitals,Voluntary Non-Profit - Private,1.0,,,,1,1,0
161320,COMMUNITY MEMORIAL HOSPITAL MEDICAL CENTER,909 WEST FIRST STREET,SUMNER,IA,50674,BREMER,(563) 578-3275,Critical Access Hospitals,Voluntary Non-Profit - Private,1.0,,,,1,1,0
161321,AVERA MERRILL PIONEER HOSPITAL,1100 S 10TH AVE,ROCK RAPIDS,IA,51246,LYON,(712) 472-2591,Critical Access Hospitals,Voluntary Non-Profit - Private,1.0,,,,1,1,0
161322,DALLAS COUNTY HOSPITAL,610 TENTH STREET,PERRY,IA,50220,DALLAS,(515) 465-3547,Critical Access Hospitals,Voluntary Non-Profit - Other,1.0,,,,1,1,0
161323,MITCHELL COUNTY REGIONAL HEALTH,616 NORTH EIGHTH STREET,OSAGE,IA,50461,MITCHELL,(641) 732-6000,Critical Access Hospitals,Voluntary Non-Profit - Other,1.0,,,,1,1,0
161324,GEORGE C GRAPE COMMUNITY HOSPITAL,2959 US HIGHWAY 275,HAMBURG,IA,51640,FREMONT,(712) 382-1515,Critical Access Hospitals,Voluntary Non-Profit - Private,1.0,,,,1,1,0
161325,GREENE COUNTY MEDICAL CENTER,1000 WEST LINCOLN WAY,JEFFERSON,IA,50129,GREENE,(515) 386-2114,Critical Access Hospitals,Government - Local,1.0,,,,1,1,0
161326,MADISON COUNTY HEALTH CARE SYSTEM,300 WEST HUTCHINGS STREET,WINTERSET,IA,50273,MADISON,(515) 462-2373,Critical Access Hospitals,Voluntary Non-Profit - Other,1.0,,,,1,1,0
161327,DAVIS COUNTY HOSPITAL,509 NORTH MADISON STREET,BLOOMFIELD,IA,52537,DAVIS,(641) 664-2145,Critical Access Hospitals,Government - Hospital District or Authority,1.0,,,,1,1,0
161328,REGIONAL HEALTH SERVICES OF HOWARD COUNTY,235 8TH AVENUE WEST,CRESCO,IA,52136,HOWARD,(563) 547-2101,Critical Access Hospitals,Government - Local,1.0,,,,1,1,0
161329,JACKSON COUNTY REGIONAL HEALTH CENTER,700 W GROVE ST,MAQUOKETA,IA,52060,JACKSON,(563) 652-2474,Critical Access Hospitals,Government - Local,1.0,,,,1,1,0
161330,AUDUBON COUNTY MEMORIAL HOSPITAL,515 PACIFIC AVENUE,AUDUBON,IA,50025,AUDUBON,(712) 563-2611,Critical Access Hospitals,Government - Local,1.0,,,,1,1,0
161331,MERCY MEDICAL CENTER-NEW HAMPTON,308 NORTH MAPLE AVENUE,NEW HAMPTON,IA,50659,CHICKASAW,(641) 394-4121,Critical Access Hospitals,Voluntary Non-Profit - Church,1.0,,,,1,1,0
161332,MANNING REGIONAL HEALTHCARE CENTER,1550 SIXTH STREET,MANNING,IA,51455,CARROLL,(712) 655-2072,Critical Access Hospitals,Voluntary Non-Profit - Private,1.0,,,,1,1,0
161333,STORY COUNTY HOSPITAL,640 SOUTH 19TH STREET,NEVADA,IA,50201,STORY,(515) 382-2111,Critical Access Hospitals,Government - Local,1.0,,,,1,1,0
161334,HUMBOLDT COUNTY MEMORIAL HOSPITAL,1000 NORTH 15TH STREET,HUMBOLDT,IA,50548,HUMBOLDT,(515) 332-4200,,,,,,,0,1,0
161335,BUCHANAN COUNTY HEALTH CENTER,1600 FIRST ST EAST,INDEPENDENCE,IA,50644,BUCHANAN,(319) 332-0999,Critical Access Hospitals,Voluntary Non-Profit - Other,1.0,,,,1,1,0
161336,HEGG MEMORIAL HEALTH CENTER,1202 21ST AVENUE,ROCK VALLEY,IA,51247,SIOUX,(712) 476-8000,Critical Access Hospitals,Voluntary Non-Profit - Private,1.0,,,,1,1,0
161337,VAN BUREN COUNTY HOSPITAL,304 FRANKLIN STREET,KEOSAUQUA,IA,52565,VAN BUREN,(319) 293-3171,Critical Access Hospitals,Voluntary Non-Profit - Other,1.0,,,,1,1,0
161338,MERCYONE OELWEIN MEDICAL CENTER,201 EIGHTH AVENUE SE,OELWEIN,IA,50662,FAYETTE,(319) 283-6000,Critical Access Hospitals,Voluntary Non-Profit - Other,1.0,,,,1,1,0
161339,WAVERLY HEALTH CENTER,312  9TH STREET SW,WAVERLY,IA,50677,BREMER,(319) 352-4120,Critical Access Hospitals,Government - Local,1.0,,,,1,1,0
161340,DECATUR COUNTY HOSPITAL,1405 NW CHURCH STREET,LEON,IA,50144,DECATUR,(641) 446-4871,Critical Access Hospitals,Government - Local,1.0,,,,1,1,0
161341,LUCAS COUNTY HEALTH CENTER,1200 NORTH 7TH STREET,CHARITON,IA,50049,LUCAS,(641) 774-3000,Critical Access Hospitals,Voluntary Non-Profit - Other,1.0,,,,1,1,0
161342,MONROE COUNTY HOSPITAL,6580 165TH STREET,ALBIA,IA,52531,MONROE,(641) 932-2134,Critical Access Hospitals,Government - Hospital District or Authority,1.0,,,,1,1,0
161343,REGIONAL MEDICAL CENTER,709 W MAIN STREET,MANCHESTER,IA,52057,DELAWARE,(563) 927-3232,Critical Access Hospitals,Government - Local,1.0,,,,1,1,0
161344,WASHINGTON COUNTY HOSPITAL AND CLINICS,400 EAST POLK STREET,WASHINGTON,IA,52353,WASHINGTON,(319) 653-5481,Critical Access Hospitals,Government - State,1.0,,,,1,1,0
161345,OSCEOLA COMMUNITY HOSPITAL,600 9TH AVENUE NORTH,SIBLEY,IA,51249,OSCEOLA,(712) 754-2574,Critical Access Hospitals,Voluntary Non-Profit - Private,1.0,,,,1,1,0
161346,SIOUX CENTER HEALTH,1101 9TH STREET SE,SIOUX CENTER,IA,51250,SIOUX,(712) 722-1271,Critical Access Hospitals,Voluntary Non-Profit - Private,0.0,,,,1,1,0
161347,FLOYD COUNTY MEDICAL CENTER,800 11TH ST,CHARLES CITY,IA,50616,FLOYD,(641) 228-6830,Critical Access Hospitals,Government - Local,1.0,,,,1,1,0
161348,CLARKE COUNTY HOSPITAL,800 S FILLMORE ST,OSCEOLA,IA,50213,CLARKE,(641) 342-2184,Critical Access Hospitals,Government - Local,1.0,,,,1,1,0
161349,VIRGINIA GAY HOSPITAL,502 NORTH 9TH AVENUE,VINTON,IA,52349,BENTON,(319) 472-6200,,,,,,,0,1,0
161350,STEWART MEMORIAL COMMUNITY HOSPITAL,1301 WEST MAIN STREET,LAKE CITY,IA,51449,CALHOUN,(712) 464-3171,Critical Access Hospitals,Voluntary Non-Profit - Private,1.0,,,,1,1,0
161351,AVERA HOLY FAMILY HOSPITAL,826 NORTH 8TH STREET,ESTHERVILLE,IA,51334,EMMET,(712) 362-2631,Critical Access Hospitals,Voluntary Non-Profit - Church,1.0,,,,1,1,0
161352,CLARINDA REGIONAL HEALTH CENTER,220 ESSIE DAVISON DRIVE,CLARINDA,IA,51632,PAGE,(712) 542-2176,Critical Access Hospitals,Government - Local,1.0,,,,1,1,0
161353,KOSSUTH REGIONAL HEALTH CENTER,1515 SOUTH PHILLIPS STREET,ALGONA,IA,50511,KOSSUTH,(515) 295-2451,Critical Access Hospitals,Government - Local,1.0,,,,1,1,0
161354,HORN MEMORIAL HOSPITAL,701 E 2ND ST,IDA GROVE,IA,51445,IDA,(712) 364-3311,Critical Access Hospitals,Voluntary Non-Profit - Private,1.0,,,,1,1,0
161355,KNOXVILLE HOSPITAL & CLINICS,1002 SOUTH LINCOLN STREET,KNOXVILLE,IA,50138,MARION,(641) 842-2151,Critical Access Hospitals,Voluntary Non-Profit - Private,1.0,,,,1,1,0
161356,HENRY COUNTY HEALTH CENTER,407 S WHITE ST,MOUNT PLEASANT,IA,52641,HENRY,(319) 385-3141,Critical Access Hospitals,Government - Local,1.0,,,,1,1,0
161357,PALO ALTO COUNTY HOSPITAL,3201 1ST STREET,EMMETSBURG,IA,50536,PALO ALTO,(712) 852-5500,Critical Access Hospitals,Voluntary Non-Profit - Other,1.0,,,,1,1,0
161358,WAYNE COUNTY HOSPITAL,417 SOUTH EAST STREET,CORYDON,IA,50060,WAYNE,(641) 872-2260,Critical Access Hospitals,Voluntary Non-Profit - Other,1.0,,,,1,1,0
161359,BURGESS HEALTH CENTER,1600 DIAMOND STREET,ONAWA,IA,51040,MONONA,(712) 423-2311,Critical Access Hospitals,Voluntary Non-Profit - Private,1.0,,,,1,1,0
161360,ORANGE CITY AREA HEALTH SYSTEM,1000 LINCOLN CIRCLE SE,ORANGE CITY,IA,51041,SIOUX,(712) 737-2000,Critical Access Hospitals,Voluntary Non-Profit - Other,1.0,,,,1,1,0
161361,VAN DIEST MEDICAL CENTER,2350 HOSPITAL DRIVE,WEBSTER CITY,IA,50595,HAMILTON,(515) 832-9400,Critical Access Hospitals,Government - Local,1.0,,,,1,1,0
161362,CHEROKEE REGIONAL MEDICAL CENTER,300 SIOUX VALLEY DRIVE,CHEROKEE,IA,51012,CHEROKEE,(712) 225-5101,Critical Access Hospitals,Voluntary Non-Profit - Private,1.0,,,,1,1,0
161363,MONTGOMERY COUNTY MEMORIAL HOSPITAL,2301 EASTERN AVENUE,RED OAK,IA,51566,MONTGOMERY,(712) 623-7000,Critical Access Hospitals,Government - Local,1.0,,,,1,1,0
161364,JEFFERSON COUNTY HEALTH CENTER,2000 S MAIN,FAIRFIELD,IA,52556,JEFFERSON,(641) 472-4111,Critical Access Hospitals,Government - Local,1.0,,,,1,1,0
161365,GREATER REGIONAL MEDICAL CENTER,1700 WEST TOWNLINE STREET,CRESTON,IA,50801,UNION,(641) 782-7091,Critical Access Hospitals,Government - Local,1.0,,,,1,1,0
161366,SHENANDOAH MEDICAL CENTER,300 PERSHING AVENUE,SHENANDOAH,IA,51601,PAGE,(712) 246-1230,Critical Access Hospitals,Voluntary Non-Profit - Private,1.0,,,,1,1,0
161367,PELLA REGIONAL HEALTH CENTER,404 JEFFERSON STREET,PELLA,IA,50219,MARION,(641) 628-3150,Critical Access Hospitals,Voluntary Non-Profit - Other,1.0,,,,1,1,0
161368,FLOYD VALLEY HEALTHCARE,714 LINCOLN ST NE,LE MARS,IA,51031,PLYMOUTH,(712) 546-7871,Critical Access Hospitals,Voluntary Non-Profit - Other,1.0,,,,1,1,0
161369,CRAWFORD COUNTY MEMORIAL HOSPITAL,100 MEDICAL PARKWAY,DENISON,IA,51442,CRAWFORD,(712) 263-2500,Critical Access Hospitals,Voluntary Non-Profit - Other,1.0,,,,1,1,0
161370,LORING HOSPITAL,211 HIGHLAND AVENUE PO BOX 217,SAC CITY,IA,50583,SAC,(712) 662-7105,,,,,,,0,1,0
161371,WINNMED,901 MONTGOMERY STREET,DECORAH,IA,52101,WINNESHIEK,(563) 382-2911,Critical Access Hospitals,Voluntary Non-Profit - Other,1.0,,,,1,1,0
161372,BOONE COUNTY HOSPITAL,1015 UNION STREET,BOONE,IA,50036,BOONE,(515) 432-3140,Critical Access Hospitals,Voluntary Non-Profit - Other,1.0,,,,1,1,0
161373,RINGGOLD COUNTY HOSPITAL,504 NORTH CLEVELAND STREET,MOUNT AYR,IA,50854,RINGGOLD,(641) 464-3226,Critical Access Hospitals,Government - Local,1.0,,,,1,1,0
161374,MYRTUE MEDICAL CENTER,1213 GARFIELD AVENUE,HARLAN,IA,51537,SHELBY,(712) 755-5161,Critical Access Hospitals,Voluntary Non-Profit - Other,1.0,,,,1,1,0
161375,BUENA VISTA REGIONAL MEDICAL CENTER,1525 WEST 5TH STREET,STORM LAKE,IA,50588,BUENA VISTA,(712) 732-4030,Critical Access Hospitals,Government - Local,1.0,,,,1,1,0
161376,CASS COUNTY MEMORIAL HOSPITAL,1501 EAST TENTH STREET,ATLANTIC,IA,50022,CASS,(712) 243-3250,Critical Access Hospitals,Government - Local,1.0,,,,1,1,0
161377,MERCYONE CENTERVILLE MEDICAL CENTER,ONE ST JOSEPH'S DRIVE,CENTERVILLE,IA,52544,APPANOOSE,(641) 437-4111,Critical Access Hospitals,Voluntary Non-Profit - Private,1.0,,,,1,1,0
161378,MERCYONE DYERSVILLE MEDICAL CENTER,1111 3RD STREET SW,DYERSVILLE,IA,52040,DUBUQUE,(563) 875-2900,Critical Access Hospitals,Voluntary Non-Profit - Private,1.0,,,,1,1,0
161379,MAHASKA  HEALTH PARTNERSHIP,1229 C AVENUE EAST,OSKALOOSA,IA,52577,MAHASKA,(641) 672-3100,Critical Access Hospitals,Voluntary Non-Profit - Other,1.0,,,,1,1,0
161380,HANSEN FAMILY HOSPITAL,920 SOUTH OAK STREET,IOWA FALLS,IA,50126,HARDIN,(641) 648-4631,Critical Access Hospitals,Government - Local,1.0,,,,1,1,0
161381,SANFORD SHELDON MEDICAL CENTER,"118 NORTH SEVENTH AVENUE, PO BOX 250",SHELDON,IA,51201,OBRIEN,(712) 324-5041,Critical Access Hospitals,Voluntary Non-Profit - Private,1.0,,,,1,1,0
161382,ST ANTHONY REGIONAL HOSPITAL & NURSING HOME,311 SOUTH CLARK STREET,CARROLL,IA,51401,CARROLL,(712) 792-3581,,,,,,,0,1,0
170001,NEWMAN REGIONAL HEALTH,1201 WEST 12TH AVENUE,EMPORIA,KS,66801,LYON,6203436800,Acute Care Hospitals,Government - Local,1.0,,,,1,0,0
170006,"MERCY HOSPITAL PITTSBURG, INC",1 MT CARMEL WAY,PITTSBURG,KS,66762,CRAWFORD,(620) 231-6100,Acute Care Hospitals,Voluntary Non-Profit - Private,1.0,,,,1,1,0
170009,SAINT JOHN HOSPITAL,3500 SOUTH 4TH STREET,LEAVENWORTH,KS,66048,LEAVENWORTH,(913) 680-6000,Acute Care Hospitals,Voluntary Non-Profit - Other,1.0,,,,1,1,0
170010,MERCY HOSPITAL INDEPENDENCE,800 WEST MYRTLE STREET,INDEPENDENCE,KS,67301,MONTGOMERY,6203312200,Acute Care Hospitals,Voluntary Non-Profit - Church,1.0,,,,1,0,0
170012,SALINA REGIONAL HEALTH CENTER,400 SOUTH SANTA FE AVENUE,SALINA,KS,67401,SALINE,(785) 452-7000,Acute Care Hospitals,Voluntary Non-Profit - Private,1.0,,,,1,1,0
170013,HAYS MEDICAL CENTER,2220 CANTERBURY DRIVE,HAYS,KS,67601,ELLIS,(785) 623-5000,Acute Care Hospitals,Voluntary Non-Profit - Other,1.0,,,,1,1,0
170014,ADVENTHEALTH OTTAWA,1301 S MAIN STREET,OTTAWA,KS,66067,FRANKLIN,(785) 229-8200,Acute Care Hospitals,Government - Local,1.0,,,,1,1,0
170016,UNIVERSITY OF KANSAS HEALTH SYSTEM - ST FRANCIS CAMPUS,1700 SW 7TH STREET,TOPEKA,KS,66606,SHAWNEE,(785) 295-8000,Acute Care Hospitals,Voluntary Non-Profit - Church,1.0,,,,1,1,0
170017,SUSAN B ALLEN MEMORIAL HOSPITAL,720 W CENTRAL ST,EL DORADO,KS,67042,BUTLER,(316) 321-3300,Acute Care Hospitals,Voluntary Non-Profit - Private,1.0,,,,1,1,0
170020,HUTCHINSON REGIONAL MEDICAL CENTER INC,1701 E 23RD AVENUE,HUTCHINSON,KS,67502,RENO,(620) 665-2001,Acute Care Hospitals,Proprietary,1.0,,,,1,1,0
170023,ST. CATHERINE HOSPITAL - GARDEN CITY,401 EAST SPRUCE,GARDEN CITY,KS,67846,FINNEY,(620) 225-8400,Acute Care Hospitals,Voluntary Non-Profit - Church,1.0,,,,1,1,0
170027,PRATT REGIONAL MEDICAL CENTER,200 COMMODORE ST,PRATT,KS,67124,PRATT,(620) 450-1160,Acute Care Hospitals,Voluntary Non-Profit - Private,1.0,,,,1,1,0
17002F,Irwin ACH (FT Riley),650 Huebner Rd,Fort Riley,KS,66442,GEARY,(785) 239-7000,,,,,,,0,1,0
170033,CENTRAL KANSAS MEDICAL CENTER,3515 BROADWAY ST,GREAT BEND,KS,67530,BARTON,6207866101,Acute Care Hospitals,Voluntary Non-Profit - Church,,,,,1,0,0
170039,SUMNER REGIONAL MEDICAL CENTER,1323 NORTH A ST,WELLINGTON,KS,67152,SUMNER,6203991299,Acute Care Hospitals,Government - Local,1.0,,,,1,0,0
170040,UNIVERSITY OF KANSAS HOSPITAL,4000 CAMBRIDGE STREET,KANSAS CITY,KS,66160,WYANDOTTE,(913) 588-5000,Acute Care Hospitals,Government - Hospital District or Authority,1.0,,,,1,1,0
170049,UNIVERSITY OF KANSAS HEALTH SYSTEM OLATHE HOSPITAL,20333 WEST 151ST STREET,OLATHE,KS,66061,JOHNSON,(913) 355-4200,Acute Care Hospitals,Voluntary Non-Profit - Private,1.0,,,,1,1,0
170058,MERCY HOSPITAL-FORT SCOTT,401 WOODLAND HILLS BLVD,FORT SCOTT,KS,66701,BOURBON,6202237057,Acute Care Hospitals,Voluntary Non-Profit - Church,1.0,,,,1,0,0
17005F,VA EASTERN KANSAS HEALTHCARE SYSTEM,2200 SW GAGE BOULEVARD,TOPEKA,KS,66622,SHAWNEE,(913) 682-2000,,,,,,,0,1,0
170068,SOUTHWEST MEDICAL CENTER,315 WEST 15TH STREET,LIBERAL,KS,67901,SEWARD,(620) 624-1651,Acute Care Hospitals,Government - Local,1.0,,,,1,1,0
17006F,VA EASTERN KANSAS HEALTHCARE SYSTEM,4101 S. 4TH STREET,"LEAVENWORTH,",KS,66048,LEAVENWORTH,9136822000,ACUTE CARE - VETERANS ADMINISTRATION,Government - Federal,1.0,,,,1,0,0
170074,"STORMONT VAIL HEALTH FLINT HILLS, LLC",1102 ST MARY'S ROAD,JUNCTION CITY,KS,66441,GEARY,(785) 238-4131,Acute Care Hospitals,Government - Local,1.0,,,,1,1,0
170075,MERCY HOSPITAL,218 E PACK ST,MOUNDRIDGE,KS,67107,MCPHERSON,6203456391,Acute Care Hospitals,Voluntary Non-Profit - Church,1.0,,,,1,0,0
170086,STORMONT VAIL HOSPITAL,1500 SW 10TH AVENUE,TOPEKA,KS,66604,SHAWNEE,(785) 354-6121,Acute Care Hospitals,Voluntary Non-Profit - Private,1.0,,,,1,1,0
17008F,WICHITA VA MEDICAL CENTER,5500 E. KELLOG,WICHITA,KS,67218,SEDGWICK,(316) 685-2221,ACUTE CARE - VETERANS ADMINISTRATION,Government - Federal,1.0,,,,1,1,0
170094,COFFEY COUNTY HOSPITAL,801 NORTH 4TH STREET,BURLINGTON,KS,66839,COFFEY,6203642121,Acute Care Hospitals,Government - Local,1.0,,,,1,0,0
170103,NMC HEALTH,600 MEDICAL CENTER DRIVE,NEWTON,KS,67114,HARVEY,(316) 283-2700,Acute Care Hospitals,Voluntary Non-Profit - Private,1.0,,,,1,1,0
170104,ADVENTHEALTH SHAWNEE MISSION,9100 W 74TH STREET,SHAWNEE MISSION,KS,66204,JOHNSON,(913) 676-2152,Acute Care Hospitals,Voluntary Non-Profit - Church,1.0,,,,1,1,0
170105,MCPHERSON HOSPITAL,1000 HOSPITAL DRIVE,MCPHERSON,KS,67460,MCPHERSON,(620) 241-2250,Acute Care Hospitals,Voluntary Non-Profit - Private,1.0,,,,1,1,0
170109,MIAMI COUNTY MEDICAL CENTER,2100 BAPTISTE DR,PAOLA,KS,66071,MIAMI,(913) 294-2327,Acute Care Hospitals,Government - Hospital District or Authority,1.0,,,,1,1,0
170110,BOB WILSON MEMORIAL GRANT COUNTY HOSPITAL,415 N MAIN STREET,ULYSSES,KS,67880,GRANT,6203561266,Acute Care Hospitals,Government - Local,1.0,,,,1,0,0
170120,LABETTE HEALTH,1902 SOUTH US HWY 59,PARSONS,KS,67357,LABETTE,(620) 421-4880,Acute Care Hospitals,Government - Local,1.0,,,,1,1,0
170122,"ASCENSION VIA CHRISTI HOSPITALS WICHITA, INC.",929 NORTH ST FRANCIS STREET,WICHITA,KS,67214,SEDGWICK,(316) 268-5000,Acute Care Hospitals,Voluntary Non-Profit - Church,1.0,,,,1,1,0
170123,WESLEY MEDICAL CENTER,550 N HILLSIDE STREET,WICHITA,KS,67214,SEDGWICK,(316) 962-2000,Acute Care Hospitals,Proprietary,1.0,,,,1,1,0
170133,CUSHING MEMORIAL HOSPITAL,711 MARSHALL STREET,LEAVENWORTH,KS,66048,LEAVENWORTH,9136841102,Acute Care Hospitals,Voluntary Non-Profit - Private,1.0,,,,1,0,0
170137,LMH,325 MAINE STREET,LAWRENCE,KS,66044,DOUGLAS,(785) 505-6100,Acute Care Hospitals,Government - Local,1.0,,,,1,1,0
170142,"ASCENSION VIA CHRISTI HOSPITAL MANHATTAN, INC",1823 COLLEGE AVENUE,MANHATTAN,KS,66502,RILEY,(785) 776-3322,Acute Care Hospitals,Voluntary Non-Profit - Church,1.0,,,,1,1,0
170145,COFFEYVILLE REGIONAL MEDICAL CENTER,1400 W 4TH ST,COFFEYVILLE,KS,67337,MONTGOMERY,6202511200,Acute Care Hospitals,Government - Local,1.0,,,,1,0,0
170146,PROVIDENCE MEDICAL CENTER,8929 PARALLEL PARKWAY,KANSAS CITY,KS,66112,WYANDOTTE,(913) 596-4000,Acute Care Hospitals,Voluntary Non-Profit - Church,1.0,,,,1,1,0
170150,SOUTH CENTRAL KS  MED CENTER,6401 PATTERSON PARKWAY,ARKANSAS CITY,KS,67005,COWLEY,6204422500,Acute Care Hospitals,Government - Local,1.0,,,,1,0,0
170166,MORTON COUNTY HOSPITAL,445 N HILLTOP,ELKHART,KS,67950,MORTON,6206972141,Acute Care Hospitals,Voluntary Non-Profit - Other,1.0,,,,1,0,0
170175,CENTURA ST. CATHERINE-DODGE CITY,3001 AVENUE A,DODGE CITY,KS,67801,FORD,(620) 225-8400,Acute Care Hospitals,Proprietary,1.0,,,,1,1,0
170176,OVERLAND PARK REG MED CTR,10500 QUIVIRA ROAD,OVERLAND PARK,KS,66215,JOHNSON,(913) 541-5000,Acute Care Hospitals,Proprietary,1.0,,,,1,1,0
170182,MENORAH MEDICAL CENTER,5721 WEST 119TH STREET,OVERLAND PARK,KS,66209,JOHNSON,(913) 498-6773,Acute Care Hospitals,Voluntary Non-Profit - Other,1.0,,,,1,1,0
170183,KANSAS SURGERY & RECOVERY CENTER,2770 NORTH WEBB ROAD,WICHITA,KS,67226,SEDGWICK,(316) 634-0090,Acute Care Hospitals,Proprietary,0.0,,,,1,1,0
170185,SAINT LUKE'S SOUTH HOSPITAL,12300 METCALF AVENUE,OVERLAND PARK,KS,66213,JOHNSON,(913) 317-3303,Acute Care Hospitals,Voluntary Non-Profit - Other,1.0,,,,1,1,0
170186,KANSAS HEART HOSPITAL,3601 NORTH WEBB ROAD,WICHITA,KS,67226,SEDGWICK,(316) 630-5000,Acute Care Hospitals,Proprietary,0.0,,,,1,1,0
170187,SALINA SURGICAL HOSPITAL,401 SOUTH SANTA FE AVENUE,SALINA,KS,67401,SALINE,(785) 827-0610,Acute Care Hospitals,Voluntary Non-Profit - Private,0.0,,,,1,1,0
170188,KANSAS CITY ORTHOPAEDIC INSTITUTE,3651 COLLEGE BLVD,LEAWOOD,KS,66211,JOHNSON,(913) 319-7633,Acute Care Hospitals,Government - Federal,0.0,,,,1,1,0
170190,MANHATTAN SURGICAL HOSPITAL LLC,1829 COLLEGE AVENUE,MANHATTAN,KS,66502,RILEY,(785) 776-5100,Acute Care Hospitals,Government - Federal,0.0,,,,1,1,0
170191,UNIVERSITY  OF KS HLTH SYSTEM GREAT BEND CAMPUS,514 CLEVELAND STREET,GREAT BEND,KS,67530,BARTON,(620) 792-8830,Acute Care Hospitals,Proprietary,1.0,,,,1,1,0
170192,GALICHIA HEART HOSPITAL LLC,2610 N WOODLAWN,WICHITA,KS,67220,SEDGWICK,3168582610,Acute Care Hospitals,Voluntary Non-Profit - Private,1.0,,,,1,0,0
170194,ASCENTIST HOSPITAL LLC,4901 COLLEGE BLVD,LEAWOOD,KS,66211,JOHNSON,(913) 529-1801,Acute Care Hospitals,Proprietary,1.0,,,,1,1,0
170195,HEARTLAND SURGICAL SPEC HOSPITAL,10720 NALL AVENUE,OVERLAND PARK,KS,66211,JOHNSON,9137545000,Acute Care Hospitals,Proprietary,0.0,,,,1,0,0
170196,"KANSAS SPINE & SPECIALTY HOSPITAL, LLC",3333 NORTH WEBB ROAD,WICHITA,KS,67226,SEDGWICK,(316) 462-5310,Acute Care Hospitals,Voluntary Non-Profit - Private,0.0,,,,1,1,0
170197,KANSAS MEDICAL CENTER LLC,1124 WEST 21ST STREET,ANDOVER,KS,67002,BUTLER,(316) 300-4000,Acute Care Hospitals,Proprietary,1.0,,,,1,1,0
170198,"SUMMIT SURGICAL, LLC",1818 EAST 23RD AVENUE,HUTCHINSON,KS,67502,RENO,(620) 663-4800,Acute Care Hospitals,Voluntary Non-Profit - Private,0.0,,,,1,1,0
170199,MINIMALLY INVASIVE SURGERY HOSPITAL,11217 LAKEVIEW AVENUE,LENEXA,KS,66219,JOHNSON,(913) 322-7401,Acute Care Hospitals,Proprietary,0.0,,,,1,1,0
170200,"VIA CHRISTI HOSPITAL WICHITA ST TERESA, INC",14800 WEST TERESA ST,WICHITA,KS,67235,SEDGWICK,(316) 268-5000,Acute Care Hospitals,Voluntary Non-Profit - Church,1.0,,,,1,1,0
170203,MERCY SPECIALTY HOSPITAL SOUTHEAST KANSAS,1619 K 66,GALENA,KS,66739,CHEROKEE,(620) 783-1732,,,,,,,0,1,0
170204,"ROCK REGIONAL HOSPITAL, LLC",3251 NORTH ROCK ROAD,DERBY,KS,67037,SEDGWICK,(316) 425-2400,,,,,,,0,1,0
170208,"ADVENTHEALTH SOUTH OVERLAND PARK, INC",7820 W 165TH STREET,OVERLAND PARK,KS,66223,JOHNSON,(913) 373-2000,,,,,,,0,1,0
170779,SCK HEALTH,6401 PATTERSON PARKWAY,ARKANSAS CITY,KS,67005,COWLEY,(620) 442-2500,,,,,,,0,1,0
170780,"MERCY HOSPITAL, INC",218 E PACK STREET,MOUNDRIDGE,KS,67107,MCPHERSON,(620) 345-6391,,,,,,,0,1,0
170781,RUSH COUNTY MEMORIAL HOSPITAL,801 LOCUST ST,LA CROSSE,KS,67548,RUSH,(785) 222-2545,,,,,,,0,1,0
171300,GRISELL MEMORIAL HOSPITAL,210 SOUTH VERMONT AVENUE,RANSOM,KS,67572,NESS,(785) 731-2231,Critical Access Hospitals,Government - Hospital District or Authority,1.0,,,,1,1,0
171301,ELLINWOOD DISTRICT HOSPITAL,605 N MAIN STREET,ELLINWOOD,KS,67526,BARTON,(620) 564-2548,Critical Access Hospitals,Voluntary Non-Profit - Other,1.0,,,,1,1,0
171302,OSWEGO COMMUNITY HOSPITAL,800 BARKER DRIVE,OSWEGO,KS,67356,LABETTE,6207952921,Critical Access Hospitals,Voluntary Non-Profit - Private,1.0,,,,1,0,0
171303,LANE COUNTY HOSPITAL,235 WEST VINE  PO BOX 969,DIGHTON,KS,67839,LANE,(620) 397-5321,,,,,,,0,1,0
171304,ASHLAND HEALTH CENTER,625 SOUTH KENTUCKY STREET,ASHLAND,KS,67831,CLARK,(620) 635-2241,Critical Access Hospitals,Government - Hospital District or Authority,1.0,,,,1,1,0
171306,WICHITA COUNTY HEALTH CENTER,211 E EARL STREET,LEOTI,KS,67861,WICHITA,(620) 375-2233,Critical Access Hospitals,Government - Local,0.0,,,,1,1,0
171307,RAWLINS COUNTY HEALTH CENTER,707 GRANT ST,ATWOOD,KS,67730,RAWLINS,(785) 626-3211,,,,,,,0,1,0
171308,MERCY HOSPITAL COLUMBUS,220 N PENNSYLVANIA AVENUE,COLUMBUS,KS,66725,CHEROKEE,(620) 429-2545,,,,,,,0,1,0
171309,JEWELL COUNTY HOSPITAL,100 CRESTVUE AVE,MANKATO,KS,66956,JEWELL,(785) 378-3137,,,,,,,0,1,0
171310,CHEYENNE COUNTY HOSPITAL,210 WEST 1ST STREET,ST FRANCIS,KS,67756,CHEYENNE,(785) 332-2104,Critical Access Hospitals,Government - Local,1.0,,,,1,1,0
171311,ROOKS COUNTY HEALTH CENTER,1210 NORTH WASHINGTON,PLAINVILLE,KS,67663,ROOKS,(785) 688-4401,,,,,,,0,1,0
171312,COMANCHE COUNTY HOSPITAL,202 S FRISCO STREET,COLDWATER,KS,67029,COMANCHE,(620) 582-2144,Critical Access Hospitals,Government - Local,1.0,,,,1,1,0
171313,KEARNY COUNTY HOSPITAL,500 THORPE STREET,LAKIN,KS,67860,KEARNY,(620) 355-7111,Critical Access Hospitals,Government - Local,1.0,,,,1,1,0
171314,F W HUSTON MEDICAL CENTER,408 DELAWARE STREET,WINCHESTER,KS,66097,JEFFERSON,(913) 774-4340,Critical Access Hospitals,Voluntary Non-Profit - Private,1.0,,,,1,1,0
171315,NEMAHA VALLEY COMMUNITY HOSPITAL,1600 COMMUNITY DR,SENECA,KS,66538,NEMAHA,(785) 336-6181,Critical Access Hospitals,Voluntary Non-Profit - Private,1.0,,,,1,1,0
171316,ANDERSON COUNTY HOSPITAL,421 S MAPLE,GARNETT,KS,66032,ANDERSON,(785) 448-3131,Critical Access Hospitals,Voluntary Non-Profit - Private,1.0,,,,1,1,0
171317,EDWARDS COUNTY MEDICAL CENTER,620 WEST EIGHTH STREET,KINSLEY,KS,67547,EDWARDS,(620) 659-3621,Critical Access Hospitals,Government - Local,1.0,,,,1,1,0
171318,SEDAN CITY HOSPITAL,300 W NORTH STREET,SEDAN,KS,67361,CHAUTAUQUA,(620) 725-3115,Critical Access Hospitals,Government - Local,1.0,,,,1,1,0
171319,HOLTON COMMUNITY HOSPITAL,1110 COLUMBINE DRIVE,HOLTON,KS,66436,JACKSON,(785) 364-2116,Critical Access Hospitals,Voluntary Non-Profit - Other,1.0,,,,1,1,0
171320,HORTON COMMUNITY HOSPITAL,240 WEST 18TH STREET,HORTON,KS,66439,BROWN,7854862642,Critical Access Hospitals,Proprietary,1.0,,,,1,0,0
171321,MEADE DISTRICT HOSPITAL,510 EAST CARTHAGE,MEADE,KS,67864,MEADE,(620) 873-2141,Critical Access Hospitals,Government - Hospital District or Authority,1.0,,,,1,1,0
171322,HAMILTON COUNTY HOSPITAL,700 NORTH HUSER STREET,SYRACUSE,KS,67878,HAMILTON,(620) 384-7461,Critical Access Hospitals,Government - Local,1.0,,,,1,1,0
171323,STAFFORD COUNTY HOSPITAL,502 S BUCKEYE,STAFFORD,KS,67578,STAFFORD,(620) 234-5221,,,,,,,0,1,0
171324,"SATANTA DISTRICT HOSPITAL, CLINICS, & LTCU",401 CHEYENNE,SATANTA,KS,67870,HASKELL,(620) 682-8414,,,,,,,0,1,0
171325,GRAHAM COUNTY HOSPITAL,304 WEST PROUT STREET,HILL CITY,KS,67642,GRAHAM,(785) 421-2121,Critical Access Hospitals,Government - Local,1.0,,,,1,1,0
171326,LOGAN COUNTY HOSPITAL,211 CHERRY AVENUE,OAKLEY,KS,67748,LOGAN,(785) 672-3211,,,,,,,0,1,0
171327,ELLSWORTH COUNTY MEDICAL CENTER,1604 AYLWARD AVENUE,ELLSWORTH,KS,67439,ELLSWORTH,(785) 472-3111,Critical Access Hospitals,Government - Local,1.0,,,,1,1,0
171328,OTTAWA COUNTY HEALTH CENTER,215 E 8TH STREET,MINNEAPOLIS,KS,67467,OTTAWA,(785) 392-2122,Critical Access Hospitals,Government - Local,1.0,,,,1,1,0
171329,CALDWELL REGIONAL MEDICAL CENTER,761 W 175TH ST S,CALDWELL,KS,67022,SUMNER,(620) 845-6492,,,,,,,0,1,0
171330,HOSPITAL DISTRICT #1 OF RICE COUNTY,619 SOUTH CLARK AVENUE,LYONS,KS,67554,RICE,(620) 257-5173,,,,,,,0,1,0
171331,KIOWA DISTRICT HOSPITAL,1002 SOUTH 4TH STREET,KIOWA,KS,67070,BARBER,(620) 825-4131,Critical Access Hospitals,Government - Hospital District or Authority,1.0,,,,1,1,0
171332,KIOWA COUNTY MEMORIAL HOSPITAL,721 WEST KANSAS AVE,GREENSBURG,KS,67054,KIOWA,(620) 723-3341,,,,,,,0,1,0
171333,CLARA BARTON HOSPITAL,250 W 9TH STREET,HOISINGTON,KS,67544,BARTON,(620) 653-2114,Critical Access Hospitals,Voluntary Non-Profit - Private,1.0,,,,1,1,0
171334,MEDICINE LODGE MEMORIAL HOSPITAL,710 N WALNUT STREET,MEDICINE LODGE,KS,67104,BARBER,(620) 886-3771,,,,,,,0,1,0
171335,STEVENS COUNTY HOSPITAL,1006 SOUTH JACKSON STREET,HUGOTON,KS,67951,STEVENS,(620) 544-8511,,,,,,,0,1,0
171336,NESS COUNTY HOSPITAL DISTRICT #2,312 CUSTER STREET,NESS CITY,KS,67560,NESS,(785) 798-2291,Critical Access Hospitals,Government - Local,1.0,,,,1,1,0
171337,WAMEGO HEALTH CENTER,711 GENN DRIVE,WAMEGO,KS,66547,POTTAWATOMIE,(785) 456-2295,Critical Access Hospitals,Voluntary Non-Profit - Private,1.0,,,,1,1,0
171338,GREAT PLAINS OF SABETHA,603 S 14TH STREET,SABETHA,KS,66534,NEMAHA,(785) 284-2121,Critical Access Hospitals,Voluntary Non-Profit - Private,1.0,,,,1,1,0
171339,GREENWOOD COUNTY HOSPITAL,100 W 16TH STREET,EUREKA,KS,67045,GREENWOOD,(620) 583-7451,Critical Access Hospitals,Government - Local,1.0,,,,1,1,0
171340,HERINGTON MUNICIPAL HOSPITAL,100 E HELEN STREET,HERINGTON,KS,67449,DICKINSON,7852582207,Critical Access Hospitals,Voluntary Non-Profit - Other,1.0,,,,1,0,0
171341,HIAWATHA COMMUNITY HOSPITAL,300 UTAH STREET,HIAWATHA,KS,66434,BROWN,(785) 742-2131,Critical Access Hospitals,Voluntary Non-Profit - Private,1.0,,,,1,1,0
171343,STANTON COUNTY HOSPITAL,404 N CHESTNUT,JOHNSON,KS,67855,STANTON,(620) 492-6250,Critical Access Hospitals,Voluntary Non-Profit - Other,1.0,,,,1,1,0
171344,WILSON MEDICAL CENTER,2600 OTTAWA ROAD,NEODESHA,KS,66757,WILSON,(620) 325-2611,Critical Access Hospitals,Voluntary Non-Profit - Other,1.0,,,,1,1,0
171345,PAWNEE VALLEY COMMUNITY HOSPITAL,923 CARROLL AVENUE,LARNED,KS,67550,PAWNEE,(620) 285-3162,,,,,,,0,1,0
171346,HOSPITAL DISTRICT #6 PATTERSON HEALTH CENTER,485 N. KS HWY 2,ANTHONY,KS,67003,HARPER,(620) 914-1200,,,,,,,0,1,0
171347,SHERIDAN COUNTY HOSPITAL,826  18TH STREET,HOXIE,KS,67740,SHERIDAN,(785) 675-3281,Critical Access Hospitals,Government - Local,1.0,,,,1,1,0
171348,NORTON COUNTY HOSPITAL,102 E HOLME STREET,NORTON,KS,67654,NORTON,(785) 877-3351,Critical Access Hospitals,Government - Local,1.0,,,,1,1,0
171349,CLOUD COUNTY HEALTH CENTER,155 WEST COLLEGE DRIVE,CONCORDIA,KS,66901,CLOUD,(785) 243-1234,Critical Access Hospitals,Voluntary Non-Profit - Private,1.0,,,,1,1,0
171350,RUSSELL REGIONAL HOSPITAL,200 S MAIN STREET,RUSSELL,KS,67665,RUSSELL,(785) 483-3131,Critical Access Hospitals,Voluntary Non-Profit - Private,1.0,,,,1,1,0
171351,WASHINGTON COUNTY HOSPITAL,304 E 3RD STREET,WASHINGTON,KS,66968,WASHINGTON,(785) 325-2211,Critical Access Hospitals,Government - Local,1.0,,,,1,1,0
171352,DECATUR HEALTH,810 W  COLUMBIA STREET,MONUMENT,KS,67747,LOGAN,(785) 475-2208,Critical Access Hospitals,Government - Local,1.0,,,,1,1,0
171353,PHILLIPS COUNTY HOSPITAL,1150 STATE STREET,PHILLIPSBURG,KS,67661,PHILLIPS,(785) 543-5226,Critical Access Hospitals,Government - Local,1.0,,,,1,1,0
171354,"COMMUNITY HOSPITAL, ONAGA AND ST MARYS CAMPUS",120 WEST 8TH STREET,ONAGA,KS,66521,POTTAWATOMIE,(785) 889-4272,Critical Access Hospitals,Voluntary Non-Profit - Private,1.0,,,,1,1,0
171355,TREGO COUNTY LEMKE MEMORIAL HOSPITAL,320 N THIRTEENTH ST,WAKEENEY,KS,67672,TREGO,(785) 743-2182,Critical Access Hospitals,Government - Local,1.0,,,,1,1,0
171356,ST LUKE HOSPITAL & LIVING CENTER,535 SOUTH FREEBORN,MARION,KS,66861,MARION,(620) 382-2177,Critical Access Hospitals,Government - Hospital District or Authority,1.0,,,,1,1,0
171357,HILLSBORO COMMUNITY HOSPITAL,101 INDUSTRIAL ROAD,HILLSBORO,KS,67063,MARION,(620) 947-3114,Critical Access Hospitals,Proprietary,1.0,,,,1,1,0
171358,LINDSBORG COMMUNITY HOSPITAL,605 W LINCOLN STREET,LINDSBORG,KS,67456,MCPHERSON,(785) 227-3308,Critical Access Hospitals,Voluntary Non-Profit - Private,1.0,,,,1,1,0
171359,GREELEY COUNTY HEALTH SERVICES,506 3RD STREET,TRIBUNE,KS,67879,GREELEY,(620) 376-4221,Critical Access Hospitals,Government - Local,1.0,,,,1,1,0
171360,LINCOLN COUNTY HOSPITAL,624 N SECOND,LINCOLN,KS,67455,LINCOLN,(785) 524-4403,,,,,,,0,1,0
171361,REPUBLIC COUNTY HOSPITAL,2420 G STREET,BELLEVILLE,KS,66935,REPUBLIC,(785) 527-2254,Critical Access Hospitals,Voluntary Non-Profit - Other,1.0,,,,1,1,0
171362,CITIZENS MEDICAL CENTER,100 E COLLEGE DRIVE,COLBY,KS,67701,THOMAS,(785) 462-7511,,,,,,,0,1,0
171363,"COMMUNITY MEMORIAL HEALTHCARE, INC.",708 N 18TH STREET,MARYSVILLE,KS,66508,MARSHALL,(785) 562-2311,,,,,,,0,1,0
171364,OSBORNE COUNTY MEMORIAL HOSPITAL,237 W HARRISON STREET SUITE 100,OSBORNE,KS,67473,OSBORNE,(785) 346-2121,Critical Access Hospitals,Voluntary Non-Profit - Other,1.0,,,,1,1,0
171365,HANOVER HOSPITAL,205 S HANOVER STREET,HANOVER,KS,66945,WASHINGTON,(785) 337-2214,,,,,,,0,1,0
171366,HARPER HOSPITAL DISTRICT NO 5,700 WEST 13TH,HARPER,KS,67058,HARPER,6208967324,Critical Access Hospitals,Government - Hospital District or Authority,1.0,,,,1,0,0
171367,GOVE COUNTY MEDICAL CENTER,520 WEST 5TH STREET,QUINTER,KS,67752,GOVE,(785) 754-3341,Critical Access Hospitals,Voluntary Non-Profit - Other,1.0,,,,1,1,0
171368,MINNEOLA DISTRICT HOSPITAL,212 MAIN,MINNEOLA,KS,67865,FORD,(620) 885-4264,,,,,,,0,1,0
171369,HODGEMAN COUNTY HEALTH CENTER,809 BRAMLEY,JETMORE,KS,67854,HODGEMAN,(620) 357-8361,Critical Access Hospitals,Government - Local,1.0,,,,1,1,0
171370,GOODLAND REGIONAL MEDICAL CENTER,220 WEST SECOND STREET,GOODLAND,KS,67735,SHERMAN,(785) 890-3625,Critical Access Hospitals,Government - Local,1.0,,,,1,1,0
171371,CLAY COUNTY MEDICAL CENTER,617 LIBERTY,CLAY CENTER,KS,67432,CLAY,(785) 632-2144,Critical Access Hospitals,Voluntary Non-Profit - Other,1.0,,,,1,1,0
171372,SCOTT COUNTY HOSPITAL,201 ALBERT AVENUE,SCOTT CITY,KS,67871,SCOTT,(620) 872-5811,Critical Access Hospitals,Government - Local,1.0,,,,1,1,0
171373,ALLEN COUNTY REGIONAL HOSPITAL,3066 NORTH KENTUCKY STREET,IOLA,KS,66749,ALLEN,(620) 365-1021,Critical Access Hospitals,Proprietary,1.0,,,,1,1,0
171374,FREDONIA REGIONAL HOSPITAL,1527 MADISON,FREDONIA,KS,66736,WILSON,(620) 378-2121,Critical Access Hospitals,Voluntary Non-Profit - Other,1.0,,,,1,1,0
171375,MITCHELL COUNTY HOSPITAL HEALTH SYSTEMS,"400 W 8TH STREET, P O BOX 399",BELOIT,KS,67420,MITCHELL,(785) 738-2266,Critical Access Hospitals,Government - Local,1.0,,,,1,1,0
171376,GIRARD MEDICAL CENTER,302 NORTH HOSPITAL DRIVE,GIRARD,KS,66743,CRAWFORD,(620) 724-8291,Critical Access Hospitals,Government - Local,1.0,,,,1,1,0
171377,SMITH COUNTY MEMORIAL HOSPITAL,921 E. HIGHWAY 36,SMITH CENTER,KS,66967,SMITH,(785) 282-6845,Critical Access Hospitals,Voluntary Non-Profit - Other,1.0,,,,1,1,0
171378,KINGMAN HEALTHCARE CENTER,750 W AVE D,KINGMAN,KS,67068,KINGMAN,(620) 532-3147,Critical Access Hospitals,Voluntary Non-Profit - Private,1.0,,,,1,1,0
171379,MORRIS COUNTY HOSPITAL,600 N WASHINGTON ST,COUNCIL GROVE,KS,66846,MORRIS,(620) 767-6811,Critical Access Hospitals,Government - Local,1.0,,,,1,1,0
171380,NEOSHO MEMORIAL REGIONAL MEDICAL CENTER,629 SOUTH PLUMMER AVE,CHANUTE,KS,66720,NEOSHO,(620) 431-4000,Critical Access Hospitals,Government - Local,1.0,,,,1,1,0
171381,MEMORIAL HOSPITAL,511 NE 10TH ST,ABILENE,KS,67410,DICKINSON,(785) 263-2100,Critical Access Hospitals,Government - Hospital District or Authority,1.0,,,,1,1,0
171382,AMBERWELL ATCHISON ASSOCIATION,800 RAVEN HILL DRIVE,ATCHISON,KS,66002,ATCHISON,(913) 367-2131,Critical Access Hospitals,Voluntary Non-Profit - Private,1.0,,,,1,1,0
171383,WILLIAM NEWTON HOSPITAL,1300 EAST FIFTH AVENUE,WINFIELD,KS,67156,COWLEY,(620) 221-2300,Critical Access Hospitals,Government - Local,1.0,,,,1,1,0
171384,NEWMAN REGIONAL HEALTH,1201 WEST 12TH AVENUE,EMPORIA,KS,66801,LYON,(620) 343-6800,,,,,,,0,1,0
171385,COFFEY COUNTY HOSPITAL,801 NORTH 4TH STREET,BURLINGTON,KS,66839,COFFEY,(620) 364-2121,,,,,,,0,1,0
171386,MORTON COUNTY HOSPITAL,445 HILLTOP STREET,ELKHART,KS,67950,MORTON,(620) 697-2141,,,,,,,0,1,0
171388,BOB WILSON MEMORIAL HOSPITAL,415 N MAIN STREET,ULYSSES,KS,67880,GRANT,(620) 356-1266,,,,,,,0,1,0
173300,CHILDREN'S MERCY SOUTH,5808 W 110TH STREET,OVERLAND PARK,KS,66211,JOHNSON,(913) 696-8000,Childrens,Voluntary Non-Profit - Private,0.0,,,,1,1,0
180001,ST ELIZABETH FT THOMAS,85 NORTH GRAND AVENUE,FORT THOMAS,KY,41075,CAMPBELL,(859) 572-3100,Acute Care Hospitals,Voluntary Non-Profit - Private,1.0,,,,1,1,0
180002,WHITESBURG ARH HOSPITAL,240 HOSPITAL ROAD,WHITESBURG,KY,41858,LETCHER,(606) 633-3500,Acute Care Hospitals,Voluntary Non-Profit - Other,1.0,,,,1,1,0
180004,OWENSBORO HEALTH MUHLENBERG COMMUNITY HOSPITAL,440 HOPKINSVILLE STREET,GREENVILLE,KY,42345,MUHLENBERG,(270) 338-8000,Acute Care Hospitals,Voluntary Non-Profit - Other,1.0,,,,1,1,0
180005,HIGHLANDS ARH REGIONAL MEDICAL CENTER,5000 KENTUCKY ROUTE 321,PRESTONSBURG,KY,41653,FLOYD,(606) 886-8511,Acute Care Hospitals,Voluntary Non-Profit - Other,1.0,,,,1,1,0
180009,KING'S DAUGHTERS' MEDICAL CENTER,2201 LEXINGTON AVENUE,ASHLAND,KY,41101,BOYD,(606) 408-4401,Acute Care Hospitals,Proprietary,1.0,,,,1,1,0
180010,SAINT JOSEPH HOSPITAL,ONE SAINT JOSEPH DRIVE,LEXINGTON,KY,40504,FAYETTE,(859) 313-1000,Acute Care Hospitals,Voluntary Non-Profit - Church,1.0,,,,1,1,0
180011,SAINT JOSEPH LONDON,1001 SAINT JOSEPH LANE,LONDON,KY,40741,LAUREL,(606) 330-6000,Acute Care Hospitals,Voluntary Non-Profit - Private,1.0,,,,1,1,0
180012,BAPTIST HEALTH HARDIN,913 NORTH DIXIE AVENUE,ELIZABETHTOWN,KY,42701,HARDIN,(270) 737-1212,Acute Care Hospitals,Government - Local,1.0,,,,1,1,0
180013,THE MEDICAL CENTER (BOWLING GREEN),250 PARK STREET,BOWLING GREEN,KY,42101,WARREN,(270) 745-1000,Acute Care Hospitals,Voluntary Non-Profit - Private,1.0,,,,1,1,0
180016,UOFL HEALTH - SHELBYVILLE HOSPITAL,727 HOSPITAL DRIVE,SHELBYVILLE,KY,40065,SHELBY,(502) 647-4000,Acute Care Hospitals,Voluntary Non-Profit - Private,1.0,,,,1,1,0
180017,T J SAMSON COMMUNITY HOSPITAL,1301 NORTH RACE STREET,GLASGOW,KY,42141,BARREN,(270) 651-4159,Acute Care Hospitals,Voluntary Non-Profit - Other,1.0,,,,1,1,0
180018,ST CLAIRE REGIONAL MEDICAL CENTER,222 MEDICAL CIRCLE,MOREHEAD,KY,40351,ROWAN,(606) 783-6500,Acute Care Hospitals,Voluntary Non-Profit - Church,1.0,,,,1,1,0
180019,MEADOWVIEW REGIONAL MEDICAL CENTER,989 MEDICAL PARK DRIVE,MAYSVILLE,KY,41056,MASON,(606) 759-5311,Acute Care Hospitals,Proprietary,1.0,,,,1,1,0
180020,MIDDLESBORO ARH HOSPITAL,3600 WEST CUMBERLAND AVENUE,MIDDLESBORO,KY,40965,BELL,(606) 242-1101,Acute Care Hospitals,Voluntary Non-Profit - Private,1.0,,,,1,1,0
180021,PINEVILLE COMMUNITY HOSPITAL,850 RIVERVIEW AVENUE,PINEVILLE,KY,40977,BELL,6063373051,Acute Care Hospitals,Voluntary Non-Profit - Other,1.0,,,,1,0,0
180024,SPRING VIEW HOSPITAL,320 LORETTO ROAD,LEBANON,KY,40033,MARION,(270) 692-3161,Acute Care Hospitals,Proprietary,1.0,,,,1,1,0
180025,CHI SAINT JOSEPH FLAGET MEMORIAL HOSPITAL,4305 NEW SHEPHERDSVILLE ROAD,BARDSTOWN,KY,40004,NELSON,(502) 350-5000,Acute Care Hospitals,Voluntary Non-Profit - Private,1.0,,,,1,1,0
180027,MURRAY-CALLOWAY COUNTY HOSPITAL,803 POPLAR STREET,MURRAY,KY,42071,CALLOWAY,(270) 762-1100,Acute Care Hospitals,Voluntary Non-Profit - Other,1.0,,,,1,1,0
180029,HAZARD ARH REGIONAL MEDICAL CENTER,100 MEDICAL CENTER DRIVE,HAZARD,KY,41701,PERRY,(606) 439-1331,Acute Care Hospitals,Voluntary Non-Profit - Private,0.0,,,,1,1,0
180035,ST ELIZABETH EDGEWOOD,1 MEDICAL VILLAGE DRIVE,EDGEWOOD,KY,41017,KENTON,(859) 301-2000,Acute Care Hospitals,Voluntary Non-Profit - Church,1.0,,,,1,1,0
180036,OUR LADY OF BELLEFONTE HOSPITAL,1000 SAINT CHRISTOPHER DRIVE,ASHLAND,KY,41101,GREENUP,6068333600,Acute Care Hospitals,Voluntary Non-Profit - Church,1.0,,,,1,0,0
180038,OWENSBORO HEALTH REGIONAL HOSPITAL,1201 PLEASANT VALLEY ROAD,OWENSBORO,KY,42303,DAVIESS,(270) 417-2000,Acute Care Hospitals,Voluntary Non-Profit - Private,1.0,,,,1,1,0
18003F,Blanchfield ACH (FT Campbell),650 Joel Dr,Fort Campbell,KY,42223,CHRISTIAN,(270) 798-8400,,,,,,,0,1,0
180040,UOFL HEALTH - JEWISH HOSPITAL and Mary & Elizabeth Hospital,200 ABRAHAM FLEXNER WAY,LOUISVILLE,KY,40202,JEFFERSON,(502) 587-4011,Acute Care Hospitals,Voluntary Non-Profit - Private,1.0,,,,1,1,0
180043,AdventHealthManchester,210 MARIE LANGDON DRIVE,MANCHESTER,KY,40962,CLAY,(606) 598-5104,Acute Care Hospitals,Voluntary Non-Profit - Church,1.0,,,,1,1,0
180044,PIKEVILLE MEDICAL CENTER,911 BYPASS ROAD,PIKEVILLE,KY,41501,PIKE,(606) 437-3500,Acute Care Hospitals,Voluntary Non-Profit - Private,1.0,,,,1,1,0
180045,ST ELIZABETH FLORENCE,4900 HOUSTON ROAD,FLORENCE,KY,41042,BOONE,(859) 212-5220,Acute Care Hospitals,Voluntary Non-Profit - Private,1.0,,,,1,1,0
180046,BOURBON COMMUNITY HOSPITAL,9 LINVILLE DRIVE,PARIS,KY,40361,BOURBON,(859) 987-3600,Acute Care Hospitals,Proprietary,1.0,,,,1,1,0
180048,EPHRAIM MCDOWELL REGIONAL MEDICAL CENTER,217 SOUTH THIRD STREET,DANVILLE,KY,40422,BOYLE,(859) 239-1000,Acute Care Hospitals,Voluntary Non-Profit - Other,1.0,,,,1,1,0
180049,BAPTIST HEALTH RICHMOND,801 EASTERN BYPASS,RICHMOND,KY,40475,MADISON,(859) 625-3114,Acute Care Hospitals,Voluntary Non-Profit - Private,1.0,,,,1,1,0
180050,HARLAN ARH HOSPITAL,81 BALL PARK ROAD,HARLAN,KY,40831,HARLAN,(606) 573-8100,Acute Care Hospitals,Voluntary Non-Profit - Other,1.0,,,,1,1,0
180051,JENNIE STUART MEDICAL CENTER,320 WEST 18TH STREET,HOPKINSVILLE,KY,42241,CHRISTIAN,(270) 887-0100,Acute Care Hospitals,Voluntary Non-Profit - Private,1.0,,,,1,1,0
180053,FLEMING COUNTY HOSPITAL,55 FOUNDATION DRIVE,FLEMINGSBURG,KY,41041,FLEMING,6068492351,Acute Care Hospitals,Voluntary Non-Profit - Other,1.0,,,,1,0,0
180056,DEACONESS HENDERSON HOSPITAL,1305 N ELM ST,HENDERSON,KY,42420,HENDERSON,(270) 827-7700,Acute Care Hospitals,Voluntary Non-Profit - Church,1.0,,,,1,1,0
180064,SAINT JOSEPH MOUNT STERLING,225 FALCON DRIVE,MOUNT STERLING,KY,40353,MONTGOMERY,(859) 497-5018,Acute Care Hospitals,Voluntary Non-Profit - Private,1.0,,,,1,1,0
180066,The Medical Center at Russellville,1625 NASHVILLE STREET,RUSSELLVILLE,KY,42276,LOGAN,(270) 726-4011,Acute Care Hospitals,Proprietary,1.0,,,,1,1,0
180067,UNIVERSITY OF KENTUCKY HOSPITAL,800 ROSE STREET,LEXINGTON,KY,40536,FAYETTE,(859) 257-2278,Acute Care Hospitals,Government - State,1.0,,,,1,1,0
180069,TUG VALLEY ARH REGIONAL MEDICAL CENTER,260 HOSPITAL DRIVE,SOUTH WILLIAMSON,KY,41503,PIKE,(606) 237-1700,Acute Care Hospitals,Proprietary,1.0,,,,1,1,0
18006F,LOUISVILLE VA MEDICAL CENTER,800 ZORN AVENUE,LOUISVILLE,KY,40206,JEFFERSON,(502) 287-4000,ACUTE CARE - VETERANS ADMINISTRATION,Government - Federal,1.0,,,,1,1,0
180070,OWENSBORO HEALTH TWIN LAKES MEDICAL CENTER,910 WALLACE AVENUE,LEITCHFIELD,KY,42754,GRAYSON,(270) 259-9400,Acute Care Hospitals,Voluntary Non-Profit - Other,1.0,,,,1,1,0
180078,PAINTSVILLE ARH HOSPITAL,625 JAMES S TRIMBLE BOULEVARD,PAINTSVILLE,KY,41240,JOHNSON,(606) 789-3511,Acute Care Hospitals,Proprietary,1.0,,,,1,1,0
180079,HARRISON MEMORIAL HOSPITAL,1210 KY HWY 36 E,CYNTHIANA,KY,41031,HARRISON,(859) 234-2300,Acute Care Hospitals,Voluntary Non-Profit - Other,1.0,,,,1,1,0
18007F,LEXINGTON VA MEDICAL CENTER,1101 VETERANS DRIVE,LEXINGTON,KY,40502,FAYETTE,(859) 233-4511,ACUTE CARE - VETERANS ADMINISTRATION,Government - Federal,1.0,,,,1,1,0
180080,BAPTIST HEALTH CORBIN,ONE TRILLIUM WAY,CORBIN,KY,40701,WHITLEY,(606) 528-1212,Acute Care Hospitals,Voluntary Non-Profit - Private,1.0,,,,1,1,0
180087,TAYLOR REGIONAL HOSPITAL,1700 OLD LEBANON ROAD,CAMPBELLSVILLE,KY,42718,TAYLOR,(270) 465-3561,Acute Care Hospitals,Government - Hospital District or Authority,1.0,,,,1,1,0
180088,"NORTON HOSPITALS, INC",200 EAST CHESTNUT STREET,LOUISVILLE,KY,40202,JEFFERSON,(502) 629-8000,Acute Care Hospitals,Voluntary Non-Profit - Private,1.0,,,,1,1,0
180092,CLARK REGIONAL MEDICAL CENTER,175 HOSPITAL DRIVE,WINCHESTER,KY,40391,CLARK,(859) 737-8559,Acute Care Hospitals,Voluntary Non-Profit - Private,1.0,,,,1,1,0
180093,BAPTIST HEALTH DEACONESS MADISONVILLE,900 HOSPITAL DRIVE,MADISONVILLE,KY,42431,HOPKINS,(270) 825-5100,Acute Care Hospitals,Voluntary Non-Profit - Private,1.0,,,,1,1,0
180095,CRITTENDEN HEALTH SYSTEM,520 WEST GUM STREET,MARION,KY,42064,CRITTENDEN,2709655281,Acute Care Hospitals,Proprietary,1.0,,,,1,0,0
180101,GEORGETOWN COMMUNITY HOSPITAL,1140 LEXINGTON ROAD,GEORGETOWN,KY,40324,SCOTT,(502) 868-1100,Acute Care Hospitals,Proprietary,1.0,,,,1,1,0
180102,MERCY HEALTH - LOURDES HOSPITAL,1530 LONE OAK ROAD,PADUCAH,KY,42003,MC CRACKEN,(270) 444-2444,Acute Care Hospitals,Voluntary Non-Profit - Church,1.0,,,,1,1,0
180103,BAPTIST HEALTH LEXINGTON,1740 NICHOLASVILLE ROAD,LEXINGTON,KY,40503,FAYETTE,(859) 260-6100,Acute Care Hospitals,Voluntary Non-Profit - Other,1.0,,,,1,1,0
180104,BAPTIST HEALTH PADUCAH,2501 KENTUCKY AVENUE,PADUCAH,KY,42003,MC CRACKEN,(270) 575-2100,Acute Care Hospitals,Voluntary Non-Profit - Church,1.0,,,,1,1,0
180105,MONROE COUNTY MEDICAL CENTER,529 CAPP HARLAN ROAD,TOMPKINSVILLE,KY,42167,MONROE,(270) 487-9231,Acute Care Hospitals,Voluntary Non-Profit - Private,1.0,,,,1,1,0
180106,"CLINTON COUNTY HOSPITAL, INC",723 BURKESVILLE ROAD,ALBANY,KY,42602,CLINTON,6063876421,Acute Care Hospitals,Proprietary,1.0,,,,1,0,0
180115,"ROCKCASTLE COUNTY HOSPITAL, INC.",145 NEWCOMB AVENUE,MOUNT VERNON,KY,40456,ROCKCASTLE,(606) 256-2195,Acute Care Hospitals,Voluntary Non-Profit - Private,1.0,,,,1,1,0
180116,JACKSON PURCHASE MEDICAL CENTER,1099 MEDICAL CENTER CIRCLE,MAYFIELD,KY,42066,GRAVES,(270) 251-4585,Acute Care Hospitals,Government - Hospital District or Authority,1.0,,,,1,1,0
180117,PARKWAY REGIONAL HOSPITAL,2000 HOLIDAY LANE,FULTON,KY,42041,FULTON,2704722522,Acute Care Hospitals,Proprietary,1.0,,,,1,0,0
180124,TRISTAR GREENVIEW REGIONAL HOSPITAL,1801 ASHLEY CIRCLE,BOWLING GREEN,KY,42104,WARREN,(270) 793-1000,Acute Care Hospitals,Proprietary,1.0,,,,1,1,0
180127,FRANKFORT REGIONAL MEDICAL CENTER,299 KINGS DAUGHTERS DRIVE,FRANKFORT,KY,40601,FRANKLIN,(502) 875-5240,Acute Care Hospitals,Proprietary,1.0,,,,1,1,0
180128,THREE RIVERS MEDICAL CENTER,2485 HIGHWAY 644,LOUISA,KY,41230,LAWRENCE,(606) 638-9451,Acute Care Hospitals,Proprietary,1.0,,,,1,1,0
180130,BAPTIST HEALTH LOUISVILLE,4000 KRESGE WAY,LOUISVILLE,KY,40207,JEFFERSON,(502) 897-8100,Acute Care Hospitals,Voluntary Non-Profit - Private,1.0,,,,1,1,0
180132,LAKE CUMBERLAND REGIONAL HOSPITAL,305 LANGDON STREET,SOMERSET,KY,42503,PULASKI,(606) 679-7441,Acute Care Hospitals,Proprietary,1.0,,,,1,1,0
180138,BAPTIST HEALTH LAGRANGE,1025 NEW MOODY LANE,LA GRANGE,KY,40031,OLDHAM,(502) 222-5388,Acute Care Hospitals,Voluntary Non-Profit - Private,1.0,,,,1,1,0
180139,KENTUCKY RIVER MEDICAL CENTER,540 JETT DRIVE,JACKSON,KY,41339,BREATHITT,6066666000,Acute Care Hospitals,Proprietary,1.0,,,,1,0,0
180141,UNIVERSITY OF LOUISVILLE HOSPITAL,530 SOUTH JACKSON STREET,LOUISVILLE,KY,40202,JEFFERSON,(502) 562-3000,Acute Care Hospitals,Voluntary Non-Profit - Private,1.0,,,,1,1,0
180143,SAINT JOSEPH EAST,150 NORTH EAGLE CREEK DRIVE,LEXINGTON,KY,40509,FAYETTE,(859) 967-5000,Acute Care Hospitals,Voluntary Non-Profit - Church,1.0,,,,1,1,0
180149,TJ HEALTH COLUMBIA,901 WESTLAKE DRIVE,COLUMBIA,KY,42728,ADAIR,(270) 384-4753,Acute Care Hospitals,Government - Hospital District or Authority,1.0,,,,1,1,0
180154,"PINEVILLE COMMUNITY HEALTH CENTER, INC",850 RIVERVIEW AVENUE,PINEVILLE,KY,40977,BELL,(606) 337-3051,,,,,,,0,1,0
180779,CRITTENDEN COMMUNITY HOSPITAL,520 WEST GUM STREET,MARION,KY,42064,CRITTENDEN,(270) 965-5281,,,,,,,0,1,0
181301,MARCUM AND WALLACE MEMORIAL HOSPITAL,60 MERCY COURT,IRVINE,KY,40336,ESTILL,(606) 723-2115,Critical Access Hospitals,Voluntary Non-Profit - Private,1.0,,,,1,1,0
181302,THE JAMES B. HAGGIN MEMORIAL HOSPITAL,464 LINDEN AVENUE,HARRODSBURG,KY,40330,MERCER,(859) 734-5441,Critical Access Hospitals,Voluntary Non-Profit - Other,1.0,,,,1,1,0
181303,NICHOLAS COUNTY HOSPITAL,2325 CONCRETE ROAD,CARLISLE,KY,40311,NICHOLAS,8592897181,Critical Access Hospitals,Voluntary Non-Profit - Other,1.0,,,,1,0,0
181304,TRIGG COUNTY HOSPITAL,254 MAIN STREET,CADIZ,KY,42211,TRIGG,(270) 522-3215,Critical Access Hospitals,Government - Local,1.0,,,,1,1,0
181305,ARH OUR LADY OF THE WAY,11203 MAIN STREET,MARTIN,KY,41649,FLOYD,(606) 285-6400,Critical Access Hospitals,Voluntary Non-Profit - Private,1.0,,,,1,1,0
181306,METHODIST HOSPITAL UNION COUNTY,4604 US HIGHWAY 60 WEST,MORGANFIELD,KY,42437,UNION,(270) 389-5000,Critical Access Hospitals,Voluntary Non-Profit - Church,1.0,,,,1,1,0
181307,MORGAN COUNTY ARH HOSPITAL,476 LIBERTY ROAD,WEST LIBERTY,KY,41472,MORGAN,(606) 743-3186,Critical Access Hospitals,Voluntary Non-Profit - Private,1.0,,,,1,1,0
181308,BLUEGRASS COMMUNITY HOSPITAL,360 AMSDEN AVENUE,VERSAILLES,KY,40383,WOODFORD,(859) 873-3111,Critical Access Hospitals,Proprietary,1.0,,,,1,1,0
181309,CASEY COUNTY HOSPITAL,187 WOLFORD AVENUE,LIBERTY,KY,42539,CASEY,(606) 787-6275,Critical Access Hospitals,Government - Hospital District or Authority,1.0,,,,1,1,0
181310,CARROLL COUNTY MEMORIAL HOSPITAL,309 ELEVENTH STREET,CARROLLTON,KY,41008,CARROLL,(502) 732-4321,Critical Access Hospitals,Voluntary Non-Profit - Private,1.0,,,,1,1,0
181311,ST ELIZABETH GRANT,238 BARNES ROAD,WILLIAMSTOWN,KY,41097,GRANT,(859) 824-8105,Critical Access Hospitals,Voluntary Non-Profit - Church,1.0,,,,1,1,0
181312,NEW HORIZONS MEDICAL CENTER,330 ROLAND AVENUE,OWENTON,KY,40359,OWEN,5024844656,Critical Access Hospitals,Proprietary,1.0,,,,1,0,0
181314,CAVERNA MEMORIAL HOSPITAL,1501 SOUTH DIXIE STREET,HORSE CAVE,KY,42749,HART,(270) 786-2191,Critical Access Hospitals,Voluntary Non-Profit - Private,1.0,,,,1,1,0
181315,EPHRAIM MCDOWELL FORT LOGAN HOSPITAL,110 METKER TRAIL,STANFORD,KY,40484,LINCOLN,(606) 365-4600,Critical Access Hospitals,Voluntary Non-Profit - Private,1.0,,,,1,1,0
181316,MARY BRECKINRIDGE ARH HOSPITAL,130 KATE IRELAND DRIVE,HYDEN,KY,41749,LESLIE,(606) 672-2901,Critical Access Hospitals,Voluntary Non-Profit - Private,1.0,,,,1,1,0
181317,CUMBERLAND COUNTY HOSPITAL,299 GLASGOW ROAD,BURKESVILLE,KY,42717,CUMBERLAND,(270) 864-2511,Critical Access Hospitals,Voluntary Non-Profit - Other,1.0,,,,1,1,0
181318,THE MEDICAL CENTER AT FRANKLIN,1100 BROOKHAVEN ROAD,FRANKLIN,KY,42135,SIMPSON,(270) 598-4800,Critical Access Hospitals,Voluntary Non-Profit - Private,1.0,,,,1,1,0
181319,BRECKINRIDGE MEMORIAL HOSPITAL,1011 OLD HIGHWAY 60,HARDINSBURG,KY,40143,BRECKINRIDGE,(270) 756-7000,Critical Access Hospitals,Voluntary Non-Profit - Private,1.0,,,,1,1,0
181320,"LIVINGSTON HOSPITAL AND HEALTHCARE SERVICES, INC",131 HOSPITAL DRIVE,SALEM,KY,42078,LIVINGSTON,(270) 988-2299,Critical Access Hospitals,Proprietary,1.0,,,,1,1,0
181321,WAYNE COUNTY HOSPITAL,166 HOSPITAL STREET,MONTICELLO,KY,42633,WAYNE,(606) 348-9343,Critical Access Hospitals,Voluntary Non-Profit - Other,1.0,,,,1,1,0
181322,CALDWELL MEDICAL CENTER,100 MEDICAL CENTER DRIVE,PRINCETON,KY,42445,CALDWELL,(270) 365-0300,Critical Access Hospitals,Government - Hospital District or Authority,1.0,,,,1,1,0
181323,OHIO COUNTY HOSPITAL,1211 OLD MAIN STREET,HARTFORD,KY,42347,OHIO,(270) 298-7411,Critical Access Hospitals,Proprietary,1.0,,,,1,1,0
181324,THE MEDICAL CENTER AT SCOTTSVILLE,456 BURNLEY ROAD,SCOTTSVILLE,KY,42164,ALLEN,(270) 622-2800,Critical Access Hospitals,Voluntary Non-Profit - Private,1.0,,,,1,1,0
181325,JANE TODD CRAWFORD HOSPITAL,290 INDUSTRIAL PARK ROAD,GREENSBURG,KY,42743,GREEN,(270) 932-4211,Critical Access Hospitals,Voluntary Non-Profit - Private,1.0,,,,1,1,0
181327,MARSHALL COUNTY HOSPITAL,615 OLD SYMSONIA ROAD,BENTON,KY,42025,MARSHALL,(270) 527-4800,Critical Access Hospitals,Government - Hospital District or Authority,1.0,,,,1,1,0
181328,KNOX COUNTY HOSPITAL,80 HOSPITAL DRIVE,BARBOURVILLE,KY,40906,KNOX,(606) 546-4175,Critical Access Hospitals,Proprietary,1.0,,,,1,1,0
181329,CHI SAINT JOSEPH BEREA NF,305 ESTILL STREET,BEREA,KY,40403,MADISON,(859) 986-3151,Critical Access Hospitals,Voluntary Non-Profit - Private,1.0,,,,1,1,0
181330,RUSSELL COUNTY HOSPITAL,153 DOWELL ROAD,RUSSELL SPRINGS,KY,42642,RUSSELL,(270) 866-4141,Critical Access Hospitals,Government - Hospital District or Authority,1.0,,,,1,1,0
181331,MCDOWELL ARH HOSPITAL,9879 KENTUCKY ROUTE 122,MC DOWELL,KY,41647,FLOYD,(606) 377-3400,Critical Access Hospitals,Voluntary Non-Profit - Private,1.0,,,,1,1,0
181333,THE MEDICAL CENTER AT ALBANY,723 BURKESVILLE ROAD,ALBANY,KY,42602,CLINTON,(606) 387-3651,,,,,,,0,1,0
181334,KENTUCKY RIVER MEDICAL CENTER,540 JETT DRIVE,JACKSON,KY,41339,BREATHITT,(606) 666-6000,,,,,,,0,1,0
190001,WASHINGTON ST TAMMANY  REGIONAL MEDICAL CENTER,433 PLAZA ST,BOGALUSA,LA,70427,WASHINGTON,9857351322,Acute Care Hospitals,Government - State,1.0,,,,1,0,0
190002,OCHSNER LAFAYETTE GENERAL MEDICAL CENTER,1214 COOLIDGE AVENUE,LAFAYETTE,LA,70503,LAFAYETTE,(337) 289-7991,Acute Care Hospitals,Voluntary Non-Profit - Other,1.0,,,,1,1,0
190003,DAUTERIVE HOSPITAL,600 NORTH LEWIS STREET,NEW IBERIA,LA,70563,IBERIA,3373744101,Acute Care Hospitals,Proprietary,1.0,,,,1,0,0
190004,THIBODAUX REGIONAL MEDICAL CENTER,602 N ACADIA ROAD,THIBODAUX,LA,70301,LAFOURCHE,(985) 447-5500,Acute Care Hospitals,Government - Federal,1.0,,,,1,1,0
190005,UNIVERSITY MEDICAL CENTER NEW ORLEANS,2000 CANAL STREET,NEW ORLEANS,LA,70112,ORLEANS,(504) 702-3000,Acute Care Hospitals,Government - State,1.0,,,,1,1,0
190006,OCHSNER UNIVERSITY HOSPITAL AND CLINICS,2390 WEST CONGRESS,LAFAYETTE,LA,70506,LAFAYETTE,(337) 261-6000,Acute Care Hospitals,Government - State,1.0,,,,1,1,0
190007,NATCHITOCHES REGIONAL MEDICAL CENTER,501 KEYSER AVE,NATCHITOCHES,LA,71457,NATCHITOCHES,(318) 214-4200,Acute Care Hospitals,Government - Hospital District or Authority,1.0,,,,1,1,0
190008,TERREBONNE GENERAL MEDICAL CENTER - PARISH,8166 MAIN STREET,HOUMA,LA,70360,TERREBONNE,(985) 873-4141,Acute Care Hospitals,Government - Hospital District or Authority,1.0,,,,1,1,0
190009,HUEY P LONG MEDICAL CENTER,352 HOSPITAL BLVD,PINEVILLE,LA,71360,RAPIDES,3184736200,Acute Care Hospitals,Government - State,1.0,,,,1,0,0
190011,OCHSNER LSU HEALTH MONROE,4864 JACKSON STREET,MONROE,LA,71202,OUACHITA,(318) 388-7000,Acute Care Hospitals,Government - State,1.0,,,,1,1,0
190013,WEST CALCASIEU CAMERON HOSPITAL,701 EAST CYPRESS STREET,SULPHUR,LA,70663,CALCASIEU,(337) 527-4240,Acute Care Hospitals,Government - Hospital District or Authority,1.0,,,,1,1,0
190014,OCHSNER ST MARY,1125 MARGUERITE STREET,MORGAN CITY,LA,70380,ST. MARY,(985) 384-2200,Acute Care Hospitals,Proprietary,1.0,,,,1,1,0
190015,NORTH OAKS MEDICAL CENTER,15790 PAUL VEGA MD DRIVE,HAMMOND,LA,70403,TANGIPAHOA,(985) 345-2700,Acute Care Hospitals,Government - Hospital District or Authority,1.0,,,,1,1,0
190017,OPELOUSAS GENERAL HEALTH SYSTEM,539 EAST PRUDHOMME STREET,OPELOUSAS,LA,70570,ST. LANDRY,(337) 948-3011,Acute Care Hospitals,Government - Hospital District or Authority,1.0,,,,1,1,0
190019,CHRISTUS ST FRANCES CABRINI HOSPITAL,3330 MASONIC DRIVE,ALEXANDRIA,LA,71301,RAPIDES,(318) 487-1122,Acute Care Hospitals,Voluntary Non-Profit - Church,1.0,,,,1,1,0
190020,LANE REGIONAL MEDICAL CENTER,6300 MAIN STREET,ZACHARY,LA,70791,E. BATON ROUGE,(225) 658-4000,Acute Care Hospitals,Government - Hospital District or Authority,1.0,,,,1,1,0
190025,SAVOY MEDICAL CENTER,801 POINCIANA AVENUE,MAMOU,LA,70554,EVANGELINE,(337) 468-5261,Acute Care Hospitals,Voluntary Non-Profit - Other,1.0,,,,1,1,0
190026,RAPIDES REGIONAL MEDICAL CENTER,211 4TH STREET,ALEXANDRIA,LA,71301,RAPIDES,(318) 769-3000,Acute Care Hospitals,Voluntary Non-Profit - Other,1.0,,,,1,1,0
190027,CHRISTUS OCHSNER ST PATRICK HOSPITAL,524 DR MICHAEL DEBAKEY DRIVE,LAKE CHARLES,LA,70601,CALCASIEU,(337) 436-2511,Acute Care Hospitals,Voluntary Non-Profit - Private,1.0,,,,1,1,0
190034,ABBEVILLE GENERAL HOSPITAL,118 N HOSPITAL DR,ABBEVILLE,LA,70510,VERMILION,(337) 893-5466,Acute Care Hospitals,Government - Hospital District or Authority,1.0,,,,1,1,0
190036,OCHSNER MEDICAL CENTER ACUTE,1516 JEFFERSON HWY,NEW ORLEANS,LA,70121,JEFFERSON,(504) 842-3000,Acute Care Hospitals,Voluntary Non-Profit - Private,1.0,,,,1,1,0
190039,WEST JEFFERSON MEDICAL CENTER,1101 MEDICAL CENTER BLVD,MARRERO,LA,70072,JEFFERSON,(504) 347-5511,Acute Care Hospitals,Government - Hospital District or Authority,1.0,,,,1,1,0
190040,SLIDELL MEMORIAL HOSPITAL,1001 GAUSE BLVD,SLIDELL,LA,70458,ST. TAMMANY,(985) 643-2200,Acute Care Hospitals,Government - Hospital District or Authority,1.0,,,,1,1,0
190041,CHRISTUS SHREVEPORT-BOSSIER HEALTH SYSTEM,1453 E BERT KOUNS INDUSTRIAL DRIVE,SHREVEPORT,LA,71105,CADDO,(318) 681-5000,Acute Care Hospitals,Voluntary Non-Profit - Church,1.0,,,,1,1,0
190044,ACADIA GENERAL HOSPITAL,1305 CROWLEY RAYNE HIGHWAY,CROWLEY,LA,70526,ACADIA,(337) 783-3222,Acute Care Hospitals,Government - Federal,1.0,,,,1,1,0
190045,ST TAMMANY PARISH HOSPITAL,1202 S TYLER STREET,COVINGTON,LA,70433,ST. TAMMANY,(985) 898-4000,Acute Care Hospitals,Government - Hospital District or Authority,1.0,,,,1,1,0
190046,TOURO INFIRMARY,1401 FOUCHER STREET,NEW ORLEANS,LA,70115,ORLEANS,(504) 897-8247,Acute Care Hospitals,Voluntary Non-Profit - Private,1.0,,,,1,1,0
190050,BEAUREGARD MEMORIAL HOSPITAL,600 S PINE STREET,DERIDDER,LA,70634,BEAUREGARD,(337) 462-7100,Acute Care Hospitals,Government - Hospital District or Authority,1.0,,,,1,1,0
190053,OCHSNER AMERICAN LEGION HOSPITAL,1634 ELTON ROAD,JENNINGS,LA,70546,JEFFRSON DAVIS,(337) 616-7000,Acute Care Hospitals,Voluntary Non-Profit - Private,1.0,,,,1,1,0
190054,IBERIA MEDICAL CENTER,2315 E MAIN STREET,NEW IBERIA,LA,70560,IBERIA,(337) 364-0441,Acute Care Hospitals,Government - Hospital District or Authority,1.0,,,,1,1,0
190060,LAKE CHARLES MEMORIAL HOSPITAL,1701 OAK PARK BLVD,LAKE CHARLES,LA,70601,CALCASIEU,(337) 494-3000,Acute Care Hospitals,Voluntary Non-Profit - Other,1.0,,,,1,1,0
190064,OUR LADY OF THE LAKE REGIONAL MEDICAL CENTER,5000 HENNESSY BLVD,BATON ROUGE,LA,70808,E. BATON ROUGE,(225) 765-6565,Acute Care Hospitals,Voluntary Non-Profit - Church,1.0,,,,1,1,0
190065,BATON ROUGE GENERAL MEDICAL CENTER,8585 PICARDY AVE,BATON ROUGE,LA,70809,E. BATON ROUGE,(225) 387-7767,Acute Care Hospitals,Voluntary Non-Profit - Private,1.0,,,,1,1,0
190079,ST CHARLES PARISH HOSPITAL,1057 PAUL MAILLARD ROAD,LULING,LA,70070,ST. CHARLES,(985) 785-3644,Acute Care Hospitals,Government - Hospital District or Authority,1.0,,,,1,1,0
190081,WEST CARROLL MEMORIAL HOSPITAL,522 ROSS STREET,OAK GROVE,LA,71263,WEST CARROLL,3184283237,Acute Care Hospitals,Proprietary,1.0,,,,1,0,0
190086,NORTHERN LOUISIANA MEDICAL CENTER,401 EAST VAUGHN AVENUE,RUSTON,LA,71270,LINCOLN,(318) 254-2100,Acute Care Hospitals,Voluntary Non-Profit - Other,1.0,,,,1,1,0
190088,SPRINGHILL MEDICAL CENTER,2001 DOCTORS DRIVE,SPRINGHILL,LA,71075,WEBSTER,(318) 539-1000,Acute Care Hospitals,Proprietary,1.0,,,,1,1,0
190090,WINN PARISH MEDICAL CENTER,301 W BOUNDARY AVE,WINNFIELD,LA,71483,WINN,(318) 648-3000,Acute Care Hospitals,Proprietary,1.0,,,,1,1,0
190098,OCHSNER LSU HEALTH SHREVEPORT,1541 KINGS HIGHWAY,SHREVEPORT,LA,71130,CADDO,(318) 675-5058,Acute Care Hospitals,Government - State,1.0,,,,1,1,0
190099,AVOYELLES HOSPITAL,4231 HIGHWAY 1192,MARKSVILLE,LA,71351,AVOYELLES,(318) 253-8611,Acute Care Hospitals,Proprietary,1.0,,,,1,1,0
190102,"OUR LADY OF LOURDES REGIONAL MEDICAL CENTER, INC",4801 AMBASSADOR CAFFERY PARKWAY,LAFAYETTE,LA,70508,LAFAYETTE,(337) 470-2000,Acute Care Hospitals,Voluntary Non-Profit - Private,1.0,,,,1,1,0
190106,OAKDALE COMMUNITY HOSPITAL,130 N HOSPITAL DR,OAKDALE,LA,71463,ALLEN,(318) 335-3700,Acute Care Hospitals,Voluntary Non-Profit - Other,1.0,,,,1,1,0
190111,WILLIS KNIGHTON MEDICAL CENTER,2600 GREENWOOD ROAD,SHREVEPORT,LA,71103,CADDO,(318) 212-4000,Acute Care Hospitals,Voluntary Non-Profit - Private,1.0,,,,1,1,0
190114,CLAIBORNE MEMORIAL MEDICAL CENTER,620 EAST COLLEGE STREET,HOMER,LA,71040,CLAIBORNE,(318) 927-2024,Acute Care Hospitals,Government - Local,1.0,,,,1,1,0
190116,MOREHOUSE GENERAL HOSPITAL,323 W WALNUT,BASTROP,LA,71220,MOREHOUSE,(318) 283-3600,Acute Care Hospitals,Government - Hospital District or Authority,1.0,,,,1,1,0
190118,DESOTO REGIONAL HEALTH SYSTEM,207 JEFFERSON STREET,MANSFIELD,LA,71052,DE SOTO,(318) 872-4610,Acute Care Hospitals,Proprietary,1.0,,,,1,1,0
190122,EARL K LONG MEDICAL CENTER,5825 AIRLINE HIGHWAY,BATON ROUGE,LA,70805,EAST BATON ROUGE,2253581002,Acute Care Hospitals,Government - State,1.0,,,,1,0,0
190125,ST FRANCIS MEDICAL CENTER,309 JACKSON STREET,MONROE,LA,71201,OUACHITA,(318) 966-4000,Acute Care Hospitals,Voluntary Non-Profit - Church,1.0,,,,1,1,0
190128,WOMANS HOSPITAL,100 WOMAN'S WAY,BATON ROUGE,LA,70817,E. BATON ROUGE,(225) 927-1300,Acute Care Hospitals,Voluntary Non-Profit - Other,1.0,,,,1,1,0
190133,ALLEN PARISH HOSPITAL,108 6TH AVENUE,KINDER,LA,70648,ALLEN,(337) 738-9489,Acute Care Hospitals,Government - Hospital District or Authority,1.0,,,,1,1,0
190135,OCHSNER BAPTIST MEDICAL CENTER LLC,2700 NAPOLEON AVENUE,NEW ORLEANS,LA,70115,ORLEANS,5048975998,Acute Care Hospitals,Voluntary Non-Profit - Private,1.0,,,,1,0,0
190140,FRANKLIN MEDICAL CENTER,2106 LOOP ROAD,WINNSBORO,LA,71295,FRANKLIN,(318) 435-9411,Acute Care Hospitals,Government - Hospital District or Authority,1.0,,,,1,1,0
190144,MINDEN MEDICAL CENTER,NO 1 MEDICAL PLAZA,MINDEN,LA,71055,WEBSTER,(318) 377-2321,Acute Care Hospitals,Proprietary,1.0,,,,1,1,0
190145,LASALLE GENERAL HOSPITAL,187 NINTH ST/HWY 84 WEST,JENA,LA,71342,LASALLE,(318) 992-9200,Acute Care Hospitals,Government - Hospital District or Authority,1.0,,,,1,1,0
190146,EAST JEFFERSON GENERAL HOSPITAL,4200 HOUMA BLVD,METAIRIE,LA,70006,JEFFERSON,5044544000,Acute Care Hospitals,Government - Hospital District or Authority,1.0,,,,1,0,0
190151,RICHARDSON MEDICAL CENTER,254 HIGHWAY 3048,RAYVILLE,LA,71269,RICHLAND,(318) 728-8292,Acute Care Hospitals,Government - Hospital District or Authority,1.0,,,,1,1,0
190160,GLENWOOD REGIONAL MEDICAL CENTER,503 MCMILLAN ROAD,WEST MONROE,LA,71291,OUACHITA,(318) 329-4600,Acute Care Hospitals,Voluntary Non-Profit - Private,1.0,,,,1,1,0
190161,W O MOSS REGIONAL MEDICAL CENTER,1000 WALTERS STREET,LAKE CHARLES,LA,70607,CALCASIEU,3374758100,Acute Care Hospitals,Government - State,1.0,,,,1,0,0
190164,BYRD REGIONAL HOSPITAL,1020 FERTITTA BLVD,LEESVILLE,LA,71446,VERNON,(337) 239-9041,Acute Care Hospitals,Proprietary,1.0,,,,1,1,0
190167,MERCY REGIONAL MEDICAL CENTER,800 E MAIN,VILLE PLATTE,LA,70586,EVANGELINE,(337) 363-5684,Acute Care Hospitals,Proprietary,1.0,,,,1,1,0
190175,RIVER PARISHES HOSPITAL,500 RUE DE SANTE,LAPLACE,LA,70068,ST JOHN THE BAPTIST,9856527000,Acute Care Hospitals,Proprietary,1.0,,,,1,0,0
190176,EAST JEFFERSON GENERAL HOSPITAL,4200 HOUMA BLVD,METAIRIE,LA,70006,JEFFERSON,(504) 988-5263,Acute Care Hospitals,Voluntary Non-Profit - Other,1.0,,,,1,1,0
190177,LAKEVIEW REGIONAL MEDICAL CENTER,95 EAST FAIRWAY CENTER DRIVE,COVINGTON,LA,70433,SAINT TAMMANY,9858674447,Acute Care Hospitals,Proprietary,1.0,,,,1,0,0
190183,LEONARD J CHABERT MEDICAL CENTER,1978 INDUSTRIAL BLVD,HOUMA,LA,70363,TERREBONNE,(985) 873-2200,Acute Care Hospitals,Government - Hospital District or Authority,1.0,,,,1,1,0
190184,CITIZENS MEDICAL CENTER,7939 U S HWY 165 SOUTH,COLUMBIA,LA,71418,CALDWELL,(318) 649-6106,Acute Care Hospitals,Government - Hospital District or Authority,1.0,,,,1,1,0
190190,"CALDWELL MEMORIAL HOSPITAL, INC",411 MAIN STREET,COLUMBIA,LA,71418,CALDWELL,(318) 649-6111,Acute Care Hospitals,Voluntary Non-Profit - Private,0.0,,,,1,1,0
190199,VILLA FELICIANA MEDICAL COMPLEX,5002 HIGHWAY 10,JACKSON,LA,70748,EAST FELICIANA,2256344000,Acute Care Hospitals,Government - State,0.0,,,,1,0,0
190201,CHRISTUS OCHSNER LAKE AREA HOSPITAL,4200 NELSON ROAD,LAKE CHARLES,LA,70605,CALCASIEU,(337) 474-6370,Acute Care Hospitals,Proprietary,1.0,,,,1,1,0
190202,OCHSNER MEDICAL CENTER - BATON ROUGE,17000 MEDICAL CENTER DR,BATON ROUGE,LA,70816,E. BATON ROUGE,(225) 752-2470,Acute Care Hospitals,Voluntary Non-Profit - Private,1.0,,,,1,1,0
190204,"OCHSNER MEDICAL CENTER - NORTHSHORE, LLC",100 MEDICAL CENTER DRIVE,SLIDELL,LA,70461,SAINT TAMMANY,9856497070,Acute Care Hospitals,Voluntary Non-Profit - Private,1.0,,,,1,0,0
190205,THE REGIONAL MEDICAL CENTER OF ACADIANA,2810 AMBASSADOR CAFFERY PARKWAY,LAFAYETTE,LA,70506,LAFAYETTE,3379896700,Acute Care Hospitals,Proprietary,1.0,,,,1,0,0
190208,EAST CARROLL PARISH HOSPITAL,336 NORTH HOOD STREET,LAKE PROVIDENCE,LA,71254,EAST CARROLL,(318) 559-4023,Acute Care Hospitals,Government - Hospital District or Authority,1.0,,,,1,1,0
190218,SABINE MEDICAL CENTER,240 HIGHLAND DRIVE,MANY,LA,71449,SABINE,(318) 256-1232,Acute Care Hospitals,Proprietary,1.0,,,,1,1,0
190236,WILLIS KNIGHTON BOSSIER HEALTH CENTER,2400 HOSPITAL DR,BOSSIER CITY,LA,71111,BOSSIER,3182127000,Acute Care Hospitals,Voluntary Non-Profit - Private,1.0,,,,1,0,0
190241,PHYSICIANS MEDICAL CENTER,218 CORPORATE DRIVE,HOUMA,LA,70360,TERREBONNE,(985) 853-1390,Acute Care Hospitals,Proprietary,0.0,,,,1,1,0
190242,ST ELIZABETH HOSPITAL,1125 WEST HIGHWAY 30,GONZALES,LA,70737,ASCENSION,2256475000,Acute Care Hospitals,Voluntary Non-Profit - Church,1.0,,,,1,0,0
190245,MONROE SURGICAL HOSPITAL,2408 BROADMOOR BLVD,MONROE,LA,71201,OUACHITA,(318) 410-0002,Acute Care Hospitals,Proprietary,0.0,,,,1,1,0
190246,P & S SURGICAL HOSPITAL,312 GRAMMONT ST SUITE 101,MONROE,LA,71201,OUACHITA,3183884040,Acute Care Hospitals,Voluntary Non-Profit - Other,1.0,,,,1,0,0
190250,"LOUISIANA MEDICAL CENTER AND HEART HOSPITAL, LLC",64030 HIGHWAY 434,LACOMBE,LA,70445,SAINT TAMMANY,9856907500,Acute Care Hospitals,Proprietary,1.0,,,,1,0,0
190251,SURGICAL SPECIALTY CENTER OF BATON ROUGE,8080 BLUEBONNET BLVD,BATON ROUGE,LA,70810,E. BATON ROUGE,(225) 408-8080,Acute Care Hospitals,Proprietary,0.0,,,,1,1,0
190255,PARK PLACE SURGICAL HOSPITAL,4811 AMBASSADOR CAFFERY PARKWAY,LAFAYETTE,LA,70508,LAFAYETTE,(337) 237-8119,Acute Care Hospitals,Voluntary Non-Profit - Private,1.0,,,,1,1,0
190256,STERLING SURGICAL HOSPITAL,989 ROBERT BLVD,SLIDELL,LA,70458,ST. TAMMANY,(985) 690-8200,Acute Care Hospitals,Proprietary,0.0,,,,1,1,0
190257,GREEN CLINIC SURGICAL HOSPITAL,1118 FARMERVILLE STREET,RUSTON,LA,71270,LINCOLN,3182327186,Acute Care Hospitals,Proprietary,0.0,,,,1,0,0
190259,LAFAYETTE SURGICAL SPECIALTY HOSPITAL,1101 KALISTE SALOOM RD,LAFAYETTE,LA,70508,LAFAYETTE,(337) 769-4100,Acute Care Hospitals,Proprietary,0.0,,,,1,1,0
190261,OUACHITA COMMUNITY HOSPITAL,1275 GLENNWOOD DRIVE,WEST MONROE,LA,71291,OUACHITA,3183321339,Acute Care Hospitals,Proprietary,1.0,,,,1,0,0
190263,HEART HOSPITAL OF LAFAYETTE,1105 KALISTE SALOOM ROAD,LAFAYETTE,LA,70508,LAFAYETTE,3375211307,Acute Care Hospitals,Proprietary,1.0,,,,1,0,0
190266,THE SPINE HOSPITAL OF LOUISIANA,"10105 PARK ROW CIRCLE, SUITE 250",BATON ROUGE,LA,70810,E. BATON ROUGE,(225) 763-9900,Acute Care Hospitals,Proprietary,1.0,,,,1,1,0
190267,AVALA,67252 INDUSTRY LANE,COVINGTON,LA,70433,ST. TAMMANY,(985) 809-9888,Acute Care Hospitals,Government - Federal,0.0,,,,1,1,0
190268,LAFAYETTE GENERAL SURGICAL HOSPITAL,1000 W PINHOOK RD SUITE 100,LAFAYETTE,LA,70503,LAFAYETTE,3372898060,Acute Care Hospitals,Voluntary Non-Profit - Private,0.0,,,,1,0,0
190270,OUR LADY OF THE LAKE SURGICAL HOSPITAL,1700 W LINDBERG DRIVE,SLIDELL,LA,70458,ST. TAMMANY,(985) 641-0600,Acute Care Hospitals,Government - Federal,0.0,,,,1,1,0
190273,GREATER BATON ROUGE SURGICAL HOSPITAL,7855 HOWELL PLACE BLVD,BATON ROUGE,LA,70807,EAST BATON ROUGE,2253584900,Acute Care Hospitals,Proprietary,1.0,,,,1,0,0
190274,OCHSNER MEDICAL CENTER-KENNER,180 WEST ESPLANADE AVENUE,KENNER,LA,70065,JEFFERSON,(504) 464-8065,Acute Care Hospitals,Voluntary Non-Profit - Private,1.0,,,,1,1,0
190278,SPECIALISTS HOSPITAL SHREVEPORT,1500 LINE AVENUE,SHREVEPORT,LA,71101,CADDO,(318) 213-3800,Acute Care Hospitals,Government - Federal,0.0,,,,1,1,0
190297,DOCTORS HOSPITAL AT DEER CREEK LLC,815 SOUTH 10TH STREET,LEESVILLE,LA,71446,VERNON,3373925088,Acute Care Hospitals,Government - Federal,0.0,,,,1,0,0
190298,CHRISTUS CENTRAL LOUISIANA SURGICAL HOSPITAL,651 NORTH BOLTON AVE,ALEXANDRIA,LA,71301,RAPIDES,(318) 449-6400,Acute Care Hospitals,Proprietary,0.0,,,,1,1,0
190300,ST CHARLES SURGICAL HOSPITAL,1717 ST CHARLES AVE,NEW ORLEANS,LA,70130,ORLEANS,(504) 529-6600,,,,,,,0,1,0
190302,"OMEGA HOSPITAL, LLC",2525 SEVERN AVENUE,METAIRIE,LA,70002,JEFFERSON,(504) 616-3897,,,,,,,0,1,0
190303,CYPRESS POINTE SURGICAL HOSPITAL,42570 SOUTH AIRPORT RD,HAMMOND,LA,70403,TANGIPAHOA,(985) 510-6200,Acute Care Hospitals,Proprietary,0.0,,,,1,1,0
190304,IBERIA REHABILITATION HOSPITAL,532 JEFFERSON TERRACE STREET,NEW IBERIA,LA,70560,IBERIA,3373646923,Acute Care Hospitals,Proprietary,0.0,,,,1,0,0
190307,SOUTH CAMERON MEMORIAL HOSPITAL,5360 WEST CREOLE HWY,CAMERON,LA,70631,CAMERON,3375424111,Acute Care Hospitals,Proprietary,1.0,,,,1,0,0
190308,ST BERNARD PARISH HOSPITAL,8000 WEST JUDGE PEREZ DRIVE,CHALMETTE,LA,70043,ST. BERNARD,(504) 826-9500,,,,,,,0,1,0
190312,OUR LADY OF THE ANGELS HOSPITAL,433 PLAZA STREET,BOGALUSA,LA,70427,WASHINGTON,(985) 730-6700,,,,,,,0,1,0
190313,NEW ORLEANS EAST HOSPITAL,5620 READ BLVD,NEW ORLEANS,LA,70127,ORLEANS,(504) 592-6600,,,,,,,0,1,0
190316,THE GENERAL,"3600 FLORIDA BLVD, SUITE 2020",BATON ROUGE,LA,70806,E. BATON ROUGE,(225) 381-6393,,,,,,,0,1,0
190317,OCHSNER LSU HEALTH SHREVEPORT-ST MARY MEDICAL CENT,1 ST MARY PLACE,SHREVEPORT,LA,71101,CADDO,(318) 626-4300,,,,,,,0,1,0
190318,ACADIAN MEDICAL CENTER,3501 HIGHWAY 190 EAST,EUNICE,LA,70535,ST. LANDRY,(337) 580-7903,,,,,,,0,1,0
190319,ALEXANDRIA EMERGENCY HOSPITAL,5900 COLISEUM BLVD,ALEXANDRIA,LA,71303,RAPIDES,(318) 386-8110,,,,,,,0,1,0
19043F,ALEXANDRIA VA MEDICAL CENTER,2495 SHREVEPORT HIGHWAY 71 N,PINEVILLE,LA,71360,RAPIDES,(318) 473-0010,ACUTE CARE - VETERANS ADMINISTRATION,Government - Federal,1.0,,,,1,1,0
19047F,SOUTHEAST LOUISIANA VETERANS HEALTH CARE SYSTEM,2400 CANAL STREET,NEW ORLEANS,LA,70119,ORLEANS,(800) 935-8387,,,,,,,0,1,0
19048F,OVERTON BROOKS VA MEDICAL CENTER (SHREVEPORT),510 EAST STONER AVENUE,SHREVEPORT,LA,71101,CADDO,(318) 424-6037,ACUTE CARE - VETERANS ADMINISTRATION,Government - Federal,1.0,,,,1,1,0
19050F,Bayne-Jones ACH (Ft Johnson),1585 3rd St,Fort Johnson,LA,71459,VERNON,(337) 531-3118,,,,,,,0,1,0
190779,ASSUMPTION COMMUNITY HOSPITAL,135 HIGHWAY 402,NAPOLEONVILLE,LA,70390,ASSUMPTION,(985) 369-3600,,,,,,,0,1,0
191300,ST HELENA PARISH HOSPITAL,16874 HIGHWAY 43,GREENSBURG,LA,70441,ST. HELENA,(225) 222-6111,,,,,,,0,1,0
191301,UNION GENERAL HOSPITAL,901 JAMES AVE,FARMERVILLE,LA,71241,UNION,(318) 368-9751,Critical Access Hospitals,Voluntary Non-Profit - Private,1.0,,,,1,1,0
191302,OCHSNER ST MARTIN HOSPITAL,210 CHAMPAGNE BOULEVARD,BREAUX BRIDGE,LA,70517,ST. MARTIN,(337) 332-2178,Critical Access Hospitals,Voluntary Non-Profit - Private,1.0,,,,1,1,0
191303,ASSUMPTION COMMUNITY HOSPITAL,135 HIGHWAY 402,NAPOLEONVILLE,LA,70390,ASSUMPTION,9853694209,Critical Access Hospitals,Voluntary Non-Profit - Church,1.0,,,,1,0,0
191304,NORTH CADDO MEDICAL CENTER,815 SOUTH PINE STREET,VIVIAN,LA,71082,CADDO,(318) 375-3235,,,,,,,0,1,0
191305,ST JAMES PARISH HOSPITAL,1645 LUTCHER AVENUE,LUTCHER,LA,70071,ST. JAMES,(225) 869-5512,Critical Access Hospitals,Government - Hospital District or Authority,1.0,,,,1,1,0
191306,WEST FELICIANA PARISH HOSPITAL,"5266 COMMERCE STREET, BUILDING B",SAINT FRANCISVILLE,LA,70775,WEST FELICIANA,(225) 635-3811,Critical Access Hospitals,Government - Hospital District or Authority,1.0,,,,1,1,0
191307,DEQUINCY MEMORIAL HOSPITAL,110 WEST 4TH STREET,DEQUINCY,LA,70633,CALCASIEU,(337) 786-1200,,,,,,,0,1,0
191308,PREVOST MEMORIAL HOSPITAL,301 MEMORIAL DR,DONALDSONVILLE,LA,70346,ASCENSION,(225) 473-7931,,,,,,,0,1,0
191309,HOOD MEMORIAL HOSPITAL,301 W WALNUT STREET,AMITE,LA,70422,TANGIPAHOA,(985) 748-9485,,,,,,,0,1,0
191310,BAYOU BEND HEALTH SYSTEM,1097 NORTHWEST BLVD,FRANKLIN,LA,70538,ST. MARY,(337) 828-0760,,,,,,,0,1,0
191311,BUNKIE GENERAL HOSPITAL,427 EVERGREEN STREET,BUNKIE,LA,71322,AVOYELLES,(318) 346-6681,Critical Access Hospitals,Government - Hospital District or Authority,1.0,,,,1,1,0
191312,CHRISTUS COUSHATTA HEALTH CARE CENTER,1635 MARVEL STREET,COUSHATTA,LA,71019,RED RIVER,(318) 932-2000,,,,,,,0,1,0
191313,RIVERSIDE MEDICAL CENTER,1900 SOUTH MAIN ST,FRANKLINTON,LA,70438,WASHINGTON,(985) 795-4431,,,,,,,0,1,0
191314,MADISON PARISH HOSPITAL,900 JOHNSON STREET,TALLULAH,LA,71282,MADISON,(318) 574-2374,,,,,,,0,1,0
191315,HARDTNER MEDICAL CENTER,1102 N PINE ROAD,OLLA,LA,71465,LASALLE,(318) 495-3131,Critical Access Hospitals,Government - Hospital District or Authority,1.0,,,,1,1,0
191316,POINTE COUPEE GENERAL HOSPITAL,2202 FALSE RIVER DRIVE,NEW ROADS,LA,70760,POINTE COUPEE,(225) 638-6331,Critical Access Hospitals,Government - Hospital District or Authority,1.0,,,,1,1,0
191317,JACKSON PARISH HOSPITAL,165 BEECH SPRINGS ROAD,JONESBORO,LA,71251,JACKSON,(318) 259-4435,Critical Access Hospitals,Government - Hospital District or Authority,1.0,,,,1,1,0
191318,RIVERLAND MEDICAL CENTER,6569 HWY 84,FERRIDAY,LA,71334,CONCORDIA,(318) 757-6551,,,,,,,0,1,0
191319,ACADIA ST LANDRY,810 SOUTH BROADWAY STREET,CHURCH POINT,LA,70525,ACADIA,(337) 684-5435,,,,,,,0,1,0
191320,BIENVILLE MEDICAL CENTER,1175 PINE STREET,ARCADIA,LA,71001,BIENVILLE,(318) 263-4700,Critical Access Hospitals,Proprietary,1.0,,,,1,1,0
191321,LALLIE KEMP MEDICAL CENTER,52579 HIGHWAY 51 SOUTH,INDEPENDENCE,LA,70443,TANGIPAHOA,(985) 878-1333,Critical Access Hospitals,Government - State,1.0,,,,1,1,0
191322,ABROM KAPLAN MEMORIAL HOSPITAL,1310 WEST SEVENTH STREET,KAPLAN,LA,70548,VERMILION,(337) 643-8300,Critical Access Hospitals,Government - Hospital District or Authority,1.0,,,,1,1,0
191323,RICHLAND PARISH HOSPITAL-DELHI,407 CINCINNATI STREET,DELHI,LA,71232,RICHLAND,(318) 878-5171,Critical Access Hospitals,Government - Hospital District or Authority,1.0,,,,1,1,0
191324,OCHSNER ST ANNE GENERAL HOSPITAL,4608 HIGHWAY 1,RACELAND,LA,70394,LAFOURCHE,(985) 537-6841,Critical Access Hospitals,Voluntary Non-Profit - Other,1.0,,,,1,1,0
191325,LADY OF THE SEA GENERAL HOSPITAL,200 WEST 134TH PLACE,CUT OFF,LA,70345,LAFOURCHE,(985) 632-6401,Critical Access Hospitals,Government - Hospital District or Authority,1.0,,,,1,1,0
191326,REEVES MEMORIAL MEDICAL CENTER,409 FIRST STREET,BERNICE,LA,71222,UNION,(318) 285-9066,Critical Access Hospitals,Government - Hospital District or Authority,1.0,,,,1,1,0
191327,WEST CARROLL MEMORIAL HOSPITAL,706 ROSS STREET,OAK GROVE,LA,71263,WEST CARROLL,(318) 428-3237,,,,,,,0,1,0
193300,CHILDRENS HOSPITAL,200 HENRY CLAY AVE,NEW ORLEANS,LA,70118,ORLEANS,(504) 899-9511,,,,,,,0,1,0
200001,ST JOSEPH HOSPITAL,360 BROADWAY,BANGOR,ME,04401,PENOBSCOT,(207) 262-1000,Acute Care Hospitals,Voluntary Non-Profit - Church,1.0,,,,1,1,0
200002,MILES MEMORIAL HOSPITAL (LINCOLN COUNTY HEALTHCARE,35 MILES STREET,DAMARISCOTTA,ME,04543,LINCOLN,2075631234,Acute Care Hospitals,Voluntary Non-Profit - Private,1.0,,,,1,0,0
200008,NORTHERN LIGHT MERCY HOSPITAL,144 STATE STREET,PORTLAND,ME,04101,CUMBERLAND,(207) 879-3000,Acute Care Hospitals,Voluntary Non-Profit - Church,1.0,,,,1,1,0
200009,MAINEHEALTH MAINE MEDICAL CENTER,22 BRAMHALL ST,PORTLAND,ME,04102,CUMBERLAND,(207) 662-0111,Acute Care Hospitals,Voluntary Non-Profit - Private,1.0,,,,1,1,0
200018,NORTHERN LIGHT  A R GOULD HOSPITAL,PO BOX 151,PRESQUE ISLE,ME,04769,AROOSTOOK,(207) 768-4000,Acute Care Hospitals,Voluntary Non-Profit - Private,1.0,,,,1,1,0
200019,SOUTHERN MAINE MEDICAL CENTER,1 MEDICAL CENTER DRIVE,BIDDEFORD,ME,04005,YORK,2072837000,Acute Care Hospitals,Voluntary Non-Profit - Private,1.0,,,,1,0,0
200020,YORK HOSPITAL,15 HOSPITAL DRIVE,YORK,ME,03909,YORK,(207) 351-2478,Acute Care Hospitals,Voluntary Non-Profit - Private,1.0,,,,1,1,0
200021,MAINEHEALTH MID COAST HOSPITAL,123 MEDICAL CENTER DRIVE,BRUNSWICK,ME,04011,CUMBERLAND,(207) 729-0181,Acute Care Hospitals,Voluntary Non-Profit - Private,1.0,,,,1,1,0
200024,CENTRAL MAINE MEDICAL CENTER,300 MAIN STREET,LEWISTON,ME,04240,ANDROSCOGGIN,(207) 795-0111,Acute Care Hospitals,Voluntary Non-Profit - Private,1.0,,,,1,1,0
200025,PARKVIEW ADVENTIST MEDICAL CENTER,329 MAIN ST,BRUNSWICK,ME,04011,CUMBERLAND,2073732000,Acute Care Hospitals,Voluntary Non-Profit - Church,1.0,,,,1,0,0
200031,CARY MEDICAL CENTER,"163 VAN BUREN RD, SUITE 1",CARIBOU,ME,04736,AROOSTOOK,(207) 498-3111,Acute Care Hospitals,Government - Local,1.0,,,,1,1,0
200033,NORTHERN LIGHT EASTERN MAINE MEDICAL CENTER,489 STATE STREET,BANGOR,ME,04401,PENOBSCOT,(207) 973-7000,Acute Care Hospitals,Voluntary Non-Profit - Private,1.0,,,,1,1,0
200034,ST MARY'S REGIONAL MEDICAL CENTER,93 CAMPUS AVENUE - PO BOX 291,LEWISTON,ME,04243,ANDROSCOGGIN,(207) 777-8100,Acute Care Hospitals,Voluntary Non-Profit - Private,1.0,,,,1,1,0
200037,FRANKLIN MEMORIAL HOSPITAL,111 FRANKLIN HEALTH COMMONS,FARMINGTON,ME,04938,FRANKLIN,2077786031,Acute Care Hospitals,Voluntary Non-Profit - Private,1.0,,,,1,0,0
200039,MAINE GENERAL MEDICAL CENTER,35 MEDICAL CENTER PARKWAY,AUGUSTA,ME,04330,KENNEBEC,(207) 626-1000,Acute Care Hospitals,Voluntary Non-Profit - Other,1.0,,,,1,1,0
20003F,TOGUS VA MEDICAL CENTER,1 VA CENTER,AUGUSTA,ME,04330,KENNEBEC,(207) 623-8411,ACUTE CARE - VETERANS ADMINISTRATION,Government - Federal,1.0,,,,1,1,0
200040,HENRIETTA D GOODALL HOSPITAL,25 JUNE ST,SANFORD,ME,04073,YORK,2073244310,Acute Care Hospitals,Voluntary Non-Profit - Private,1.0,,,,1,0,0
200041,INLAND HOSPITAL,200 KENNEDY MEMORIAL DRIVE,WATERVILLE,ME,04901,KENNEBEC,2078613000,Acute Care Hospitals,Voluntary Non-Profit - Private,1.0,,,,1,0,0
200050,NORTHERN LIGHT MAINE COAST HOSPITAL,50 UNION STREET,ELLSWORTH,ME,04605,HANCOCK,(207) 667-5311,Acute Care Hospitals,Voluntary Non-Profit - Other,1.0,,,,1,1,0
200052,NORTHERN MAINE MEDICAL CENTER,194 E MAIN STREET,FORT KENT,ME,04743,AROOSTOOK,2078343195,Acute Care Hospitals,Voluntary Non-Profit - Private,1.0,,,,1,0,0
200063,MAINEHEALTH PEN BAY HOSPITAL,6 GLEN COVE DRIVE,ROCKPORT,ME,04856,KNOX,(207) 921-8000,Acute Care Hospitals,Voluntary Non-Profit - Private,1.0,,,,1,1,0
201300,NORTHERN LIGHT BLUE HILL MEMORIAL HOSPITAL,57 WATER STREET,BLUE HILL,ME,04614,HANCOCK,(207) 374-2836,Critical Access Hospitals,Voluntary Non-Profit - Private,1.0,,,,1,1,0
201301,NORTHERN LIGHT C A DEAN HOSPITAL,364 PRITHAM AVE,GREENVILLE,ME,04441,PISCATAQUIS,(207) 695-5209,Critical Access Hospitals,Voluntary Non-Profit - Private,1.0,,,,1,1,0
201302,LINCOLNHEALTH,35 MILES STREET,DAMARISCOTTA,ME,04543,LINCOLN,(207) 563-1234,Critical Access Hospitals,Voluntary Non-Profit - Private,1.0,,,,1,1,0
201303,PENOBSCOT VALLEY HOSPITAL,"7 TRANSALPINE ROAD, PO BOX 368",LINCOLN,ME,04457,PENOBSCOT,(207) 794-3321,Critical Access Hospitals,Voluntary Non-Profit - Private,1.0,,,,1,1,0
201304,MOUNT DESERT ISLAND HOSPITAL,10 WAYMAN LANE,BAR HARBOR,ME,04609,HANCOCK,(207) 288-5081,Critical Access Hospitals,Voluntary Non-Profit - Private,1.0,,,,1,1,0
201305,CALAIS COMMUNITY HOSPITAL,24 HOSPITAL LANE,CALAIS,ME,04619,WASHINGTON,(207) 454-7521,Critical Access Hospitals,Voluntary Non-Profit - Private,1.0,,,,1,1,0
201306,RUMFORD  HOSPITAL,420 FRANKLIN STREET,RUMFORD,ME,04276,OXFORD,(207) 369-1000,Critical Access Hospitals,Voluntary Non-Profit - Private,1.0,,,,1,1,0
201307,MILLINOCKET REGIONAL HOSPITAL,200 SOMERSET STREET,MILLINOCKET,ME,04462,PENOBSCOT,(207) 723-5161,Critical Access Hospitals,Voluntary Non-Profit - Private,1.0,,,,1,1,0
201308,HOULTON REGIONAL HOSPITAL,20 HARTFORD STREET,HOULTON,ME,04730,AROOSTOOK,(207) 532-2900,Critical Access Hospitals,Voluntary Non-Profit - Private,1.0,,,,1,1,0
201309,NORTHERN LIGHT MAYO HOSPITAL,897 WEST MAIN STREET,DOVER FOXCROFT,ME,04426,PISCATAQUIS,(207) 564-4251,Critical Access Hospitals,Government - Hospital District or Authority,1.0,,,,1,1,0
201310,BRIDGTON HOSPITAL,10 HOSPITAL DRIVE,BRIDGTON,ME,04009,CUMBERLAND,(207) 647-6000,Critical Access Hospitals,Voluntary Non-Profit - Private,1.0,,,,1,1,0
201311,DOWN EAST COMMUNITY HOSPITAL,11 HOSPITAL DRIVE,MACHIAS,ME,04654,WASHINGTON,(207) 255-3356,Critical Access Hospitals,Voluntary Non-Profit - Private,1.0,,,,1,1,0
201312,MAINEHEALTH WALDO HOSPITAL,118 NORTHPORT AVE,BELFAST,ME,04915,WALDO,(207) 338-2500,Critical Access Hospitals,Voluntary Non-Profit - Private,1.0,,,,1,1,0
201313,NORTHERN LIGHT SEBASTICOOK VALLEY HOSPITAL,447 NORTH MAIN STREET,PITTSFIELD,ME,04967,SOMERSET,(207) 487-5141,Critical Access Hospitals,Voluntary Non-Profit - Private,1.0,,,,1,1,0
201314,REDINGTON FAIRVIEW GENERAL HOSPITAL,46 FAIRVIEW AVE   PO BOX 468,SKOWHEGAN,ME,04976,SOMERSET,(207) 474-5121,Critical Access Hospitals,Voluntary Non-Profit - Other,1.0,,,,1,1,0
201315,MAINEHEALTH STEPHENS HOSPITAL,181 MAIN STREET,NORWAY,ME,04268,OXFORD,(207) 743-5933,Critical Access Hospitals,Voluntary Non-Profit - Private,1.0,,,,1,1,0
201316,MAINEHEALTH FRANKLIN HOSPITAL,111 FRANKLIN HEALTH COMMONS,FARMINGTON,ME,04938,FRANKLIN,(207) 778-6031,,,,,,,0,1,0
201317,NORTHERN MAINE MEDICAL CENTER,194 E MAIN STREET,FORT KENT,ME,04743,AROOSTOOK,(207) 834-3195,,,,,,,0,1,0
210001,MERITUS MEDICAL CENTER,11116 MEDICAL CAMPUS ROAD,HAGERSTOWN,MD,21742,WASHINGTON,(240) 313-9500,Acute Care Hospitals,Voluntary Non-Profit - Private,1.0,,,,1,1,0
210002,UNIVERSITY OF MARYLAND MEDICAL CENTER,22 SOUTH  GREENE STREET,BALTIMORE,MD,21201,BALTIMORE CITY,(410) 328-8667,Acute Care Hospitals,Voluntary Non-Profit - Private,1.0,,,,1,1,0
210003,UNIVERSITY OF MD CAPITAL REGION MEDICAL CENTER,901 NORTH HARRY S TRUMAN DRIVE,UPPER MARLBORO,MD,20774,PRINCE GEORGES,(301) 618-2000,Acute Care Hospitals,Voluntary Non-Profit - Private,1.0,,,,1,1,0
210004,HOLY CROSS HOSPITAL,1500 FOREST GLEN ROAD,SILVER SPRING,MD,20910,MONTGOMERY,(301) 754-7000,Acute Care Hospitals,Voluntary Non-Profit - Church,1.0,,,,1,1,0
210005,FREDERICK HEALTH HOSPITAL,400 WEST SEVENTH ST,FREDERICK,MD,21701,FREDERICK,(240) 566-3300,Acute Care Hospitals,Voluntary Non-Profit - Private,1.0,,,,1,1,0
210006,HARFORD MEMORIAL HOSPITAL,501 S UNION AVE,HAVRE DE GRACE,MD,21078,HARFORD,4436433303,Acute Care Hospitals,Voluntary Non-Profit - Private,1.0,,,,1,0,0
210007,SAINT JOSEPH MEDICAL CENTER,7601 OSLER DRIVE,TOWSON,MD,21204,BALTIMORE,4103371200,Acute Care Hospitals,Voluntary Non-Profit - Church,1.0,,,,1,0,0
210008,MERCY MEDICAL CENTER INC,301 SAINT PAUL PLACE,BALTIMORE,MD,21202,BALTIMORE CITY,(410) 332-9237,Acute Care Hospitals,Voluntary Non-Profit - Church,1.0,,,,1,1,0
210009,"JOHNS HOPKINS HOSPITAL, THE",600 NORTH  WOLFE STREET,BALTIMORE,MD,21287,BALTIMORE CITY,(410) 955-9540,Acute Care Hospitals,Voluntary Non-Profit - Private,1.0,,,,1,1,0
210011,SAINT AGNES HOSPITAL,900 CATON AVENUE,BALTIMORE,MD,21229,BALTIMORE CITY,(410) 368-6000,Acute Care Hospitals,Voluntary Non-Profit - Church,1.0,,,,1,1,0
210012,SINAI HOSPITAL OF BALTIMORE,2401 WEST BELVEDERE AVENUE,BALTIMORE,MD,21215,BALTIMORE CITY,(410) 601-9000,Acute Care Hospitals,Voluntary Non-Profit - Other,1.0,,,,1,1,0
210013,BON SECOURS HOSPITAL,2000 W BALTIMORE STREET,BALTIMORE,MD,21223,BALTIMORE CITY,4103623000,Acute Care Hospitals,Voluntary Non-Profit - Private,1.0,,,,1,0,0
210015,MEDSTAR FRANKLIN SQUARE MEDICAL CENTER,9000 FRANKLIN SQUARE DRIVE,ROSEDALE,MD,21237,BALTIMORE,(443) 777-7850,Acute Care Hospitals,Voluntary Non-Profit - Private,1.0,,,,1,1,0
210016,ADVENTIST HEALTHCARE WHITE OAK MEDICAL CENTER,11890 HEALING WAY,SILVER SPRING,MD,20904,MONTGOMERY,(240) 637-4000,Acute Care Hospitals,Voluntary Non-Profit - Private,1.0,,,,1,1,0
210017,GARRETT REGIONAL MEDICAL CENTER,251 NORTH  FOURTH STREET,OAKLAND,MD,21550,GARRETT,(301) 533-4173,Acute Care Hospitals,Voluntary Non-Profit - Other,1.0,,,,1,1,0
210018,MEDSTAR MONTGOMERY MEDICAL CENTER,18101 PRINCE PHILIP DRIVE,OLNEY,MD,20832,MONTGOMERY,(301) 774-8771,Acute Care Hospitals,Voluntary Non-Profit - Private,1.0,,,,1,1,0
210019,"TIDALHEALTH PENINSULA REGIONAL, INC",100 EAST CARROLL AVENUE,SALISBURY,MD,21801,WICOMICO,(410) 546-6400,Acute Care Hospitals,Voluntary Non-Profit - Private,1.0,,,,1,1,0
210022,SUBURBAN HOSPITAL,8600 OLD GEORGETOWN ROAD,BETHESDA,MD,20814,MONTGOMERY,(301) 896-2576,Acute Care Hospitals,Voluntary Non-Profit - Private,1.0,,,,1,1,0
210023,"LUMINIS HEALTH ANNE ARUNDEL MEDICAL CENTER, INC",2001 MEDICAL PARKWAY,ANNAPOLIS,MD,21401,ANNE ARUNDEL,(443) 481-1000,Acute Care Hospitals,Voluntary Non-Profit - Private,1.0,,,,1,1,0
210024,MEDSTAR UNION MEMORIAL HOSPITAL,201 EAST UNIVERSITY PARKWAY,BALTIMORE,MD,21218,BALTIMORE CITY,(410) 554-2227,Acute Care Hospitals,Voluntary Non-Profit - Other,1.0,,,,1,1,0
210027,WESTERN MARYLAND REGIONAL MEDICAL CENTER,12500 WILLOWBROOK ROAD,CUMBERLAND,MD,21502,ALLEGANY,(240) 964-7000,Acute Care Hospitals,Voluntary Non-Profit - Private,1.0,,,,1,1,0
210028,MEDSTAR SAINT MARY'S HOSPITAL,25500 POINT LOOKOUT ROAD,LEONARDTOWN,MD,20650,ST. MARYS,(301) 475-6001,Acute Care Hospitals,Voluntary Non-Profit - Private,1.0,,,,1,1,0
210029,JOHNS HOPKINS BAYVIEW MEDICAL CENTER,4940 EASTERN AVENUE,BALTIMORE,MD,21224,BALTIMORE CITY,(410) 550-0123,Acute Care Hospitals,Voluntary Non-Profit - Private,1.0,,,,1,1,0
210030,UNIVERSITY OF MD SHORE MEDICAL CTR AT CHESTERTOWN,100 BROWN STREET,CHESTERTOWN,MD,21620,KENT,(410) 778-7668,Acute Care Hospitals,Voluntary Non-Profit - Private,1.0,,,,1,1,0
210032,UNION HOSPITAL OF CECIL COUNTY,106 BOW STREET,ELKTON,MD,21921,CECIL,(410) 392-7009,Acute Care Hospitals,Voluntary Non-Profit - Private,1.0,,,,1,1,0
210033,CARROLL HOSPITAL CENTER,200 MEMORIAL AVENUE,WESTMINSTER,MD,21157,CARROLL,(410) 848-3000,Acute Care Hospitals,Voluntary Non-Profit - Private,1.0,,,,1,1,0
210034,MEDSTAR HARBOR HOSPITAL,3001 SOUTH  HANOVER STREET,BALTIMORE,MD,21225,BALTIMORE CITY,(410) 350-3201,Acute Care Hospitals,Voluntary Non-Profit - Private,1.0,,,,1,1,0
210035,UNIVERSITY OF MD CHARLES REGIONAL  MEDICAL CENTER,5 GARRETT AVENUE,LA PLATA,MD,20646,CHARLES,(301) 609-4265,Acute Care Hospitals,Voluntary Non-Profit - Private,1.0,,,,1,1,0
210037,UNIVERSITY OF MD SHORE MEDICAL CENTER AT EASTON,219 SOUTH  WASHINGTON STREET,EASTON,MD,21601,TALBOT,(410) 822-1000,Acute Care Hospitals,Voluntary Non-Profit - Private,1.0,,,,1,1,0
210038,UNIVERSITY OF MD MEDICAL CENTER MIDTOWN CAMPUS,827 LINDEN AVENUE,BALTIMORE,MD,21201,BALTIMORE CITY,(410) 225-8996,Acute Care Hospitals,Voluntary Non-Profit - Other,1.0,,,,1,1,0
210039,CALVERTHEALTH MEDICAL CENTER,100 HOSPITAL ROAD,PRINCE FREDERICK,MD,20678,CALVERT,(410) 535-8240,Acute Care Hospitals,Voluntary Non-Profit - Other,1.0,,,,1,1,0
210040,NORTHWEST HOSPITAL CENTER,5401 OLD COURT ROAD,RANDALLSTOWN,MD,21133,BALTIMORE,(410) 521-2200,Acute Care Hospitals,Voluntary Non-Profit - Other,1.0,,,,1,1,0
210043,UNIVERSITY OF MD BALTIMORE WASHINGTON MEDICAL CENTER,301 HOSPITAL DRIVE,GLEN BURNIE,MD,21061,ANNE ARUNDEL,(410) 595-1967,Acute Care Hospitals,Voluntary Non-Profit - Other,1.0,,,,1,1,0
210044,GREATER BALTIMORE MEDICAL CENTER,6701 NORTH  CHARLES STREET,BALTIMORE,MD,21204,BALTIMORE,(443) 849-2000,Acute Care Hospitals,Voluntary Non-Profit - Private,1.0,,,,1,1,0
210045,EDWARD MCCREADY MEMORIAL HOSPITAL,201 HALL HIGHWAY,CRISFIELD,MD,21817,SOMERSET,4109683011,Acute Care Hospitals,Voluntary Non-Profit - Private,1.0,,,,1,0,0
210048,JOHNS HOPKINS HOWARD COUNTY MEDICAL CENTER,5755 CEDAR LANE,COLUMBIA,MD,21044,HOWARD,(410) 740-7890,Acute Care Hospitals,Voluntary Non-Profit - Private,1.0,,,,1,1,0
210049,UMD UPPER CHESAPEAKE MEDICAL CENTER,500 UPPER CHESAPEAKE DRIVE,BEL AIR,MD,21014,HARFORD,(443) 643-3303,Acute Care Hospitals,Voluntary Non-Profit - Other,1.0,,,,1,1,0
210051,"LUMINIS HEALTH DOCTORS COMMUNITY MEDICAL CTR, INC",8118 GOOD LUCK ROAD,LANHAM,MD,20706,PRINCE GEORGES,(301) 552-8118,Acute Care Hospitals,Proprietary,1.0,,,,1,1,0
210054,SOUTHERN MARYLAND HOSPITAL CENTER,7503 SURRATTS RD,CLINTON,MD,20735,PRINCE GEORGES,3018774530,Acute Care Hospitals,Proprietary,1.0,,,,1,0,0
210055,LAUREL REGIONAL MEDICAL CENTER,7300 VAN DUSEN ROAD,LAUREL,MD,20707,PRINCE GEORGES,3014977953,Acute Care Hospitals,Voluntary Non-Profit - Private,1.0,,,,1,0,0
210056,MEDSTAR GOOD SAMARITAN HOSPITAL,5601 LOCH RAVEN BOULEVARD,BALTIMORE,MD,21239,BALTIMORE CITY,(443) 444-3902,Acute Care Hospitals,Voluntary Non-Profit - Other,1.0,,,,1,1,0
210057,ADVENTIST HEALTHCARE SHADY GROVE MEDICAL CENTER,9901 MEDICAL CENTER DRIVE,ROCKVILLE,MD,20850,MONTGOMERY,(240) 826-6517,Acute Care Hospitals,Voluntary Non-Profit - Church,1.0,,,,1,1,0
210058,UMD REHABILITATION &  ORTHOPAEDIC INSTITUTE,2200 KERNAN DRIVE,BALTIMORE,MD,21207,BALTIMORE,(410) 448-6701,Acute Care Hospitals,Voluntary Non-Profit - Other,0.0,,,,1,1,0
210060,ADVENTIST HEALTHCARE FORT WASHINGTON MEDICAL CTR,11711 LIVINGSTON ROAD,FORT WASHINGTON,MD,20744,PRINCE GEORGES,(301) 292-7000,Acute Care Hospitals,Voluntary Non-Profit - Other,1.0,,,,1,1,0
210061,ATLANTIC GENERAL HOSPITAL,9733 HEALTHWAY DRIVE,BERLIN,MD,21811,WORCESTER,(410) 641-1100,Acute Care Hospitals,Voluntary Non-Profit - Private,1.0,,,,1,1,0
210062,MEDSTAR SOUTHERN MARYLAND HOSPITAL CENTER,7503 SURRATTS ROAD,CLINTON,MD,20735,PRINCE GEORGES,(301) 868-8000,,,,,,,0,1,0
210063,UNIVERSITY OF MD ST JOSEPH MEDICAL CENTER,7601 OSLER DRIVE,TOWSON,MD,21204,BALTIMORE,(410) 337-1000,,,,,,,0,1,0
210064,LEVINDALE HEBREW GERIATRIC CENTER AND HOSPITAL,2434 WEST BELVEDERE AVENUE,BALTIMORE,MD,21209,BALTIMORE CITY,(410) 601-2400,,,,,,,0,1,0
210065,HOLY CROSS GERMANTOWN HOSPITAL,19801 OBSERVATION DRIVE,GERMANTOWN,MD,20876,MONTGOMERY,(301) 557-6020,,,,,,,0,1,0
21007F,Walter Reed National Military Med Cen,4494 Palmer Rd N,Bethesda,MD,20814,MONTGOMERY,(301) 295-4000,,,,,,,0,1,0
21010F,VA MARYLAND HEALTHCARE SYSTEM - PERRY POINT,VA MEDICAL CENTER,PERRY POINT,MD,21902,CECIL,(410) 642-2411,,,,,,,0,1,0
21020F,VA MARYLAND HEALTHCARE SYSTEM - BALTIMORE,10 NORTH GREENE STREET,BALTIMORE,MD,21201,BALTIMORE CITY,(410) 605-7016,ACUTE CARE - VETERANS ADMINISTRATION,Government - Federal,1.0,,,,1,1,0
213300,MOUNT WASHINGTON PEDIATRIC HOSPITAL,1708 WEST ROGERS AVENUE,BALTIMORE,MD,21209,BALTIMORE CITY,(410) 578-5050,,,,,,,0,1,0
213301,KENNEDY KRIEGER INSTITUTE,707 NORTH  BROADWAY,BALTIMORE,MD,21205,BALTIMORE CITY,(443) 923-9301,,,,,,,0,1,0
220001,UMASS MEMORIAL HEALTHALLIANCE HOSPITALS,60 HOSPITAL ROAD,LEOMINSTER,MA,01453,WORCESTER,(978) 466-2000,Acute Care Hospitals,Voluntary Non-Profit - Other,1.0,,,,1,1,0
220002,MOUNT AUBURN HOSPITAL,330 MOUNT AUBURN STREET,CAMBRIDGE,MA,02138,MIDDLESEX,(617) 492-3500,Acute Care Hospitals,Voluntary Non-Profit - Private,1.0,,,,1,1,0
220008,STURDY MEMORIAL HOSPITAL,211 PARK STREET,ATTLEBORO,MA,02703,BRISTOL,(508) 222-5200,Acute Care Hospitals,Voluntary Non-Profit - Other,1.0,,,,1,1,0
220010,LAWRENCE GENERAL HOSPITAL,ONE GENERAL STREET,LAWRENCE,MA,01842,ESSEX,(978) 683-4000,Acute Care Hospitals,Voluntary Non-Profit - Private,1.0,,,,1,1,0
220011,CAMBRIDGE HEALTH ALLIANCE,1493 CAMBRIDGE STREET,CAMBRIDGE,MA,02139,MIDDLESEX,(617) 665-1000,Acute Care Hospitals,Government - Local,1.0,,,,1,1,0
220012,CAPE COD HOSPITAL,27 PARK STREET,HYANNIS,MA,02601,BARNSTABLE,(508) 771-1800,Acute Care Hospitals,Voluntary Non-Profit - Private,1.0,,,,1,1,0
220015,"COOLEY DICKINSON HOSPITAL INC,THE",30 LOCUST STREET,NORTHAMPTON,MA,01061,HAMPSHIRE,(413) 582-2000,Acute Care Hospitals,Voluntary Non-Profit - Private,1.0,,,,1,1,0
220016,BAYSTATE FRANKLIN MEDICAL CENTER,164 HIGH STREET,GREENFIELD,MA,01301,FRANKLIN,(413) 773-0211,Acute Care Hospitals,Voluntary Non-Profit - Private,1.0,,,,1,1,0
220017,CARNEY HOSPITAL,2100 DORCHESTER AVENUE,BOSTON,MA,02124,SUFFOLK,(617) 506-2000,Acute Care Hospitals,Proprietary,1.0,,,,1,1,0
220019,UMASS MEMORIAL HEALTH - HARRINGTON HOSPITAL,100 SOUTH STREET,SOUTHBRIDGE,MA,01550,WORCESTER,(508) 765-9771,Acute Care Hospitals,Voluntary Non-Profit - Private,1.0,,,,1,1,0
22001F,BEDFORD VA MEDICAL CENTER,200 SPRINGS ROAD,BEDFORD,MA,01730,MIDDLESEX,(781) 275-7500,ACUTE CARE - VETERANS ADMINISTRATION,Government - Federal,1.0,,,,1,1,0
220020,SAINT ANNE'S HOSPITAL,795 MIDDLE STREET,FALL RIVER,MA,02721,BRISTOL,(508) 674-5600,Acute Care Hospitals,Proprietary,1.0,,,,1,1,0
220024,HOLYOKE MEDICAL CENTER,575 BEECH STREET,HOLYOKE,MA,01040,HAMPDEN,(413) 534-2500,Acute Care Hospitals,Voluntary Non-Profit - Private,1.0,,,,1,1,0
220029,ANNA JAQUES HOSPITAL,25 HIGHLAND AVENUE,NEWBURYPORT,MA,01950,ESSEX,(978) 463-1000,Acute Care Hospitals,Voluntary Non-Profit - Private,1.0,,,,1,1,0
220030,BAYSTATE WING HOSPITAL,40 WRIGHT STREET,PALMER,MA,01069,HAMPDEN,(413) 283-7651,Acute Care Hospitals,Voluntary Non-Profit - Other,1.0,,,,1,1,0
220031,BOSTON MEDICAL CENTER,1 BOSTON MEDICAL CENTER PLACE,BOSTON,MA,02118,SUFFOLK,(617) 638-8000,Acute Care Hospitals,Voluntary Non-Profit - Private,1.0,,,,1,1,0
220033,NORTHEAST HOSPITAL CORPORATION,85 HERRICK STREET,BEVERLY,MA,01915,ESSEX,(978) 922-3000,Acute Care Hospitals,Voluntary Non-Profit - Private,1.0,,,,1,1,0
220035,NORTH SHORE MEDICAL CENTER -,81 HIGHLAND AVENUE,SALEM,MA,01970,ESSEX,(978) 741-1215,Acute Care Hospitals,Voluntary Non-Profit - Private,1.0,,,,1,1,0
220036,BOSTON MEDICAL CENTER-BRIGHTON,736 CAMBRIDGE STREET,BRIGHTON,MA,02135,SUFFOLK,(617) 789-3000,Acute Care Hospitals,Proprietary,1.0,,,,1,1,0
220046,BERKSHIRE MEDICAL CENTER,725 NORTH STREET,PITTSFIELD,MA,01201,BERKSHIRE,(413) 447-2000,Acute Care Hospitals,Voluntary Non-Profit - Other,1.0,,,,1,1,0
220049,UMASS MEMORIAL HEALTHCARE-MARLBOROUGH HOSPITAL,157 UNION STREET,MARLBOROUGH,MA,01752,MIDDLESEX,(508) 481-5000,Acute Care Hospitals,Voluntary Non-Profit - Private,1.0,,,,1,1,0
220050,BAYSTATE MARY LANE HOSPITAL,85 SOUTH STREET,WARE,MA,01082,HAMPSHIRE,4139676211,Acute Care Hospitals,Voluntary Non-Profit - Private,1.0,,,,1,0,0
220051,NORTH ADAMS REGIONAL HOSPITAL,71 HOSPITAL AVENUE,NORTH ADAMS,MA,01247,BERKSHIRE,4136645000,Acute Care Hospitals,Voluntary Non-Profit - Private,1.0,,,,1,0,0
220052,SIGNATURE HEALTHCARE BROCKTON HOSPITAL,680 CENTER STREET,BROCKTON,MA,02302,PLYMOUTH,(508) 941-7000,Acute Care Hospitals,Voluntary Non-Profit - Other,1.0,,,,1,1,0
220058,CLINTON HOSPITAL ASSOCIATION,201 HIGHLAND STREET,CLINTON,MA,01510,WORCESTER,9783683000,Acute Care Hospitals,Voluntary Non-Profit - Other,1.0,,,,1,0,0
220060,BETH ISRAEL DEACONESS HOSPITAL PLYMOUTH,275 SANDWICH STREET,PLYMOUTH,MA,02360,PLYMOUTH,(508) 746-2000,Acute Care Hospitals,Voluntary Non-Profit - Private,1.0,,,,1,1,0
220062,ADCARE HOSPITAL OF WORCESTER INC,107 LINCOLN STREET,WORCESTER,MA,01605,WORCESTER,(508) 799-9000,Acute Care Hospitals,Voluntary Non-Profit - Church,0.0,,,,1,1,0
220063,LOWELL GENERAL HOSPITAL,295 VARNUM AVENUE,LOWELL,MA,01854,MIDDLESEX,(978) 937-6000,Acute Care Hospitals,Voluntary Non-Profit - Private,1.0,,,,1,1,0
220065,BAYSTATE NOBLE HOSPITAL,115 WEST SILVER STREET,WESTFIELD,MA,01086,HAMPDEN,(413) 568-2811,Acute Care Hospitals,Government - Federal,1.0,,,,1,1,0
220066,MERCY MEDICAL CTR,271 CAREW STREET,SPRINGFIELD,MA,01104,HAMPDEN,(413) 748-9000,Acute Care Hospitals,Voluntary Non-Profit - Private,1.0,,,,1,1,0
220067,QUINCY MEDICAL CENTER,114 WHITWELL STREET,QUINCY,MA,02169,NORFOLK,6177736100,Acute Care Hospitals,Proprietary,1.0,,,,1,0,0
220070,MELROSEWAKEFIELD HEALTHCARE,585 LEBANON STREET,MELROSE,MA,02176,MIDDLESEX,(781) 979-3000,Acute Care Hospitals,Voluntary Non-Profit - Private,1.0,,,,1,1,0
220071,MASSACHUSETTS GENERAL HOSPITAL,55 FRUIT STREET,BOSTON,MA,02114,SUFFOLK,(617) 726-2000,Acute Care Hospitals,Voluntary Non-Profit - Private,1.0,,,,1,1,0
220073,BROWN UNIVERSITY HEALTH MORTON HOSPITAL,88 WASHINGTON STREET,TAUNTON,MA,02780,BRISTOL,(508) 828-7000,Acute Care Hospitals,Proprietary,1.0,,,,1,1,0
220074,SOUTHCOAST HOSPITALS GROUP,363 HIGHLAND AVENUE,FALL RIVER,MA,02720,BRISTOL,(508) 679-3131,Acute Care Hospitals,Voluntary Non-Profit - Private,1.0,,,,1,1,0
220075,MASSACHUSETTS EYE AND EAR INFIRMARY -,243 CHARLES STREET,BOSTON,MA,02114,SUFFOLK,(617) 523-7900,Acute Care Hospitals,Voluntary Non-Profit - Private,1.0,,,,1,1,0
220077,BAYSTATE MEDICAL CENTER,759 CHESTNUT STREET,SPRINGFIELD,MA,01199,HAMPDEN,(413) 794-0000,Acute Care Hospitals,Voluntary Non-Profit - Private,1.0,,,,1,1,0
220080,HOLY FAMILY HOSPITAL,70 EAST STREET,METHUEN,MA,01844,ESSEX,(978) 687-0156,Acute Care Hospitals,Proprietary,1.0,,,,1,1,0
220082,SAINTS  MEDICAL CENTER INC,1 HOSPITAL DRIVE,LOWELL,MA,01852,MIDDLESEX,9784581411,Acute Care Hospitals,Voluntary Non-Profit - Church,1.0,,,,1,0,0
220083,BETH ISRAEL DEACONESS HOSPITAL - NEEDHAM,148 CHESTNUT STREET,NEEDHAM,MA,02494,NORFOLK,(781) 453-3002,Acute Care Hospitals,Government - Local,1.0,,,,1,1,0
220084,EMERSON HOSPITAL -,133 OLD ROAD TO 9 ACRE CORNER,W CONCORD,MA,01742,MIDDLESEX,(978) 369-1400,Acute Care Hospitals,Voluntary Non-Profit - Private,1.0,,,,1,1,0
220086,BETH ISRAEL DEACONESS MEDICAL CENTER,330 BROOKLINE AVENUE,BOSTON,MA,02215,SUFFOLK,(617) 667-7000,Acute Care Hospitals,Voluntary Non-Profit - Private,1.0,,,,1,1,0
220088,NEW ENGLAND BAPTIST HOSPITAL,125 PARKER HILL AVENUE,BOSTON,MA,02120,SUFFOLK,(617) 754-5800,Acute Care Hospitals,Voluntary Non-Profit - Private,0.0,,,,1,1,0
220090,MILFORD REGIONAL MEDICAL CENTER,14 PROSPECT STREET,MILFORD,MA,01757,WORCESTER,(508) 473-1190,Acute Care Hospitals,Voluntary Non-Profit - Other,1.0,,,,1,1,0
220095,HEYWOOD HOSPITAL -,242 GREEN STREET,GARDNER,MA,01440,WORCESTER,(978) 632-3420,Acute Care Hospitals,Voluntary Non-Profit - Private,1.0,,,,1,1,0
220098,NASHOBA VALLEY MEDICAL CENTER,200 GROTON ROAD,AYER,MA,01432,MIDDLESEX,(978) 784-9000,Acute Care Hospitals,Proprietary,1.0,,,,1,1,0
22009F,NORTHAMPTON VA MEDICAL CENTER,421 N MAIN ST,LEEDS,MA,01053,HAMPSHIRE,(413) 584-4040,ACUTE CARE - VETERANS ADMINISTRATION,Government - Federal,1.0,,,,1,1,0
220100,SOUTH SHORE HOSPITAL,55 FOGG ROAD,SOUTH WEYMOUTH,MA,02190,NORFOLK,(781) 340-8000,Acute Care Hospitals,Voluntary Non-Profit - Private,1.0,,,,1,1,0
220101,NEWTON-WELLESLEY HOSPITAL,2014 WASHINGTON STREET,NEWTON,MA,02462,MIDDLESEX,(617) 243-6000,Acute Care Hospitals,Voluntary Non-Profit - Other,1.0,,,,1,1,0
220105,WINCHESTER HOSPITAL,41 HIGHLAND AVENUE,WINCHESTER,MA,01890,MIDDLESEX,(781) 729-9000,Acute Care Hospitals,Voluntary Non-Profit - Other,1.0,,,,1,1,0
220108,BETH ISRAEL DEACONESS HOSPITAL - MILTON,199 REEDSDALE ROAD,MILTON,MA,02186,NORFOLK,(617) 696-4600,Acute Care Hospitals,Government - Federal,1.0,,,,1,1,0
22010F,VA BOSTON HEALTHCARE SYSTEM - JAMAICA PLAIN,150 S. HUNTINGTON AVENUE,JAMAICA PLAIN,MA,02130,SUFFOLK,(617) 232-9500,ACUTE CARE - VETERANS ADMINISTRATION,Government - Federal,1.0,,,,1,1,0
220110,BRIGHAM AND WOMEN'S HOSPITAL,75 FRANCIS STREET,BOSTON,MA,02115,SUFFOLK,(617) 732-5500,Acute Care Hospitals,Voluntary Non-Profit - Private,1.0,,,,1,1,0
220111,GOOD SAMARITAN MEDICAL CENTER,235 NORTH PEARL STREET,BROCKTON,MA,02301,PLYMOUTH,(508) 427-3000,Acute Care Hospitals,Proprietary,1.0,,,,1,1,0
220116,TUFTS MEDICAL CENTER,800 WASHINGTON STREET,BOSTON,MA,02111,SUFFOLK,(617) 636-5000,Acute Care Hospitals,Voluntary Non-Profit - Private,1.0,,,,1,1,0
220119,BRIGHAM AND WOMEN FAULKNER HOSPITAL,1153 CENTRE STREET,JAMAICA PLAIN,MA,02130,SUFFOLK,(617) 983-7000,Acute Care Hospitals,Voluntary Non-Profit - Private,1.0,,,,1,1,0
220126,NORWOOD HOSPITAL,800 WASHINGTON STREET,NORWOOD,MA,02062,NORFOLK,(781) 769-4000,Acute Care Hospitals,Proprietary,1.0,,,,1,1,0
220135,FALMOUTH HOSPITAL,67 & 100 TER HEUN DRIVE,FALMOUTH,MA,02540,BARNSTABLE,(508) 548-5300,Acute Care Hospitals,Voluntary Non-Profit - Private,1.0,,,,1,1,0
220162,DANA-FARBER CANCER INSTITUTE,450 BROOKLINE AVENUE,BOSTON,MA,02115,SUFFOLK,6176323000,Acute Care Hospitals,Voluntary Non-Profit - Private,0.0,,,,1,0,0
220163,UMASS MEMORIAL MEDICAL CENTER/UNIVERSITY CAMPUS,55 LAKE AVENUE NORTH,WORCESTER,MA,01655,WORCESTER,(508) 334-1000,Acute Care Hospitals,Voluntary Non-Profit - Private,1.0,,,,1,1,0
220171,"LAHEY HOSPITAL & MEDICAL CENTER, BURLINGTON",41 & 45 MALL ROAD,BURLINGTON,MA,01803,MIDDLESEX,(781) 744-5100,Acute Care Hospitals,Voluntary Non-Profit - Other,1.0,,,,1,1,0
220174,MERRIMACK VALLEY HOSPITAL,140 LINCOLN AVENUE,HAVERHILL,MA,01830,ESSEX,9783742000,Acute Care Hospitals,Proprietary,1.0,,,,1,0,0
220175,METROWEST MEDICAL CENTER,115 LINCOLN STREET,FRAMINGHAM,MA,01701,MIDDLESEX,(508) 383-1000,Acute Care Hospitals,Voluntary Non-Profit - Private,1.0,,,,1,1,0
220176,ST VINCENT HOSPITAL,123 SUMMER STREET,WORCESTER,MA,01608,WORCESTER,(508) 363-5000,Acute Care Hospitals,Proprietary,1.0,,,,1,1,0
220177,NANTUCKET COTTAGE HOSPITAL,57 PROSPECT STREET,NANTUCKET,MA,02554,NANTUCKET,(508) 228-1200,Acute Care Hospitals,Voluntary Non-Profit - Private,1.0,,,,1,1,0
221300,MARTHA'S VINEYARD HOSPITAL INC,"ONE HOSPITAL ROAD, FIRST FL, WING 5,  PO BOX 1477",OAK BLUFFS,MA,02557,DUKES,(508) 693-0410,Critical Access Hospitals,Voluntary Non-Profit - Private,1.0,,,,1,1,0
221302,FAIRVIEW HOSPITAL,29 LEWIS AVENUE,GREAT BARRINGTON,MA,01230,BERKSHIRE,(413) 528-0790,Critical Access Hospitals,Voluntary Non-Profit - Other,1.0,,,,1,1,0
221303,ATHOL MEMORIAL HOSPITAL,2033 MAIN STREET,ATHOL,MA,01331,WORCESTER,(978) 249-3511,Critical Access Hospitals,Voluntary Non-Profit - Private,1.0,,,,1,1,0
221304,NORTH ADAMS REGIONAL HOSPITAL CORPORATION,71 HOSPITAL AVENUE,NORTH ADAMS,MA,01247,BERKSHIRE,(413) 664-5000,,,,,,,0,1,0
223300,FRANCISCAN CHILDREN'S HOSPITAL & REHAB CENTER,30 WARREN STREET,BRIGHTON,MA,02135,SUFFOLK,(617) 254-3800,,,,,,,0,1,0
223302,BOSTON CHILDREN'S HOSPITAL,300 LONGWOOD AVENUE,BOSTON,MA,02115,SUFFOLK,(617) 735-6000,Childrens,Voluntary Non-Profit - Private,1.0,,,,1,1,0
223304,THE SHRINERS' HOSPITAL FOR CHILDREN - BOSTON,51 BLOSSOM STREET,BOSTON,MA,02114,SUFFOLK,(617) 722-3000,,,,,,,0,1,0
230002,ST JOE MERCY HOSPITAL SYSTEM LIVONIA,36475 FIVE MILE ROAD,LIVONIA,MI,48154,WAYNE,(734) 655-4800,Acute Care Hospitals,Voluntary Non-Profit - Church,1.0,,,,1,1,0
230003,COREWELL HEALTH ZEELAND HOSPITAL,8333 FELCH ST,ZEELAND,MI,49464,OTTAWA,(616) 772-4644,Acute Care Hospitals,Voluntary Non-Profit - Private,1.0,,,,1,1,0
230004,"MERCY HEALTH PARTNERS, MERCY CAMPUS",1500 E SHERMAN BOULEVARD,MUSKEGON,MI,49444,MUSKEGON,2316723901,Acute Care Hospitals,Voluntary Non-Profit - Church,1.0,,,,1,0,0
230005,PROMEDICA CHARLES AND VIRGINIA HICKMAN HOSPITAL,5640 N ADRIAN HIGHWAY,ADRIAN,MI,49221,LENAWEE,(517) 265-0900,Acute Care Hospitals,Voluntary Non-Profit - Other,1.0,,,,1,1,0
230013,DOCTORS' HOSPITAL OF MICHIGAN,461 W HURON ST,PONTIAC,MI,48341,OAKLAND,2488577200,Acute Care Hospitals,Proprietary,1.0,,,,1,0,0
230015,THREE RIVERS HEALTH,701 S HEALTH PARKWAY,THREE RIVERS,MI,49093,ST. JOSEPH,(269) 273-9602,Acute Care Hospitals,Government - Hospital District or Authority,1.0,,,,1,1,0
230017,BRONSON METHODIST HOSPITAL,601 JOHN STREET,KALAMAZOO,MI,49007,KALAMAZOO,(269) 341-6000,Acute Care Hospitals,Voluntary Non-Profit - Private,1.0,,,,1,1,0
230019,"ASCENSION PROVIDENCE HOSPITAL, SOUTHFIELD AND NOVI",16001 W NINE MILE RD,SOUTHFIELD,MI,48075,OAKLAND,(248) 849-3000,Acute Care Hospitals,Voluntary Non-Profit - Church,1.0,,,,1,1,0
230020,BEAUMONT HOSPITAL - DEARBORN,18101 OAKWOOD BLVD,DEARBORN,MI,48124,WAYNE,(313) 593-7125,Acute Care Hospitals,Proprietary,1.0,,,,1,1,0
230021,"LAKELAND HOSPITAL, ST JOSEPH",1234 NAPIER AVENUE,ST JOSEPH,MI,49085,BERRIEN,(269) 983-8300,Acute Care Hospitals,Voluntary Non-Profit - Private,1.0,,,,1,1,0
230022,INSIGHT HOSPITAL AND MEDICAL CENTER COLDWATER,274 E CHICAGO ST,COLDWATER,MI,49036,BRANCH,(517) 279-5489,Acute Care Hospitals,Government - Local,1.0,,,,1,1,0
230024,SINAI-GRACE HOSPITAL,6071 W OUTER DRIVE,DETROIT,MI,48235,WAYNE,(313) 966-3300,Acute Care Hospitals,Voluntary Non-Profit - Other,1.0,,,,1,1,0
230029,TRINITY HEALTH OAKLAND HOSPITAL,44405 WOODWARD AVE,PONTIAC,MI,48341,OAKLAND,(248) 858-3000,Acute Care Hospitals,Voluntary Non-Profit - Private,1.0,,,,1,1,0
230030,MYMICHIGAN MEDICAL CENTER ALMA,300 E WARWICK DR,ALMA,MI,48801,GRATIOT,(989) 463-1101,Acute Care Hospitals,Voluntary Non-Profit - Private,1.0,,,,1,1,0
230031,LAKE HURON MEDICAL CENTER,2601 ELECTRIC AVENUE,PORT HURON,MI,48060,ST. CLAIR,(810) 985-1500,Acute Care Hospitals,Voluntary Non-Profit - Church,1.0,,,,1,1,0
230035,SPECTRUM HEALTH UNITED HOSPITAL,615 S BOWER STREET,GREENVILLE,MI,48838,MONTCALM,(616) 754-4691,Acute Care Hospitals,Voluntary Non-Profit - Other,1.0,,,,1,1,0
230036,MYMICHIGAN MEDICAL CENTER ALPENA,1501 W CHISHOLM ST,ALPENA,MI,49707,ALPENA,(989) 356-7390,Acute Care Hospitals,Proprietary,1.0,,,,1,1,0
230037,HILLSDALE HOSPITAL,168 S HOWELL STREET,HILLSDALE,MI,49242,HILLSDALE,(517) 437-4451,Acute Care Hospitals,Government - Federal,1.0,,,,1,1,0
230038,SPECTRUM HEALTH,100 MICHIGAN ST NE,GRAND RAPIDS,MI,49503,KENT,(616) 391-1774,Acute Care Hospitals,Voluntary Non-Profit - Private,1.0,,,,1,1,0
230040,PENNOCK HOSPITAL,1009 W GREEN ST,HASTINGS,MI,49058,BARRY,2699453451,Acute Care Hospitals,Voluntary Non-Profit - Other,1.0,,,,1,0,0
230041,MCLAREN BAY REGION,1900 COLUMBUS AVE,BAY CITY,MI,48708,BAY,(989) 894-9510,Acute Care Hospitals,Voluntary Non-Profit - Other,1.0,,,,1,1,0
230046,UNIVERSITY OF MICHIGAN HEALTH SYSTEM,"1500 E MEDICAL CENTER DRIVE, SPC 5474",ANN ARBOR,MI,48109,WASHTENAW,(734) 764-1505,Acute Care Hospitals,Voluntary Non-Profit - Private,1.0,,,,1,1,0
230047,HENRY FORD MACOMB HOSPITAL,15855 NINETEEN MILE RD,CLINTON TOWNSHIP,MI,48038,MACOMB,(586) 263-2300,Acute Care Hospitals,Proprietary,1.0,,,,1,1,0
230053,HENRY FORD HEALTH HOSPITAL,2799 W GRAND BLVD,DETROIT,MI,48202,WAYNE,(313) 916-2600,Acute Care Hospitals,Voluntary Non-Profit - Private,1.0,,,,1,1,0
230054,UPHS MARQUETTE DLP HOSPITAL,850 W BARAGA AVE,MARQUETTE,MI,49855,MARQUETTE,(906) 228-9440,Acute Care Hospitals,Government - Local,1.0,,,,1,1,0
230055,DICKINSON COUNTY MEMORIAL HOSPITAL,1721 S STEPHENSON AVE,IRON MOUNTAIN,MI,49801,DICKINSON,(906) 774-1313,Acute Care Hospitals,Government - Local,1.0,,,,1,1,0
230058,MUNSON HEALTHCARE GRAYLING HOSPITAL,1100 E MICHIGAN AVE,GRAYLING,MI,49738,CRAWFORD,(989) 348-5461,Acute Care Hospitals,Voluntary Non-Profit - Church,1.0,,,,1,1,0
230059,MERCY HEALTH SAINT MARY'S,200 JEFFERSON AVENUE SE,GRAND RAPIDS,MI,49503,KENT,(616) 685-5000,Acute Care Hospitals,Voluntary Non-Profit - Church,1.0,,,,1,1,0
23005F,IRON MOUNTAIN MI VA MEDICAL CENTER,325 EAST H STREET,IRON MOUNTAIN,MI,49801,DICKINSON,(906) 774-3300,ACUTE CARE - VETERANS ADMINISTRATION,Government - Federal,1.0,,,,1,1,0
230066,TRINITY HEALTH MUSKEGON HOSPITAL,1500 E SHERMAN BLVD,MUSKEGON,MI,49441,MUSKEGON,(231) 726-3511,Acute Care Hospitals,Voluntary Non-Profit - Private,1.0,,,,1,1,0
230069,TRINITY HEALTH LIVINGSTON HOSPITAL,620 BYRON RD,HOWELL,MI,48843,LIVINGSTON,(517) 545-6000,Acute Care Hospitals,Voluntary Non-Profit - Other,1.0,,,,1,1,0
230070,COVENANT MEDICAL CENTER,1447 N HARRISON,SAGINAW,MI,48602,SAGINAW,(989) 583-6000,Acute Care Hospitals,Voluntary Non-Profit - Other,1.0,,,,1,1,0
230071,STRAITH HOSPITAL FOR SPECIAL SURGERY,23901 LAHSER,SOUTHFIELD,MI,48033,OAKLAND,(248) 357-3360,Acute Care Hospitals,Voluntary Non-Profit - Private,0.0,,,,1,1,0
230072,HOLLAND COMMUNITY HOSPITAL,602 MICHIGAN AVE,HOLLAND,MI,49423,OTTAWA,(616) 392-5141,Acute Care Hospitals,Voluntary Non-Profit - Private,1.0,,,,1,1,0
230075,BRONSON BATTLE CREEK HOSPITAL,300 NORTH AVENUE,BATTLE CREEK,MI,49017,CALHOUN,(269) 966-8000,Acute Care Hospitals,Proprietary,1.0,,,,1,1,0
230077,ASCENSION ST MARY'S HOSPITAL,800 S WASHINGTON AVENUE,SAGINAW,MI,48601,SAGINAW,(989) 776-8000,Acute Care Hospitals,Voluntary Non-Profit - Church,1.0,,,,1,1,0
230078,COREWELL HEALTH WATERVLIET HOSPITAL,400 MEDICAL PARK DR,WATERVLIET,MI,49098,BERRIEN,(269) 463-3111,Acute Care Hospitals,Voluntary Non-Profit - Private,1.0,,,,1,1,0
230080,MCLAREN CENTRAL MICHIGAN,1221 SOUTH DRIVE,MOUNT PLEASANT,MI,48858,ISABELLA,(989) 772-6700,Acute Care Hospitals,Voluntary Non-Profit - Private,1.0,,,,1,1,0
230081,MUNSON HEALTHCARE CADILLAC HOSPITAL,400 HOBART ST,CADILLAC,MI,49601,WEXFORD,(231) 876-7400,Acute Care Hospitals,Voluntary Non-Profit - Church,1.0,,,,1,1,0
230085,BRONSON SOUTH HAVEN HOSPITAL,955 S BAILEY AVE,SOUTH HAVEN,MI,49090,VAN BUREN,(269) 637-5271,Acute Care Hospitals,Government - Hospital District or Authority,1.0,,,,1,1,0
230089,BEAUMONT HOSPITAL - GROSSE POINTE,468 CADIEUX RD,GROSSE POINTE,MI,48230,WAYNE,(313) 473-1000,Acute Care Hospitals,Voluntary Non-Profit - Private,1.0,,,,1,1,0
230092,HENRY FORD ALLEGIANCE HEALTH,205 N EAST AVE,JACKSON,MI,49201,JACKSON,(517) 788-4800,Acute Care Hospitals,Voluntary Non-Profit - Other,1.0,,,,1,1,0
230093,COREWELL HEALTH BIG RAPIDS HOSPITAL,605 OAK STREET,BIG RAPIDS,MI,49307,MECOSTA,(231) 796-8691,Acute Care Hospitals,Government - Local,1.0,,,,1,1,0
230095,MYMICHIGAN MEDICAL CENTER WEST BRANCH,2463 SOUTH M-30,WEST BRANCH,MI,48661,OGEMAW,(989) 345-3660,Acute Care Hospitals,Government - Local,1.0,,,,1,1,0
230096,STURGIS HOSPITAL,916 MYRTLE AVE,STURGIS,MI,49091,SAINT JOSEPH,2696517824,Acute Care Hospitals,Government - Local,1.0,,,,1,0,0
230097,MUNSON MEDICAL CENTER,1105 SIXTH STREET,TRAVERSE CITY,MI,49684,GRAND TRAVERSE,(231) 935-5000,Acute Care Hospitals,Voluntary Non-Profit - Private,1.0,,,,1,1,0
230099,PROMEDICA MONROE REGIONAL HOSPITAL,718 N MACOMB ST,MONROE,MI,48162,MONROE,(734) 240-8400,Acute Care Hospitals,Voluntary Non-Profit - Other,1.0,,,,1,1,0
23009F,SAGINAW VA MEDICAL CENTER,1500 WEISS STREET,SAGINAW,MI,48602,SAGINAW,9894972500,ACUTE CARE - VETERANS ADMINISTRATION,Government - Federal,1.0,,,,1,0,0
230100,TAWAS ST JOSEPH HOSPITAL,200 HEMLOCK,TAWAS CITY,MI,48764,IOSCO,(989) 362-9301,Acute Care Hospitals,Voluntary Non-Profit - Other,1.0,,,,1,1,0
230101,ST FRANCIS HOSPITAL,3401 LUDINGTON ST,ESCANABA,MI,49829,DELTA,9067863311,Acute Care Hospitals,Voluntary Non-Profit - Church,1.0,,,,1,0,0
230104,HARPER UNIVERSITY HOSPITAL,3990 JOHN R STREET,DETROIT,MI,48201,WAYNE,(313) 745-6211,Acute Care Hospitals,Proprietary,1.0,,,,1,1,0
230105,MCLAREN NORTHERN MICHIGAN,416 CONNABLE AVE,PETOSKEY,MI,49770,EMMET,(231) 487-4000,Acute Care Hospitals,Voluntary Non-Profit - Other,1.0,,,,1,1,0
230106,SPECTRUM HEALTH GERBER MEMORIAL,212 S SULLIVAN ST,FREMONT,MI,49412,NEWAYGO,2319243300,Acute Care Hospitals,Voluntary Non-Profit - Private,1.0,,,,1,0,0
230108,UP HEALTH SYSTEM PORTAGE,500 CAMPUS DRIVE,HANCOCK,MI,49930,HOUGHTON,(906) 483-1000,Acute Care Hospitals,Voluntary Non-Profit - Other,1.0,,,,1,1,0
230110,COREWELL HEALTH LUDINGTON HOSPITAL,ONE N ATKINSON DRIVE,LUDINGTON,MI,49431,MASON,(231) 843-2591,Acute Care Hospitals,Voluntary Non-Profit - Other,1.0,,,,1,1,0
230117,BORGESS MEDICAL CENTER,1521 GULL ROAD,KALAMAZOO,MI,49048,KALAMAZOO,(269) 226-7000,Acute Care Hospitals,Voluntary Non-Profit - Other,1.0,,,,1,1,0
230118,HURON MEDICAL CENTER,1100 SOUTH VAN DYKE ROAD,BAD AXE,MI,48413,HURON,9892699521,Acute Care Hospitals,Voluntary Non-Profit - Private,1.0,,,,1,0,0
23011F,VA ANN ARBOR HEALTHCARE SYSTEM,2215 FULLER ROAD,ANN ARBOR,MI,48105,WASHTENAW,(734) 769-7100,ACUTE CARE - VETERANS ADMINISTRATION,Government - Federal,1.0,,,,1,1,0
230121,MEMORIAL HEALTHCARE,826 WEST KING STREET,OWOSSO,MI,48867,SHIAWASSEE,(989) 723-5211,Acute Care Hospitals,Voluntary Non-Profit - Other,1.0,,,,1,1,0
23012F,BATTLE CREEK VA MEDICAL CENTER,5500 ARMSTRONG RD.,BATTLE CREEK,MI,49037,CALHOUN,(269) 966-5600,ACUTE CARE - VETERANS ADMINISTRATION,Government - Federal,1.0,,,,1,1,0
230130,BEAUMONT HOSPITAL ROYAL OAK,3601 W THIRTEEN MILE RD,ROYAL OAK,MI,48073,OAKLAND,(248) 898-5400,Acute Care Hospitals,Proprietary,1.0,,,,1,1,0
230132,HURLEY MEDICAL CENTER,ONE HURLEY PLAZA,FLINT,MI,48503,GENESEE,(810) 257-9000,Acute Care Hospitals,Voluntary Non-Profit - Other,1.0,,,,1,1,0
230133,MUNSON HEALTHCARE OTSEGO MEMORIAL HOSPITAL,825 N CENTER AVE,GAYLORD,MI,49735,OTSEGO,(989) 731-2100,Acute Care Hospitals,Voluntary Non-Profit - Private,1.0,,,,1,1,0
230141,MCLAREN FLINT,401 S BALLENGER HIGHWAY,FLINT,MI,48532,GENESEE,(810) 342-2000,Acute Care Hospitals,Voluntary Non-Profit - Private,1.0,,,,1,1,0
230142,COREWELL HEALTH WAYNE HOSPITAL,33155 ANNAPOLIS AVE,WAYNE,MI,48184,WAYNE,(734) 467-4175,Acute Care Hospitals,Government - Hospital District or Authority,1.0,,,,1,1,0
230144,FOREST HEALTH MEDICAL CENTER,135 S PROSPECT ST,YPSILANTI,MI,48198,WASHTENAW,(734) 547-4700,,,,,,,0,1,0
230146,WYANDOTTE HOSPITAL AND MEDICAL CENTER,2333 BIDDLE AVE,WYANDOTTE,MI,48192,WAYNE,(734) 246-6000,Acute Care Hospitals,Voluntary Non-Profit - Private,1.0,,,,1,1,0
230151,BEAUMONT HOSPITAL - FARMINGTON HILLS,28050 GRAND RIVER AVENUE,FARMINGTON HILLS,MI,48336,OAKLAND,(248) 471-8000,Acute Care Hospitals,Voluntary Non-Profit - Private,1.0,,,,1,1,0
230156,TRINITY HEALTH ANN ARBOR HOSPITAL,5301 E HURON RIVER DR,ANN ARBOR,MI,48106,WASHTENAW,(734) 712-3456,Acute Care Hospitals,Voluntary Non-Profit - Church,1.0,,,,1,1,0
230165,HENRY FORD HEALTH ST JOHN HOSPITAL,22101 MOROSS RD,DETROIT,MI,48236,WAYNE,(313) 343-4000,Acute Care Hospitals,Voluntary Non-Profit - Church,1.0,,,,1,1,0
230167,MCLAREN GREATER LANSING,2900 COLLINS ROAD,LANSING,MI,48910,INGHAM,(517) 975-5600,Acute Care Hospitals,Voluntary Non-Profit - Private,1.0,,,,1,1,0
230174,TRINITY HEALTH GRAND HAVEN HOSPITAL,1309 SHELDON RD,GRAND HAVEN,MI,49417,OTTAWA,(616) 847-5268,Acute Care Hospitals,Government - Hospital District or Authority,1.0,,,,1,1,0
230176,COREWELL HEALTH TRENTON HOSPITAL,5450 FORT STREET,TRENTON,MI,48183,WAYNE,(734) 671-3800,Acute Care Hospitals,Government - Hospital District or Authority,1.0,,,,1,1,0
230180,MYMICHIGAN MEDICAL CENTER CLARE,703 N MCEWAN ST,CLARE,MI,48617,CLARE,(989) 802-5000,Acute Care Hospitals,Voluntary Non-Profit - Other,1.0,,,,1,1,0
230193,MCLAREN LAPEER REGION,1375 N MAIN ST,LAPEER,MI,48446,LAPEER,(810) 667-5500,Acute Care Hospitals,Voluntary Non-Profit - Private,1.0,,,,1,1,0
230195,Henry Ford Health Warren Hospital,11800 EAST TWELVE MILE ROAD,WARREN,MI,48093,MACOMB,(586) 573-5000,Acute Care Hospitals,Government - Federal,1.0,,,,1,1,0
230197,ASCENSION GENESYS HOSPITAL,ONE GENESYS PARKWAY,GRAND BLANC,MI,48439,GENESEE,(810) 606-6050,Acute Care Hospitals,Voluntary Non-Profit - Church,1.0,,,,1,1,0
230207,MCLAREN OAKLAND,50 N PERRY ST,PONTIAC,MI,48342,OAKLAND,(248) 338-5000,Acute Care Hospitals,Voluntary Non-Profit - Private,1.0,,,,1,1,0
230208,UNIVERSITY OF MICHIGAN HEALTH-SPARROW CARSON,406 EAST ELM ST,CARSON CITY,MI,48811,MONTCALM,(989) 584-3131,Acute Care Hospitals,Voluntary Non-Profit - Other,1.0,,,,1,1,0
230212,SAINT JOSEPH MERCY SALINE HOSPITAL,400 W RUSSELL ST,SALINE,MI,48176,WASHTENAW,7344291500,Acute Care Hospitals,Voluntary Non-Profit - Church,1.0,,,,1,0,0
230216,MCLAREN PORT HURON,1221 PINE GROVE AVE,PORT HURON,MI,48061,WAYNE,(810) 987-5000,Acute Care Hospitals,Voluntary Non-Profit - Other,1.0,,,,1,1,0
230217,OAKLAWN HOSPITAL,200 N MADISON,MARSHALL,MI,49068,CALHOUN,(269) 781-4271,Acute Care Hospitals,Voluntary Non-Profit - Other,1.0,,,,1,1,0
230222,MYMICHIGAN MEDICAL CENTER MIDLAND,4000 WELLNESS DRIVE,MIDLAND,MI,48670,MIDLAND,(989) 839-3000,Acute Care Hospitals,Voluntary Non-Profit - Other,1.0,,,,1,1,0
230227,MCLAREN MACOMB,1000 HARRINGTON ST,MOUNT CLEMENS,MI,48043,MACOMB,(586) 493-8000,Acute Care Hospitals,Proprietary,1.0,,,,1,1,0
230230,EDWARD W SPARROW HOSPITAL,1215 E MICHIGAN AVENUE,LANSING,MI,48912,INGHAM,(517) 364-1000,Acute Care Hospitals,Voluntary Non-Profit - Other,1.0,,,,1,1,0
230236,UNIVERSITY OF MICHIGAN HEALTH - WEST,"5900 BYRON CENTER AVENUE, SW",WYOMING,MI,49519,KENT,(616) 252-7200,Acute Care Hospitals,Voluntary Non-Profit - Private,1.0,,,,1,1,0
230239,CHIPPEWA COUNTY WAR MEMORIAL HOSPITAL,500 OSBORN BLVD,SAULT STE MARIE,MI,49783,CHIPPEWA,(906) 635-4460,Acute Care Hospitals,Voluntary Non-Profit - Other,1.0,,,,1,1,0
230241,ASCENSION RIVER DISTRICT HOSPITAL,4100 RIVER RD,EAST CHINA,MI,48054,ST. CLAIR,(810) 329-7111,Acute Care Hospitals,Government - Hospital District or Authority,1.0,,,,1,1,0
230244,GARDEN CITY HOSPITAL,6245 INKSTER RD,GARDEN CITY,MI,48135,WAYNE,(734) 421-3300,Acute Care Hospitals,Voluntary Non-Profit - Private,1.0,,,,1,1,0
230254,ASCENSION PROVIDENCE ROCHESTER HOSPITAL,1101 W UNIVERSITY DRIVE,ROCHESTER,MI,48307,OAKLAND,(248) 652-5000,Acute Care Hospitals,Voluntary Non-Profit - Private,1.0,,,,1,1,0
230259,CHELSEA HOSPITAL,775 S MAIN ST,CHELSEA,MI,48118,WASHTENAW,(734) 475-3911,Acute Care Hospitals,Voluntary Non-Profit - Private,1.0,,,,1,1,0
230264,SOUTHEAST MICHIGAN SURGICAL HOSPITAL LLC,21230 DEQUINDRE ROAD,WARREN,MI,48091,MACOMB,(586) 427-1000,Acute Care Hospitals,Voluntary Non-Profit - Private,0.0,,,,1,1,0
230269,"BEAUMONT HOSPITAL, TROY",44201 DEQUINDRE ROAD,TROY,MI,48085,OAKLAND,(248) 964-8800,Acute Care Hospitals,Voluntary Non-Profit - Other,1.0,,,,1,1,0
230270,BEAUMONT HOSPITAL - TAYLOR,10000 TELEGRAPH ROAD,TAYLOR,MI,48180,WAYNE,(313) 295-5000,Acute Care Hospitals,Government - Hospital District or Authority,1.0,,,,1,1,0
230273,DETROIT RECEIVING HOSPITAL,4201 ST ANTOINE ST,DETROIT,MI,48201,WAYNE,(313) 745-2941,Acute Care Hospitals,Proprietary,1.0,,,,1,1,0
230275,HEALTHSOURCE SAGINAW,3340 HOSPITAL ROAD,SAGINAW,MI,48603,SAGINAW,(989) 790-7888,Acute Care Hospitals,Voluntary Non-Profit - Other,1.0,,,,1,1,0
230277,HURON VALLEY-SINAI HOSPITAL,ONE WILLIAM CARLS DRIVE,COMMERCE TOWNSHIP,MI,48382,OAKLAND,(248) 937-3370,Acute Care Hospitals,Proprietary,1.0,,,,1,1,0
230279,HENRY FORD HEALTH BRIGHTON CENTER FOR RECOVERY,12851 GRAND RIVER RD,BRIGHTON,MI,48116,LIVINGSTON,(810) 227-1211,Acute Care Hospitals,Voluntary Non-Profit - Private,0.0,,,,1,1,0
230297,KARMANOS CANCER CENTER,4100 JOHN R,DETROIT,MI,48201,WAYNE,(800) 576-6266,Acute Care Hospitals,Proprietary,0.0,,,,1,1,0
230301,SURGEONS CHOICE MEDICAL CENTER,22401 FOSTER WINTER DRIVE,SOUTHFIELD,MI,48075,OAKLAND,(248) 423-5110,Acute Care Hospitals,Proprietary,0.0,,,,1,1,0
230302,HENRY FORD HEALTH WEST BLOOMFIELD HOSPITAL,6777 WEST MAPLE ROAD,W BLOOMFIELD,MI,48322,OAKLAND,(248) 325-1000,Acute Care Hospitals,Government - Hospital District or Authority,1.0,,,,1,1,0
230303,MUNSON HEALTHCARE MANISTEE HOSPITAL,1465 E PARKDALE AVE,MANISTEE,MI,49660,MANISTEE,(231) 398-1000,,,,,,,0,1,0
23037F,DETROIT (JOHN D. DINGELL) VA MEDICAL CENTER,4646 JOHN R.,DETROIT,MI,48201,WAYNE,(313) 576-1000,ACUTE CARE - VETERANS ADMINISTRATION,Government - Federal,1.0,,,,1,1,0
230779,STURGIS HOSPITAL,916 MYRTLE AVE,STURGIS,MI,49091,ST. JOSEPH,(269) 651-7824,,,,,,,0,1,0
231300,PAUL OLIVER MEMORIAL HOSPITAL,224 PARK AVENUE,FRANKFORT,MI,49635,BENZIE,(231) 352-2200,Critical Access Hospitals,Government - Local,1.0,,,,1,1,0
231301,KALKASKA MEMORIAL HEALTH CENTER,419 S CORAL,KALKASKA,MI,49646,KALKASKA,(231) 258-7500,Critical Access Hospitals,Government - Hospital District or Authority,1.0,,,,1,1,0
231303,SCHOOLCRAFT MEMORIAL HOSPITAL,7870W US HIGHWAY 2,MANISTIQUE,MI,49854,SCHOOLCRAFT,(906) 341-3200,Critical Access Hospitals,Government - Local,1.0,,,,1,1,0
231304,HELEN NEWBERRY JOY HOSPITAL,502 W HARRIE ST,NEWBERRY,MI,49868,LUCE,(906) 293-9222,Critical Access Hospitals,Government - Local,1.0,,,,1,1,0
231305,SAINT MARY'S STANDISH COMMUNITY HOSPITAL,805 W CEDAR ST,STANDISH,MI,48658,ARENAC,(989) 846-3400,Critical Access Hospitals,Voluntary Non-Profit - Private,1.0,,,,1,1,0
231306,MACKINAC STRAITS HOSPITAL AND HEALTH CENTER,1140 N STATE STREET,SAINT IGNACE,MI,49781,MACKINAC,(906) 643-8585,Critical Access Hospitals,Voluntary Non-Profit - Private,1.0,,,,1,1,0
231307,BARAGA COUNTY MEMORIAL HOSPITAL,18341 US HIGHWAY 41,L' ANSE,MI,49946,BARAGA,(906) 524-3300,Critical Access Hospitals,Government - Local,1.0,,,,1,1,0
231308,MUNISING MEMORIAL HOSPITAL,1500 SAND POINT RD,MUNISING,MI,49862,ALGER,(906) 387-4110,Critical Access Hospitals,Voluntary Non-Profit - Private,1.0,,,,1,1,0
231309,"ASPIRUS ONTONAGON HOSPITAL, INC",601 S SEVENTH ST,ONTONAGON,MI,49953,ONTONAGON,9068848000,Critical Access Hospitals,Government - Local,1.0,,,,1,0,0
231310,SCHEURER HOSPITAL,170 N CASEVILLE RD,PIGEON,MI,48755,HURON,(989) 453-3223,Critical Access Hospitals,Voluntary Non-Profit - Private,1.0,,,,1,1,0
231311,DECKERVILLE COMMUNITY HOSPITAL,3559 PINE ST,DECKERVILLE,MI,48427,SANILAC,(810) 376-2835,Critical Access Hospitals,Voluntary Non-Profit - Other,1.0,,,,1,1,0
231312,SHERIDAN COMMUNITY HOSPITAL,301 N MAIN ST,SHERIDAN,MI,48884,MONTCALM,(989) 291-3261,Critical Access Hospitals,Voluntary Non-Profit - Other,0.0,,,,1,1,0
231313,HARBOR BEACH COMMUNITY HOSPITAL,210 S FIRST ST,HARBOR BEACH,MI,48441,HURON,(517) 479-3201,Critical Access Hospitals,Voluntary Non-Profit - Private,1.0,,,,1,1,0
231314,MCKENZIE HEALTH SYSTEM,120 N DELAWARE STREET,SANDUSKY,MI,48471,SANILAC,(810) 648-3770,Critical Access Hospitals,Voluntary Non-Profit - Private,1.0,,,,1,1,0
231315,ASCENSION BORGESS LEE HOSPITAL,420 W HIGH ST,DOWAGIAC,MI,49047,CASS,(269) 782-8681,Critical Access Hospitals,Voluntary Non-Profit - Private,1.0,,,,1,1,0
231316,HILLS & DALES GENERAL HOSPITAL,4675 HILL STREET,CASS CITY,MI,48726,TUSCOLA,(989) 872-2121,Critical Access Hospitals,Voluntary Non-Profit - Private,1.0,,,,1,1,0
231317,SPECTRUM HEALTH UNITED MEMORIAL - KELSEY CAMPUS,418 WASHINGTON,LAKEVIEW,MI,48850,LAKE,9893527211,Critical Access Hospitals,Voluntary Non-Profit - Other,1.0,,,,1,0,0
231318,"ASPIRUS IRON RIVER HOSPITAL & CLINICS, INC",1400 W ICE LAKE ROAD,IRON RIVER,MI,49935,IRON,(906) 265-6121,Critical Access Hospitals,Voluntary Non-Profit - Other,1.0,,,,1,1,0
231319,ASPIRUS KEWEENAW HOSPITAL AND CLINICS,205 OSCEOLA,LAURIUM,MI,49913,HOUGHTON,(906) 337-6500,Critical Access Hospitals,Voluntary Non-Profit - Private,1.0,,,,1,1,0
231320,MERCY HEALTH LAKESHORE CAMPUS,72 SOUTH STATE STREET,SHELBY,MI,49455,OCEANA,(231) 861-2156,Critical Access Hospitals,Voluntary Non-Profit - Other,1.0,,,,1,1,0
231321,BELL HOSPITAL,901 LAKESHORE DRIVE,ISHPEMING,MI,49849,MARQUETTE,(906) 486-4431,Critical Access Hospitals,Voluntary Non-Profit - Private,1.0,,,,1,1,0
231322,CHARLEVOIX AREA HOSPITAL,14700 LAKESHORE DRIVE,CHARLEVOIX,MI,49720,CHARLEVOIX,(231) 547-4024,Critical Access Hospitals,Voluntary Non-Profit - Other,1.0,,,,1,1,0
231323,COREWELL HEALTH REED CITY HOSPITAL,"300 N PATTERSON, PO BOX 75",REED CITY,MI,49677,OSCEOLA,(616) 225-6901,Critical Access Hospitals,Voluntary Non-Profit - Private,1.0,,,,1,1,0
231324,EATON RAPIDS MEDICAL CENTER,1500 S MAIN STREET,EATON RAPIDS,MI,48827,EATON,(517) 663-2671,Critical Access Hospitals,Voluntary Non-Profit - Private,1.0,,,,1,1,0
231325,MYMICHIGAN MEDICAL CENTER GLADWIN,515 QUARTER STREET,GLADWIN,MI,48624,GLADWIN,(989) 426-9286,Critical Access Hospitals,Voluntary Non-Profit - Private,1.0,,,,1,1,0
231326,SPARROW CLINTON HOSPITAL,805 S OAKLAND,SAINT JOHNS,MI,48879,CLINTON,(989) 227-3400,Critical Access Hospitals,Proprietary,1.0,,,,1,1,0
231327,UNIVERSITY OF MICHIGAN HEALTH - SPARROW EATON,321 E HARRIS STREET,CHARLOTTE,MI,48813,EATON,(517) 543-1050,Critical Access Hospitals,Voluntary Non-Profit - Other,1.0,,,,1,1,0
231328,ASCENSION BORGESS ALLEGAN HOSPITAL,555 LINN STREET,ALLEGAN,MI,49010,ALLEGAN,(269) 686-4101,Critical Access Hospitals,Voluntary Non-Profit - Other,1.0,,,,1,1,0
231329,MCLAREN CARO REGION,401 N HOOPER ST,CARO,MI,48723,TUSCOLA,(989) 673-3141,Critical Access Hospitals,Voluntary Non-Profit - Private,1.0,,,,1,1,0
231330,MARLETTE REGIONAL HOSPITAL,2770 MAIN STREET,MARLETTE,MI,48453,SANILAC,(989) 635-4000,Critical Access Hospitals,Voluntary Non-Profit - Private,1.0,,,,1,1,0
231331,SPARROW IONIA HOSPITAL,3565 S STATE ROAD,IONIA,MI,48846,IONIA,(616) 527-4200,Critical Access Hospitals,Voluntary Non-Profit - Private,1.0,,,,1,1,0
231332,BRONSON LAKEVIEW HOSPITAL,408 HAZEN STREET,PAW PAW,MI,49079,VAN BUREN,(269) 657-1400,Critical Access Hospitals,Government - Hospital District or Authority,1.0,,,,1,1,0
231333,ASPIRUS IRONWOOD HOSPITAL,N10561 GRAND VIEW LANE,IRONWOOD,MI,49938,GOGEBIC,(906) 932-2525,Critical Access Hospitals,Voluntary Non-Profit - Other,1.0,,,,1,1,0
231334,HERRICK MEMORIAL HOSPITAL,500 E POTTAWATAMIE STREET,TECUMSEH,MI,49286,LENAWEE,5174243000,Critical Access Hospitals,Government - Federal,1.0,,,,1,0,0
231335,WEST SHORE MEDICAL CENTER,1465 E PARKDALE AVENUE,MANISTEE,MI,49660,MANISTEE,2313981000,Critical Access Hospitals,Proprietary,1.0,,,,1,0,0
231336,CHEBOYGAN MEMORIAL HOSPITAL,748 S MAIN,CHEBOYGAN,MI,49721,CHEBOYGAN,2316275601,Critical Access Hospitals,Voluntary Non-Profit - Private,1.0,,,,1,0,0
231337,OSF ST FRANCIS HOSPITAL AND MEDICAL GROUP,3401 LUDINGTON ST,ESCANABA,MI,49829,DELTA,(906) 786-3311,,,,,,,0,1,0
231338,COREWELL HEALTH GERBER HOSPITAL,212 S SULLIVAN ST,FREMONT,MI,49412,NEWAYGO,(231) 924-3300,,,,,,,0,1,0
231339,COREWELL HEALTH PENNOCK HOSPITAL,1009 W GREEN ST,HASTINGS,MI,49058,BARRY,(269) 945-3451,,,,,,,0,1,0
231340,MCLAREN THUMB REGION,1100 S VAN DYKE RD,BAD AXE,MI,48413,HURON,(989) 269-9521,,,,,,,0,1,0
233300,CHILDREN'S HOSPITAL OF MICHIGAN,3901 BEAUBIEN STREET,DETROIT,MI,48201,WAYNE,(313) 745-5437,Childrens,Proprietary,1.0,,,,1,1,0
240001,NORTH MEMORIAL HEALTH HOSPITAL,3300 OAKDALE NORTH,ROBBINSDALE,MN,55422,HENNEPIN,(763) 520-5200,Acute Care Hospitals,Voluntary Non-Profit - Private,1.0,,,,1,1,0
240002,ESSENTIA HEALTH ST MARY'S MEDICAL CENTER,402 EAST SECOND STREET,DULUTH,MN,55805,ST. LOUIS,(218) 786-3574,Acute Care Hospitals,Voluntary Non-Profit - Private,1.0,,,,1,1,0
240004,HENNEPIN COUNTY MEDICAL CENTER,701 PARK AVENUE,MINNEAPOLIS,MN,55415,HENNEPIN,(612) 873-6422,Acute Care Hospitals,Government - Local,1.0,,,,1,1,0
240006,OLMSTED MEDICAL CENTER,1650 FOURTH STREET SOUTHEAST,ROCHESTER,MN,55904,OLMSTED,(507) 288-3443,Acute Care Hospitals,Voluntary Non-Profit - Private,1.0,,,,1,1,0
240010,MAYO CLINIC HOSPITAL ROCHESTER,1216 SECOND STREET SOUTHWEST,ROCHESTER,MN,55902,OLMSTED,(507) 255-5123,Acute Care Hospitals,Voluntary Non-Profit - Church,1.0,,,,1,1,0
240014,NORTHFIELD HOSPITAL,2000 NORTH AVENUE,NORTHFIELD,MN,55057,RICE,(507) 646-1004,Acute Care Hospitals,Government - Local,1.0,,,,1,1,0
240018,MAYO CLINIC HEALTH SYSTEM IN RED WING,701 HEWITT BOULEVARD,RED WING,MN,55066,GOODHUE,(651) 267-5000,Acute Care Hospitals,Voluntary Non-Profit - Private,1.0,,,,1,1,0
240019,ESSENTIA HEALTH DULUTH,502 EAST SECOND STREET,DULUTH,MN,55805,ST. LOUIS,(218) 786-2652,Acute Care Hospitals,Voluntary Non-Profit - Private,0.0,,,,1,1,0
240020,CAMBRIDGE MEDICAL CENTER,701 SOUTH DELLWOOD AVENUE,CAMBRIDGE,MN,55008,ISANTI,(763) 689-7700,Acute Care Hospitals,Voluntary Non-Profit - Private,1.0,,,,1,1,0
240022,SANFORD WORTHINGTON MEDICAL CENTER,1018 SIXTH AVENUE PO BOX 997,WORTHINGTON,MN,56187,NOBLES,(507) 372-3110,Acute Care Hospitals,Proprietary,1.0,,,,1,1,0
24002F,ST CLOUD VA MEDICAL CENTER,4801 VETERANS DRIVE,ST. CLOUD,MN,56303,STEARNS,(320) 252-1670,ACUTE CARE - VETERANS ADMINISTRATION,Government - Federal,1.0,,,,1,1,0
240030,ALOMERE HEALTH,111 17TH AVENUE EAST,ALEXANDRIA,MN,56308,DOUGLAS,(320) 762-1511,Acute Care Hospitals,Government - Local,1.0,,,,1,1,0
240036,ST CLOUD HOSPITAL,1406 6TH AVE NORTH,SAINT CLOUD,MN,56303,STEARNS,(320) 255-5661,Acute Care Hospitals,Voluntary Non-Profit - Private,1.0,,,,1,1,0
240038,ALLINA UNITED HOSPITAL,333 NORTH SMITH AVENUE,SAINT PAUL,MN,55102,RAMSEY,(763) 236-8205,Acute Care Hospitals,Voluntary Non-Profit - Private,1.0,,,,1,1,0
24003F,MINNEAPOLIS VA MEDICAL CENTER,ONE VETERANS DRIVE,MINNEAPOLIS,MN,55417,HENNEPIN,(612) 725-2000,ACUTE CARE - VETERANS ADMINISTRATION,Government - Federal,1.0,,,,1,1,0
240040,RANGE REGIONAL HEALTH SERVICES,750 EAST 34TH ST,HIBBING,MN,55746,ST. LOUIS,(218) 362-6730,Acute Care Hospitals,Voluntary Non-Profit - Other,1.0,,,,1,1,0
240043,MAYO CLINIC HEALTH SYSTEM - ALBERT LEA AND AUSTIN,404 WEST FOUNTAIN STREET,ALBERT LEA,MN,56007,FREEBORN,(507) 377-6490,Acute Care Hospitals,Voluntary Non-Profit - Private,1.0,,,,1,1,0
240044,WINONA HEALTH SERVICES,855 MANKATO AVENUE,WINONA,MN,55987,WINONA,(507) 454-3650,Acute Care Hospitals,Voluntary Non-Profit - Private,1.0,,,,1,1,0
240047,ST LUKES HOSPITAL,915 EAST 1ST STREET,DULUTH,MN,55805,ST. LOUIS,(218) 249-5555,Acute Care Hospitals,Voluntary Non-Profit - Private,1.0,,,,1,1,0
240050,FAIRVIEW LAKES HEALTH SERVICES,5200 FAIRVIEW BOULEVARD,WYOMING,MN,55092,CHISAGO,(952) 892-2101,Acute Care Hospitals,Voluntary Non-Profit - Private,1.0,,,,1,1,0
240052,LAKE REGION HEALTHCARE CORPORATION,712 SOUTH CASCADE STREET,FERGUS FALLS,MN,56537,OTTER TAIL,(218) 736-8000,Acute Care Hospitals,Voluntary Non-Profit - Private,1.0,,,,1,1,0
240053,PARK NICOLLET METHODIST HOSPITAL,6500 EXCELSIOR BLVD,SAINT LOUIS PARK,MN,55426,HENNEPIN,(952) 993-5000,Acute Care Hospitals,Voluntary Non-Profit - Private,1.0,,,,1,1,0
240056,RIDGEVIEW MEDICAL CENTER,500 SOUTH MAPLE STREET,WACONIA,MN,55387,CARVER,(952) 442-2191,Acute Care Hospitals,Voluntary Non-Profit - Private,1.0,,,,1,1,0
240057,ABBOTT NORTHWESTERN HOSPITAL,800 EAST 28TH STREET,MINNEAPOLIS,MN,55407,HENNEPIN,(612) 863-4000,Acute Care Hospitals,Voluntary Non-Profit - Private,1.0,,,,1,1,0
240059,REGINA MEDICAL CENTER,1175 NININGER ROAD,HASTINGS,MN,55033,DAKOTA,6514804100,Acute Care Hospitals,Voluntary Non-Profit - Church,1.0,,,,1,0,0
240061,MAYO CLINIC METHODIST HOSPITAL,201 WEST CENTER STREET,ROCHESTER,MN,55902,OLMSTED,5072667890,Acute Care Hospitals,Voluntary Non-Profit - Other,1.0,,,,1,0,0
240063,ST JOSEPH'S HOSPITAL,45 WEST 10TH STREET,SAINT PAUL,MN,55102,RAMSEY,6512323000,Acute Care Hospitals,Voluntary Non-Profit - Private,1.0,,,,1,0,0
240064,GRAND ITASCA CLINIC AND HOSPITAL,1601 GOLF COURSE ROAD,GRAND RAPIDS,MN,55744,ITASCA,(218) 326-3401,Acute Care Hospitals,Voluntary Non-Profit - Private,1.0,,,,1,1,0
240066,LAKEVIEW MEMORIAL HOSPITAL,927 WEST CHURCHILL STREET,STILLWATER,MN,55082,WASHINGTON,(651) 430-4509,Acute Care Hospitals,Voluntary Non-Profit - Private,1.0,,,,1,1,0
240069,OWATONNA HOSPITAL,2250 26TH STREET NORTHWEST,OWATONNA,MN,55060,STEELE,(507) 451-3850,Acute Care Hospitals,Voluntary Non-Profit - Other,1.0,,,,1,1,0
240071,ALLINA HEALTH FARIBAULT MEDICAL CENTER,200 STATE AVENUE,FARIBAULT,MN,55021,RICE,(507) 497-3733,Acute Care Hospitals,Government - Hospital District or Authority,1.0,,,,1,1,0
240075,ESSENTIA HEALTH ST JOSEPH'S MEDICAL CENTER,523 NORTH 3RD STREET,BRAINERD,MN,56401,CROW WING,(218) 829-2861,Acute Care Hospitals,Voluntary Non-Profit - Church,1.0,,,,1,1,0
240076,BUFFALO HOSPITAL,303 CATLIN STREET,BUFFALO,MN,55313,WRIGHT,(763) 682-1212,Acute Care Hospitals,Voluntary Non-Profit - Other,1.0,,,,1,1,0
240078,M HEALTH FAIRVIEW SOUTHDALE HOSPITAL,6401 FRANCE AVENUE SOUTH,EDINA,MN,55435,HENNEPIN,(952) 924-5000,Acute Care Hospitals,Voluntary Non-Profit - Private,1.0,,,,1,1,0
240080,M HEALTH FAIRVIEW UNIVERSITY OF MN MEDICAL CENTER,2450 RIVERSIDE AVENUE,MINNEAPOLIS,MN,55454,HENNEPIN,(612) 624-1765,Acute Care Hospitals,Voluntary Non-Profit - Private,1.0,,,,1,1,0
240084,ESSENTIA HEALTH VIRGINIA,901 9TH STREET NORTH,VIRGINIA,MN,55792,ST. LOUIS,(218) 741-3340,Acute Care Hospitals,Government - Local,1.0,,,,1,1,0
240088,CENTRACARE- RICE MEMORIAL HOSPITAL,301 BECKER AVE SW,WILLMAR,MN,56201,KANDIYOHI,(320) 235-4543,Acute Care Hospitals,Government - Local,1.0,,,,1,1,0
240093,MAYO CLINIC HEALTH SYSTEM - MANKATO,1025 MARSH STREET,MANKATO,MN,56002,BLUE EARTH,(507) 625-4031,Acute Care Hospitals,Voluntary Non-Profit - Private,1.0,,,,1,1,0
240100,SANFORD BEMIDJI MEDICAL CENTER,1300 ANNE ST NW,BEMIDJI,MN,56601,BELTRAMI,(218) 751-5430,Acute Care Hospitals,Voluntary Non-Profit - Private,1.0,,,,1,1,0
240101,ESSENTIA HEALTH ST MARYS - DETROIT LAKES,1027 WASHINGTON AVE,DETROIT LAKES,MN,56501,BECKER,(218) 847-0888,Acute Care Hospitals,Voluntary Non-Profit - Church,1.0,,,,1,1,0
240104,ST FRANCIS REGIONAL MEDICAL CENTER,1455 ST FRANCIS AVENUE,SHAKOPEE,MN,55379,SCOTT,(952) 428-3000,Acute Care Hospitals,Voluntary Non-Profit - Church,1.0,,,,1,1,0
240106,REGIONS HOSPITAL,640 JACKSON STREET,SAINT PAUL,MN,55101,RAMSEY,(651) 254-1616,Acute Care Hospitals,Voluntary Non-Profit - Private,1.0,,,,1,1,0
240115,MERCY HOSPITAL,4050 COON RAPIDS BLVD,COON RAPIDS,MN,55433,ANOKA,(762) 236-8100,Acute Care Hospitals,Voluntary Non-Profit - Other,1.0,,,,1,1,0
240117,MAYO CLINIC HEALTH SYSTEM - AUSTIN,1000 FIRST DRIVE NORTHWEST,AUSTIN,MN,55912,MOWER,5074337351,Acute Care Hospitals,Voluntary Non-Profit - Private,1.0,,,,1,0,0
240132,UNITY HOSPITAL,550 OSBORNE ROAD,FRIDLEY,MN,55432,ANOKA,7632365000,Acute Care Hospitals,Voluntary Non-Profit - Other,1.0,,,,1,0,0
240141,FAIRVIEW NORTHLAND REGIONAL HOSPITAL,911 NORTHLAND DRIVE,PRINCETON,MN,55371,MILLE LACS,(952) 892-2101,Acute Care Hospitals,Voluntary Non-Profit - Other,1.0,,,,1,1,0
240166,MAYO CLINIC HEALTH SYSTEM - FAIRMONT,800 MEDICAL CENTER DRIVE,FAIRMONT,MN,56031,MARTIN,(507) 238-5064,Acute Care Hospitals,Voluntary Non-Profit - Other,1.0,,,,1,1,0
240187,HUTCHINSON HEALTH,1095 HIGHWAY 15 SOUTH,HUTCHINSON,MN,55350,MC LEOD,(320) 234-5000,Acute Care Hospitals,Voluntary Non-Profit - Private,1.0,,,,1,1,0
240196,PHILLIPS EYE INSTITUTE,2215 PARK AVENUE SOUTH,MINNEAPOLIS,MN,55404,HENNEPIN,6127758815,Acute Care Hospitals,Government - Federal,0.0,,,,1,0,0
240206,RED LAKE HOSPITAL,24760 HOSPITAL DRIVE,REDLAKE,MN,56671,BELTRAMI,(218) 679-3912,Acute Care Hospitals,Government - Federal,1.0,,,,1,1,0
240207,M HEALTH FAIRVIEW RIDGES HOSPITAL,201 EAST NICOLLET BOULEVARD,BURNSVILLE,MN,55337,DAKOTA,(952) 892-2000,Acute Care Hospitals,Voluntary Non-Profit - Church,1.0,,,,1,1,0
240210,M HEALTH FAIRVIEW ST JOHN'S HOSPITAL,1575 BEAM AVENUE,MAPLEWOOD,MN,55109,RAMSEY,(651) 232-7000,Acute Care Hospitals,Voluntary Non-Profit - Private,1.0,,,,1,1,0
240213,M HEALTH FAIRVIEW WOODWINDS HOSPITAL,1925 WOODWINDS DRIVE,WOODBURY,MN,55125,WASHINGTON,(651) 232-2185,Acute Care Hospitals,Voluntary Non-Profit - Private,1.0,,,,1,1,0
240214,MAPLE GROVE HOSPITAL,9875 HOSPITAL DRIVE,MAPLE GROVE,MN,55369,HENNEPIN,(763) 581-1563,Acute Care Hospitals,Voluntary Non-Profit - Private,1.0,,,,1,1,0
240779,MAHNOMEN HEALTH CENTER,414 W JEFFERSON PO BOX 396,MAHNOMEN,MN,56557,MAHNOMEN,(218) 935-2511,,,,,,,0,1,0
241300,MAHNOMEN HEALTH CENTER,414 W JEFFERSON PO BOX 396,MAHNOMEN,MN,56557,MAHNOMEN,2189352511,Critical Access Hospitals,Voluntary Non-Profit - Other,1.0,,,,1,0,0
241301,LAKEWOOD HEALTH CENTER,600 MAIN AVE S,BAUDETTE,MN,56623,LAKE OF  WOODS,(218) 634-2120,Critical Access Hospitals,Voluntary Non-Profit - Church,1.0,,,,1,1,0
241302,SANFORD WESTBROOK MEDICAL CENTER,920 BELL AVENUE PO BOX 188,WESTBROOK,MN,56183,COTTONWOOD,(507) 274-1119,Critical Access Hospitals,Voluntary Non-Profit - Private,1.0,,,,1,1,0
241303,SANFORD TRACY MEDICAL CENTER,251 FIFTH STREET EAST,TRACY,MN,56175,LYON,(507) 629-8400,Critical Access Hospitals,Voluntary Non-Profit - Private,1.0,,,,1,1,0
241304,SANFORD WHEATON MEDICAL CENTER,401 12TH STREET NORTH,WHEATON,MN,56296,TRAVERSE,(320) 563-8226,Critical Access Hospitals,Voluntary Non-Profit - Private,1.0,,,,1,1,0
241305,RIVERWOOD HEALTHCARE CENTER,200 BUNKER HILL DRIVE,AITKIN,MN,56431,AITKIN,(218) 927-5501,Critical Access Hospitals,Voluntary Non-Profit - Private,1.0,,,,1,1,0
241306,OLIVIA HOSPITAL & CLINIC,100 HEALTHY WAY,OLIVIA,MN,56277,RENVILLE,(320) 523-1261,Critical Access Hospitals,Voluntary Non-Profit - Other,1.0,,,,1,1,0
241308,LAKE VIEW MEMORIAL HOSPITAL,325 ELEVENTH AVE,TWO HARBORS,MN,55616,LAKE,(218) 834-7300,Critical Access Hospitals,Voluntary Non-Profit - Private,1.0,,,,1,1,0
241309,ESSENTIA HEALTH SANDSTONE,705 LUNDORFF DRIVE SOUTH,SANDSTONE,MN,55072,PINE,(218) 786-1367,Critical Access Hospitals,Voluntary Non-Profit - Private,1.0,,,,1,1,0
241311,RIDGEVIEW SIBLEY MEDICAL CENTER,601 WEST CHANDLER,ARLINGTON,MN,55307,SIBLEY,(507) 964-8415,Critical Access Hospitals,Government - Local,1.0,,,,1,1,0
241312,COOK HOSPITAL,10 SE FIFTH ST,COOK,MN,55723,ST. LOUIS,(218) 666-5945,Critical Access Hospitals,Government - Hospital District or Authority,1.0,,,,1,1,0
241313,ESSENTIA HEALTH ADA,201 9TH STREET WEST,ADA,MN,56510,NORMAN,(218) 784-5000,Critical Access Hospitals,Voluntary Non-Profit - Private,1.0,,,,1,1,0
241314,JOHNSON MEMORIAL HOSPITAL,1282 WALNUT STREET,DAWSON,MN,56232,LAC QUI PARLE,(320) 769-4323,Critical Access Hospitals,Government - Hospital District or Authority,1.0,,,,1,1,0
241315,SANFORD JACKSON MEDICAL CENTER,1430 NORTH HIGHWAY,JACKSON,MN,56143,JACKSON,(507) 847-2420,Critical Access Hospitals,Voluntary Non-Profit - Other,1.0,,,,1,1,0
241316,BIGFORK VALLEY HOSPITAL,258 PINE TREE DRIVE,BIGFORK,MN,56628,ITASCA,(218) 743-3177,Critical Access Hospitals,Government - Hospital District or Authority,1.0,,,,1,1,0
241317,NORTH SHORE HEALTH,515 5TH AVE WEST,GRAND MARAIS,MN,55604,COOK,(218) 387-3040,Critical Access Hospitals,Government - Hospital District or Authority,1.0,,,,1,1,0
241318,ELY - BLOOMENSON COMMUNITY HOSPITAL,328 WEST CONAN STREET,ELY,MN,55731,ST. LOUIS,(218) 365-3271,Critical Access Hospitals,Government - Local,1.0,,,,1,1,0
241319,MURRAY COUNTY MEMORIAL HOSPITAL,2042 JUNIPER AVENUE,SLAYTON,MN,56172,MURRAY,(507) 836-6111,Critical Access Hospitals,Government - Local,1.0,,,,1,1,0
241320,RIVERVIEW HOSPITAL,323 SOUTH MINNESOTA,CROOKSTON,MN,56716,POLK,(218) 281-9200,Critical Access Hospitals,Voluntary Non-Profit - Private,1.0,,,,1,1,0
241321,ESSENTIA HEALTH HOLY TRINITY HOSPITAL,"115  SECOND STREET WEST, BOX 157",GRACEVILLE,MN,56240,BIG STONE,(320) 748-7223,Critical Access Hospitals,Voluntary Non-Profit - Private,1.0,,,,1,1,0
241322,RAINY LAKE MEDICAL CENTER,1400 HIGHWAY 71,INTERNATIONAL FALLS,MN,56649,KOOCHICHING,(218) 283-4481,Critical Access Hospitals,Voluntary Non-Profit - Private,1.0,,,,1,1,0
241323,MADELIA HEALTH,121 DREW AVENUE SOUTHEAST,MADELIA,MN,56062,WATONWAN,(507) 642-3255,Critical Access Hospitals,Voluntary Non-Profit - Other,1.0,,,,1,1,0
241325,CHIPPEWA COUNTY HOSPITAL,824 NORTH 11TH STREET,MONTEVIDEO,MN,56265,CHIPPEWA,(320) 269-8877,Critical Access Hospitals,Voluntary Non-Profit - Other,1.0,,,,1,1,0
241326,CENTRACARE HEALTH SYSTEM - LONG PRAIRIE,50 CENTRACARE DRIVE,LONG PRAIRIE,MN,56347,TODD,(320) 732-2141,Critical Access Hospitals,Proprietary,1.0,,,,1,1,0
241327,SLEEPY EYE MEDICAL CENTER,400 FOURTH AVENUE NORTHWEST,SLEEPY EYE,MN,56085,BROWN,(507) 794-3571,Critical Access Hospitals,Government - Local,1.0,,,,1,1,0
241328,SANFORD BAGLEY MEDICAL CENTER,203 4TH STREET NORTHWEST,BAGLEY,MN,56621,CLEARWATER,(218) 694-6501,Critical Access Hospitals,Voluntary Non-Profit - Private,1.0,,,,1,1,0
241329,LAKEWOOD HEALTH SYSTEM,49725 COUNTY ROAD 83,STAPLES,MN,56479,TODD,(218) 894-1515,Critical Access Hospitals,Voluntary Non-Profit - Private,1.0,,,,1,1,0
241330,CENTRACARE HEALTH SYSTEM - MELROSE HOSPITAL,525 WEST MAIN STREET,MELROSE,MN,56352,STEARNS,(320) 256-1805,Critical Access Hospitals,Government - Hospital District or Authority,1.0,,,,1,1,0
241331,ALBANY AREA HOSPITAL,300 THIRD AVENUE,ALBANY,MN,56307,STEARNS,3208452121,Critical Access Hospitals,Voluntary Non-Profit - Church,0.0,,,,1,0,0
241332,WINDOM AREA HEALTH,"2150 HOSPITAL DRIVE, PO BOX 339",WINDOM,MN,56101,COTTONWOOD,(507) 831-2400,Critical Access Hospitals,Voluntary Non-Profit - Other,1.0,,,,1,1,0
241333,MAYO CLINIC HEALTH SYSTEM ST. JAMES,1101 MOULTON AND PARSONS DRIVE,ST JAMES,MN,56081,WATONWAN,(507) 375-8602,Critical Access Hospitals,Voluntary Non-Profit - Other,1.0,,,,1,1,0
241334,RIVER'S EDGE HOSPITAL & CLINIC,1900 NORTH SUNRISE DRIVE,ST PETER,MN,56082,NICOLLET,(507) 931-2200,Critical Access Hospitals,Government - Local,1.0,,,,1,1,0
241335,ST ELIZABETH MEDICAL CENTER,1200 GRANT BLVD W,WABASHA,MN,55981,WABASHA,(651) 565-4531,Critical Access Hospitals,Voluntary Non-Profit - Private,1.0,,,,1,1,0
241336,KITTSON HEALTHCARE,1010 SOUTH BIRCH AVENUE,HALLOCK,MN,56728,KITTSON,(218) 843-3612,Critical Access Hospitals,Voluntary Non-Profit - Other,1.0,,,,1,1,0
241337,NORTH VALLEY HEALTH CENTER,300 WEST GOOD SAMARITAN DRIVE,WARREN,MN,56762,MARSHALL,(218) 745-4211,Critical Access Hospitals,Voluntary Non-Profit - Private,1.0,,,,1,1,0
241338,MAYO CLINIC HEALTH SYSTEM - LAKE CITY,500 WEST GRANT STREET,LAKE CITY,MN,55041,WABASHA,(651) 345-5955,Critical Access Hospitals,Voluntary Non-Profit - Private,1.0,,,,1,1,0
241339,HENDRICKS COMMUNITY HOSPITAL,503 E LINCOLN STREET,HENDRICKS,MN,56136,LINCOLN,(507) 275-3134,Critical Access Hospitals,Voluntary Non-Profit - Private,1.0,,,,1,1,0
241340,ESSENTIA HEALTH NORTHERN PINES MEDICAL CENTER,5211 HIGHWAY 110,AURORA,MN,55705,ST. LOUIS,(218) 229-4222,Critical Access Hospitals,Voluntary Non-Profit - Private,1.0,,,,1,1,0
241341,APPLETON AREA HEALTH,30 S BEHL ST,APPLETON,MN,56208,SWIFT,(320) 289-1580,Critical Access Hospitals,Government - Local,1.0,,,,1,1,0
241342,ORTONVILLE AREA HEALTH SERVICES,450 EASTVOLD AVE,ORTONVILLE,MN,56278,BIG STONE,(320) 839-2502,Critical Access Hospitals,Government - Local,1.0,,,,1,1,0
241343,AVERA GRANITE FALLS,345 TENTH AVENUE,GRANITE FALLS,MN,56241,YELLOW MEDCINE,(320) 564-6201,Critical Access Hospitals,Government - Local,1.0,,,,1,1,0
241344,LIFECARE MEDICAL CENTER,715 DELMORE DRIVE,ROSEAU,MN,56751,ROSEAU,(218) 463-2500,Critical Access Hospitals,Voluntary Non-Profit - Private,1.0,,,,1,1,0
241345,MAYO CLINIC HEALTH SYSTEM - WASECA,501 NORTH STATE STREET,WASECA,MN,56093,WASECA,(507) 835-1210,Critical Access Hospitals,Voluntary Non-Profit - Private,1.0,,,,1,1,0
241346,MAYO CLINIC HEALTH SYSTEM - CANNON FALLS,32021 COUNTY 24 BOULEVARD,CANNON FALLS,MN,55009,GOODHUE,(507) 263-6000,Critical Access Hospitals,Voluntary Non-Profit - Private,1.0,,,,1,1,0
241347,SANFORD CANBY MEDICAL CENTER,112 ST OLAF AVENUE SOUTH,CANBY,MN,56220,YELLOW MEDCINE,(507) 223-7277,Critical Access Hospitals,Voluntary Non-Profit - Private,1.0,,,,1,1,0
241348,AVERA TYLER HOSPITAL,240 WILLOW STREET,TYLER,MN,56178,LINCOLN,(507) 247-5521,Critical Access Hospitals,Voluntary Non-Profit - Other,1.0,,,,1,1,0
241349,CENTRACARE HEALTH PAYNESVILLE LLC,200 1ST STREET WEST,PAYNESVILLE,MN,56362,STEARNS,(320) 243-3767,Critical Access Hospitals,Government - Hospital District or Authority,1.0,,,,1,1,0
241350,ESSENTIA HEALTH MOOSE LAKE,4572 COUNTY ROAD 61,MOOSE LAKE,MN,55767,CARLTON,(218) 786-1367,Critical Access Hospitals,Government - Hospital District or Authority,1.0,,,,1,1,0
241351,CENTRACARE - REDWOOD,100 FALLWOOD ROAD,REDWOOD FALLS,MN,56283,REDWOOD,(507) 637-4500,Critical Access Hospitals,Government - Local,1.0,,,,1,1,0
241352,MAYO CLINIC HEALTH SYSTEM - SPRINGFIELD,625 NORTH JACKSON STREET,SPRINGFIELD,MN,56087,BROWN,5077236201,Critical Access Hospitals,Voluntary Non-Profit - Private,1.0,,,,1,0,0
241353,CUYUNA REGIONAL MEDICAL CENTER,320 EAST MAIN STREET,CROSBY,MN,56441,CROW WING,(218) 546-2300,Critical Access Hospitals,Government - Hospital District or Authority,1.0,,,,1,1,0
241354,ASTERA HEALTH,421 11TH STREET NW,WADENA,MN,56482,WADENA,(218) 631-7489,Critical Access Hospitals,Voluntary Non-Profit - Other,1.0,,,,1,1,0
241355,GLENCOE REGIONAL HEALTH,1805 HENNEPIN AVENUE NORTH,GLENCOE,MN,55336,MC LEOD,(320) 864-3121,Critical Access Hospitals,Voluntary Non-Profit - Private,1.0,,,,1,1,0
241356,MILLE LACS HEALTH SYSTEM,200 NORTH ELM STREET,ONAMIA,MN,56359,MILLE LACS,(320) 532-3154,Critical Access Hospitals,Voluntary Non-Profit - Private,1.0,,,,1,1,0
241357,ESSENTIA HEALTH FOSSTON,900 HILLIGOSS BOULEVARD SE,FOSSTON,MN,56542,POLK,(218) 435-1133,Critical Access Hospitals,Voluntary Non-Profit - Private,1.0,,,,1,1,0
241358,CASS LAKE INDIAN HEALTH SERVICES HOSPITAL,425 7TH STREET NW,CASS LAKE,MN,56633,CASS,(218) 335-3205,Critical Access Hospitals,Government - Federal,1.0,,,,1,1,0
241359,AVERA MARSHALL REGIONAL MEDICAL CTR,300 SOUTH BRUCE STREET,MARSHALL,MN,56258,LYON,(507) 537-9661,Critical Access Hospitals,Government - Local,1.0,,,,1,1,0
241360,ESSENTIA HEALTH DEER RIVER,115 10TH AVENUE NORTHEAST,DEER RIVER,MN,56636,ITASCA,(218) 246-4200,Critical Access Hospitals,Voluntary Non-Profit - Private,1.0,,,,1,1,0
241361,MAYO CLINIC HEALTH SYSTEM NEW PRAGUE,301 2ND STREET NORTHEAST,NEW PRAGUE,MN,56071,SCOTT,(952) 758-4431,Critical Access Hospitals,Voluntary Non-Profit - Private,1.0,,,,1,1,0
241362,CENTRACARE HEALTH - MONTICELLO,1013 HART BOULEVARD,MONTICELLO,MN,55362,WRIGHT,(763) 295-2945,Critical Access Hospitals,Government - Hospital District or Authority,1.0,,,,1,1,0
241363,STEVENS COMMUNITY MEDICAL CENTER,400 EAST FIRST STREET,MORRIS,MN,56267,STEVENS,(320) 589-1313,Critical Access Hospitals,Voluntary Non-Profit - Private,1.0,,,,1,1,0
241364,COMMUNITY MEMORIAL HOSPITAL,512 SKYLINE BOULEVARD,CLOQUET,MN,55720,CARLTON,(218) 879-4641,Critical Access Hospitals,Voluntary Non-Profit - Private,1.0,,,,1,1,0
241365,CENTRACARE - BENSON,1815 WISCONSIN AVENUE,BENSON,MN,56215,SWIFT,(320) 843-4232,Critical Access Hospitals,Government - Hospital District or Authority,1.0,,,,1,1,0
241366,MEEKER MEMORIAL HOSPITAL,612 SOUTH SIBLEY AVENUE,LITCHFIELD,MN,55355,MEEKER,(320) 693-4500,Critical Access Hospitals,Government - Local,1.0,,,,1,1,0
241367,WELIA HEALTH,301 SOUTH HIGHWAY 65,MORA,MN,55051,KANABEC,(320) 679-1212,Critical Access Hospitals,Government - Local,1.0,,,,1,1,0
241368,CENTRACARE HEALTH SYSTEM - SAUK CENTRE,425 NORTH ELM STREET,SAUK CENTRE,MN,56378,STEARNS,(320) 352-2221,Critical Access Hospitals,Government - Local,1.0,,,,1,1,0
241369,UNITED HOSPITAL DISTRICT,515 SOUTH MOORE STREET,BLUE EARTH,MN,56013,FARIBAULT,(507) 526-3273,Critical Access Hospitals,Government - Hospital District or Authority,1.0,,,,1,1,0
241370,ST GABRIELS HOSPITAL,815 SOUTHEAST SECOND STREET,LITTLE FALLS,MN,56345,MORRISON,(320) 632-5441,Critical Access Hospitals,Voluntary Non-Profit - Private,1.0,,,,1,1,0
241371,SANFORD LUVERNE MEDICAL CENTER,1600 N KNISS AVENUE P O BOX 1019,LUVERNE,MN,56156,ROCK,(507) 283-2321,Critical Access Hospitals,Voluntary Non-Profit - Private,1.0,,,,1,1,0
241372,MADISON HOSPITAL,820 THIRD AVENUE,MADISON,MN,56256,LAC QUI PARLE,(320) 598-7536,Critical Access Hospitals,Voluntary Non-Profit - Private,1.0,,,,1,1,0
241373,PERHAM HEALTH,1000 CONEY STREET WEST,PERHAM,MN,56573,OTTER TAIL,(218) 347-4500,Critical Access Hospitals,Government - Hospital District or Authority,1.0,,,,1,1,0
241374,PIPESTONE COUNTY  MEDICAL CENTER,916 4TH AVENUE SOUTHWEST,PIPESTONE,MN,56164,PIPESTONE,(507) 825-5811,Critical Access Hospitals,Government - Local,1.0,,,,1,1,0
241375,MINNESOTA VALLEY HEALTH CENTER  INC,621 SOUTH FOURTH STREET,LE SUEUR,MN,56058,LE SUEUR,(507) 665-3375,Critical Access Hospitals,Voluntary Non-Profit - Private,1.0,,,,1,1,0
241376,GLACIAL RIDGE HOSPITAL,10 4TH AVENUE SOUTHEAST,GLENWOOD,MN,56334,POPE,(320) 634-4521,Critical Access Hospitals,Government - Hospital District or Authority,1.0,,,,1,1,0
241377,ST FRANCIS MEDICAL CENTER,2400 ST FRANCIS DRIVE,BRECKENRIDGE,MN,56520,WILKIN,(218) 643-3000,Critical Access Hospitals,Voluntary Non-Profit - Church,1.0,,,,1,1,0
241378,NEW ULM MEDICAL CENTER,1324 FIFTH NORTH STREET,NEW ULM,MN,56073,BROWN,(507) 217-5000,Critical Access Hospitals,Voluntary Non-Profit - Private,1.0,,,,1,1,0
241379,PRAIRIE RIDGE HOSPITAL AND HEALTH SERVICES,1411 HIGHWAY 79 E,ELBOW LAKE,MN,56531,GRANT,(218) 685-7300,Critical Access Hospitals,Voluntary Non-Profit - Private,1.0,,,,1,1,0
241380,ST JOSEPHS AREA  HEALTH SERVICES,600 PLEASANT AVENUE,PARK RAPIDS,MN,56470,HUBBARD,(218) 732-3311,Critical Access Hospitals,Voluntary Non-Profit - Church,1.0,,,,1,1,0
241381,SANFORD THIEF RIVER FALLS MEDICAL CENTER,3001 SANFORD PARKWAY,THIEF RIVER FALLS,MN,56701,PENNINGTON,(218) 683-2652,Critical Access Hospitals,Voluntary Non-Profit - Private,1.0,,,,1,1,0
243300,GILLETTE CHILDRENS SPECIALTY HOSPITAL,200 UNIVERSITY AVENUE EAST,SAINT PAUL,MN,55106,RAMSEY,(651) 578-5611,,,,,,,0,1,0
243302,CHILDREN'S HOSPITALS & CLINICS OF MN,2525 CHICAGO AVENUE SOUTH,MINNEAPOLIS,MN,55404,HENNEPIN,(612) 813-6112,Childrens,Voluntary Non-Profit - Private,1.0,,,,1,1,0
250001,UNIVERSITY OF MISSISSIPPI MED CENTER,2500 N STATE ST,JACKSON,MS,39216,HINDS,(601) 984-4100,Acute Care Hospitals,Government - State,1.0,,,,1,1,0
250002,TISHOMINGO HEALTH SERVICES INC,1777 CURTIS DRIVE,IUKA,MS,38852,TISHOMINGO,(662) 423-6051,Acute Care Hospitals,Voluntary Non-Profit - Private,1.0,,,,1,1,0
250004,NORTH MISSISSIPPI MEDICAL CENTER,830 S GLOSTER STREET,TUPELO,MS,38801,LEE,(662) 377-6608,Acute Care Hospitals,Voluntary Non-Profit - Private,1.0,,,,1,1,0
250006,BAPTIST MEMORIAL HOSPITAL UNION COUNTY,200 HWY 30 WEST,NEW ALBANY,MS,38652,UNION,(662) 538-7631,Acute Care Hospitals,Voluntary Non-Profit - Other,1.0,,,,1,1,0
250007,Memorial Hospital Biloxi,150 REYNOIR STREET,BILOXI,MS,39530,HARRISON,(228) 432-1571,Acute Care Hospitals,Proprietary,1.0,,,,1,1,0
250009,MAGNOLIA REGIONAL HEALTH CENTER,611 ALCORN DRIVE,CORINTH,MS,38834,ALCORN,(662) 293-1000,Acute Care Hospitals,Government - Local,1.0,,,,1,1,0
250010,TIPPAH COUNTY HOSPITAL,1005 HWY 15 N,RIPLEY,MS,38663,TIPPAH,6628379221,Acute Care Hospitals,Government - Local,1.0,,,,1,0,0
250012,ALLIANCE HEALTHCARE SYSTEM,1430 HIGHWAY 4 EAST / P O BOX 6000,HOLLY SPRINGS,MS,38635,MARSHALL,6622521212,Acute Care Hospitals,Proprietary,1.0,,,,1,0,0
250015,GRENADA LAKE MEDICAL CENTER,960 AVENT DRIVE,GRENADA,MS,38901,GRENADA,6622277000,Acute Care Hospitals,Government - Local,1.0,,,,1,0,0
250017,PROGRESSIVE HEALTH GROUP OF HOUSTON,1002 EAST MADISON STREET,HOUSTON,MS,38851,CHICKASAW,(662) 456-3700,Acute Care Hospitals,Proprietary,1.0,,,,1,1,0
250018,JASPER GENERAL HOSPITAL,15 SOUTH 6TH STREET,BAY SPRINGS,MS,39422,JASPER,(601) 764-2101,Acute Care Hospitals,Government - Local,0.0,,,,1,1,0
250019,MEMORIAL HOSPITAL AT GULFPORT,4500 13TH STREET,GULFPORT,MS,39502,HARRISON,(228) 867-4000,Acute Care Hospitals,Government - Hospital District or Authority,1.0,,,,1,1,0
250020,WEBSTER GENERAL HOSPITAL/ SWING BED,70 MEDICAL PLAZA,EUPORA,MS,39744,WEBSTER,(662) 258-6221,Acute Care Hospitals,Voluntary Non-Profit - Other,1.0,,,,1,1,0
250025,NORTH MISSISSIPPI MEDICAL CENTER-GILMORE AMORY,1105 EARL FRYE BLVD,AMORY,MS,38821,MONROE,(662) 256-7111,Acute Care Hospitals,Proprietary,1.0,,,,1,1,0
250027,WINSTON MEDICAL CENTER,17550 EAST MAIN STREET,LOUISVILLE,MS,39339,WINSTON,(662) 779-5124,Acute Care Hospitals,Government - Local,1.0,,,,1,1,0
250031,MERIT HEALTH RIVER REGION,2100 HWY 61 N,VICKSBURG,MS,39183,WARREN,(601) 883-5000,Acute Care Hospitals,Proprietary,1.0,,,,1,1,0
250034,BAPTIST MEMORIAL HOSPITAL NORTH MS,1100 BELK BLVD,OXFORD,MS,38655,LAFAYETTE,(662) 232-8100,Acute Care Hospitals,Voluntary Non-Profit - Private,1.0,,,,1,1,0
250036,GEORGE REGIONAL HEALTH SYSTEM,859 WINTER STREET,LUCEDALE,MS,39452,GEORGE,(601) 947-3161,Acute Care Hospitals,Government - Local,1.0,,,,1,1,0
250038,MERIT HEALTH MADISON,161 RIVER OAKS DRIVE,CANTON,MS,39046,MADISON,(601) 855-4000,Acute Care Hospitals,Proprietary,1.0,,,,1,1,0
250040,SINGING RIVER HEALTH SYSTEM,2809 DENNY AV,PASCAGOULA,MS,39581,JACKSON,(228) 809-5000,Acute Care Hospitals,Government - Local,1.0,,,,1,1,0
250042,NORTHWEST MISSISSISSIPPI REGIONAL MEDICAL CENTER,1970 HOSPITAL DRIVE,CLARKSDALE,MS,38614,COAHOMA,(662) 627-3211,Acute Care Hospitals,Proprietary,1.0,,,,1,1,0
250043,NESHOBA COUNTY GENERAL HOSPITAL,1001 HOLLAND AVENUE,PHILADELPHIA,MS,39350,NESHOBA,(601) 663-1200,Acute Care Hospitals,Government - Local,1.0,,,,1,1,0
250044,BAPTIST MEMORIAL HOSPITAL BOONEVILLE,100 HOSPITAL STREET,BOONEVILLE,MS,38829,PRENTISS,(662) 720-5000,Acute Care Hospitals,Voluntary Non-Profit - Church,1.0,,,,1,1,0
250048,ST DOMINIC-JACKSON MEMORIAL HOSPITAL,969 LAKELAND DR,JACKSON,MS,39216,HINDS,(601) 200-2000,Acute Care Hospitals,Voluntary Non-Profit - Other,1.0,,,,1,1,0
250049,BEACHAM MEMORIAL HOSPITAL,205 N CHERRY STREET / PO BOX 351,MAGNOLIA,MS,39652,PIKE,(601) 783-2353,Acute Care Hospitals,Voluntary Non-Profit - Private,0.0,,,,1,1,0
250050,OCH REGIONAL MEDICAL CENTER,400 HOSPITAL ROAD /MAIL PO BOX 1506,STARKVILLE,MS,39759,OKTIBBEHA,(662) 323-4320,Acute Care Hospitals,Government - Local,1.0,,,,1,1,0
250051,KILMICHAEL HOSPITAL,301 LAMAR AVENUE,KILMICHAEL,MS,39747,MONTGOMERY,6622624311,Acute Care Hospitals,Government - Local,0.0,,,,1,0,0
250057,KING'S DAUGHTERS MEDICAL CENTER-BROOKHAVEN,P O BOX 948/427 HIGHWAY 51 NORTH,BROOKHAVEN,MS,39601,LINCOLN,(601) 833-6011,Acute Care Hospitals,Voluntary Non-Profit - Other,1.0,,,,1,1,0
250058,SOUTH CENTRAL REG MED CTR,1220 JEFFERSON ST BOX 607,LAUREL,MS,39440,JONES,(601) 426-4000,Acute Care Hospitals,Government - Local,1.0,,,,1,1,0
250059,MONTFORT JONES MEMORIAL HOSPITAL,220 HWY 12 WEST,KOSCIUSKO,MS,39090,ATTALA,6622894311,Acute Care Hospitals,Voluntary Non-Profit - Other,1.0,,,,1,0,0
250060,JEFFERSON COUNTY HOSPITAL,809 S MAIN BOX 577,FAYETTE,MS,39069,JEFFERSON,6017863401,Acute Care Hospitals,Government - Local,1.0,,,,1,0,0
250061,YALOBUSHA GENERAL HOSPITAL,630 SOUTH MAIN STREET,WATER VALLEY,MS,38965,YALOBUSHA,(662) 473-1411,Acute Care Hospitals,Government - Local,0.0,,,,1,1,0
250067,CLAY COUNTY MEDICAL CORPORATION,150 MEDICAL CENTER DRIVE,WEST POINT,MS,39773,CLAY,(662) 495-2300,Acute Care Hospitals,Voluntary Non-Profit - Private,1.0,,,,1,1,0
250069,OCHSNER RUSH HOSPITAL,1314 19TH AVE,MERIDIAN,MS,39301,LAUDERDALE,(601) 483-0011,Acute Care Hospitals,Voluntary Non-Profit - Private,1.0,,,,1,1,0
250072,MERIT HEALTH CENTRAL,1850 CHADWICK DR,JACKSON,MS,39204,HINDS,(601) 376-1000,Acute Care Hospitals,Proprietary,1.0,,,,1,1,0
250077,WAYNE GENERAL HOSPITAL,950 MATTHEW DR,WAYNESBORO,MS,39367,WAYNE,(601) 735-5151,Acute Care Hospitals,Government - Local,1.0,,,,1,1,0
250078,FORREST GENERAL HOSPITAL,6051 US HIGHWAY 49,HATTIESBURG,MS,39401,FORREST,(601) 288-7000,Acute Care Hospitals,Government - Local,1.0,,,,1,1,0
250079,SHARKEY ISSAQUENA COMMUNITY HOSPITAL,47 SOUTH 4 ST,ROLLING FORK,MS,39159,SHARKEY,6628734395,Acute Care Hospitals,Government - Local,1.0,,,,1,0,0
250081,ANDERSON REGIONAL MEDICAL CENTER SOUTH CAMPUS,1102 CONSTITUTION AVENUE,MERIDIAN,MS,39301,LAUDERDALE,(601) 484-3590,Acute Care Hospitals,Proprietary,1.0,,,,1,1,0
250082,DELTA HEALTH SYSTEM - THE MEDICAL CENTER,1400 E UNION ST,GREENVILLE,MS,38701,WASHINGTON,(662) 378-3783,Acute Care Hospitals,Government - Local,1.0,,,,1,1,0
250084,MERIT HEALTH NATCHEZ,52 SERGEANT PRENTISS DRIVE,NATCHEZ,MS,39120,ADAMS,(601) 443-2100,Acute Care Hospitals,Government - Local,1.0,,,,1,1,0
250085,MARION GENERAL HOSPITAL,1560 SUMRALL RD,COLUMBIA,MS,39429,MARION,(601) 736-6303,Acute Care Hospitals,Government - Local,1.0,,,,1,1,0
250093,BOLIVAR MEDICAL CENTER,901 E SUNFLOWER RD,CLEVELAND,MS,38732,BOLIVAR,(662) 846-0061,Acute Care Hospitals,Proprietary,1.0,,,,1,1,0
250094,MERIT HEALTH WESLEY,5001 W HARDY ST,HATTIESBURG,MS,39402,LAMAR,(601) 268-8000,Acute Care Hospitals,Proprietary,1.0,,,,1,1,0
250095,SOUTH SUNFLOWER COUNTY HOSPITAL,121 EAST BAKER STREET,INDIANOLA,MS,38751,SUNFLOWER,(662) 887-5235,Acute Care Hospitals,Government - Local,1.0,,,,1,1,0
250096,CROSSGATES RIVER OAKS HOSPITAL,350 CROSSGATES BLVD,BRANDON,MS,39042,RANKIN,(601) 825-2811,Acute Care Hospitals,Proprietary,1.0,,,,1,1,0
250097,SOUTHWEST MS REGIONAL MEDICAL CENTER,215 MARION AV BOX 1307,MCCOMB,MS,39649,PIKE,(601) 249-5500,Acute Care Hospitals,Government - Local,1.0,,,,1,1,0
250099,GREENWOOD LEFLORE HOSPITAL,1401 RIVER RD,GREENWOOD,MS,38930,LEFLORE,(662) 459-7000,Acute Care Hospitals,Government - Local,1.0,,,,1,1,0
250100,BMH-GOLDEN TRIANGLE,2520 5TH STREET N,COLUMBUS,MS,39705,LOWNDES,(662) 244-1000,Acute Care Hospitals,Voluntary Non-Profit - Private,1.0,,,,1,1,0
250102,MISSISSIPPI BAPTIST MEDICAL CENTER,1225 N STATE ST,JACKSON,MS,39202,HINDS,(601) 968-1000,Acute Care Hospitals,Voluntary Non-Profit - Private,1.0,,,,1,1,0
250104,ANDERSON REGIONAL MEDICAL CENTER,2124 14TH STREET,MERIDIAN,MS,39301,LAUDERDALE,(601) 553-6000,Acute Care Hospitals,Voluntary Non-Profit - Private,1.0,,,,1,1,0
250117,HIGHLAND COMMUNITY  HOSPITAL,130 HIGHLAND PKWY,PICAYUNE,MS,39466,PEARL RIVER,(601) 358-9400,Acute Care Hospitals,Government - Local,1.0,,,,1,1,0
250122,NATCHEZ COMMUNITY HOSPITAL/SWING BED,129 JEFFERSON DAVIS BLVD BOX 1203,NATCHEZ,MS,39120,ADAMS,6014456205,Acute Care Hospitals,Proprietary,1.0,,,,1,0,0
250123,SINGING RIVER GULFPORT,15200 COMMUNITY ROAD,GULFPORT,MS,39503,HARRISON,(228) 575-7000,Acute Care Hospitals,Proprietary,1.0,,,,1,1,0
250124,MAGEE GENERAL HOSPITAL,300 3RD AVE SE,MAGEE,MS,39111,SIMPSON,(601) 849-5070,Acute Care Hospitals,Voluntary Non-Profit - Private,1.0,,,,1,1,0
250126,NORTH OAK REGIONAL MEDICAL CENTER,401 GETWELL DR,SENATOBIA,MS,38668,TATE,6625623100,Acute Care Hospitals,Proprietary,1.0,,,,1,0,0
250127,CHOCTAW HEALTH CENTER,ROUTE 7 BOX R50,PHILADELPHIA,MS,39350,NESHOBA,(601) 656-2211,,,,,,,0,1,0
250128,TRI LAKES MEDICAL CENTER,303 MEDICAL CENTER DRIVE,BATESVILLE,MS,38606,PANOLA,6625635611,Acute Care Hospitals,Voluntary Non-Profit - Private,1.0,,,,1,0,0
250134,WHITFIELD MEDICAL SURGICAL HOSPITAL,"3550 HWY 468 W, BLDG 60",WHITFIELD,MS,39193,RANKIN,(601) 351-8023,Acute Care Hospitals,Government - State,0.0,,,,1,1,0
250136,MERIT HEALTH WOMEN'S HOSPITAL,1026 RIVER OAKS DRIVE,FLOWOOD,MS,39232,RANKIN,(601) 932-1000,Acute Care Hospitals,Proprietary,0.0,,,,1,1,0
250138,MERIT HEALTH RIVER OAKS,1030 RIVER OAKS DRIVE,FLOWOOD,MS,39232,RANKIN,(601) 932-1030,Acute Care Hospitals,Proprietary,1.0,,,,1,1,0
250141,BAPTIST MEMORIAL HOSPITAL DESOTO,7601 SOUTHCREST PARKWAY,SOUTHAVEN,MS,38671,DE SOTO,(662) 772-4000,Acute Care Hospitals,Voluntary Non-Profit - Private,1.0,,,,1,1,0
250151,ALLIANCE HEALTH CENTER,5000 HIGHWAY 39 NORTH,MERIDIAN,MS,39301,LAUDERDALE,(601) 483-6211,Acute Care Hospitals,Proprietary,0.0,,,,1,1,0
250152,MISSISSIPPI METHODIST REHAB CTR,1350 E WOODROW WILSON DR,JACKSON,MS,39216,HINDS,(601) 981-2611,Acute Care Hospitals,Voluntary Non-Profit - Private,0.0,,,,1,1,0
250162,OCHSNER MEDICAL CENTER-HANCOCK,149 DRINKWATER BLVD,BAY SAINT LOUIS,MS,39520,HANCOCK,(228) 467-8600,Acute Care Hospitals,Government - Local,1.0,,,,1,1,0
250163,PATIENTS CHOICE MEDICAL CENTER,347 MAGNOLIA DRIVE,RALEIGH,MS,39153,SMITH,6017829998,Acute Care Hospitals,Proprietary,0.0,,,,1,0,0
250167,METHODIST HEALTHCARE - OLIVE BRANCH HOSPITAL,4250 BETHEL ROAD,OLIVE BRANCH,MS,38654,DE SOTO,(662) 932-9000,,,,,,,0,1,0
250168,UNIVERSITY OF MISSISSIPPI MEDICAL CENTER- GRENADA,960 AVENT DRIVE,GRENADA,MS,38901,GRENADA,(662) 227-7000,,,,,,,0,1,0
250172,HIGHLAND HILLS MEDICAL CENTER,401 GETWELL DRIVE,SENATOBIA,MS,38668,TATE,(662) 612-0311,,,,,,,0,1,0
250174,"ALLIANCE HEALTHCARE SYSTEM, INC",1430 MS HIGHWAY 4 E,HOLLY SPRINGS,MS,38635,MARSHALL,(662) 252-1212,,,,,,,0,1,0
25039F,81st Medical Group (Keesler AFB),81 MDG 301 Fisher St Suite 109,Biloxi,MS,39534,HARRISON,(228) 377-6393,,,,,,,0,1,0
25042F,VA GULF COAST HEALTHCARE SYSTEM,400 VETERANS AVENUE,BILOXI,MS,39531,HARRISON,(228) 523-5000,ACUTE CARE - VETERANS ADMINISTRATION,Government - Federal,1.0,,,,1,1,0
25043F,G. V. (SONNY) MONTGOMERY VA MEDICAL CENTER (JACKSON),1500 E. WOODROW WILSON DRIVE,JACKSON,MS,39216,HINDS,(601) 362-4471,ACUTE CARE - VETERANS ADMINISTRATION,Government - Federal,1.0,,,,1,1,0
250780,JEFFERSON COUNTY HOSPITAL,870 S MAIN,FAYETTE,MS,39069,JEFFERSON,(601) 786-3401,,,,,,,0,1,0
250781,PANOLA MEDICAL CENTER,303 MEDICAL CENTER DRIVE,BATESVILLE,MS,38606,PANOLA,(662) 563-5611,,,,,,,0,1,0
250782,GREENE COUNTY HOSPITAL,1017 JACKSON STREET,LEAKESVILLE,MS,39451,GREENE,(601) 394-4135,,,,,,,0,1,0
250783,PERRY COUNTY GENERAL HOSPITAL,206 BAY ST,RICHTON,MS,39476,GREENE,(601) 788-6316,,,,,,,0,1,0
250784,SHARKEY ISSAQUENA COMMUNITY HOSPITAL,47 SOUTH FOURTH ST,ROLLING FORK,MS,39159,SHARKEY,(662) 873-4395,,,,,,,0,1,0
250785,PROGRESSIVE HEALTH GROUP OF HOUSTON,1002 EAST MADISON STREET,HOUSTON,MS,38851,CHICKASAW,(662) 456-3700,,,,,,,0,1,0
251300,S E LACKEY MEMORIAL HOSPITAL,330 N BROAD STREET,FOREST,MS,39074,SCOTT,(601) 469-4151,Critical Access Hospitals,Voluntary Non-Profit - Private,1.0,,,,1,1,0
251302,MONROE REGIONAL HOSPITAL,400 SOUTH CHESTNUT STREET,ABERDEEN,MS,39730,MONROE,(662) 369-2455,Critical Access Hospitals,Voluntary Non-Profit - Private,1.0,,,,1,1,0
251303,STONE COUNTY HOSPITAL,1434 EAST CENTRAL AVENUE,WIGGINS,MS,39577,STONE,6019286600,Critical Access Hospitals,Proprietary,1.0,,,,1,0,0
251304,TALLAHATCHIE GENERAL HOSPITAL-CAH,141 DR. T.T. LEWIS CIRCLE / PO BOX 230,CHARLESTON,MS,38921,TALLAHATCHIE,(662) 647-5535,Critical Access Hospitals,Government - Local,0.0,,,,1,1,0
251305,LAWRENCE COUNTY HOSPITAL CAH,1065 EAST BROAD ST,MONTICELLO,MS,39654,LAWRENCE,(601) 587-4051,Critical Access Hospitals,Government - Local,1.0,,,,1,1,0
251306,PERRY COUNTY GENERAL HOSP,206 BAY ST,RICHTON,MS,39476,PERRY,6017886316,Critical Access Hospitals,Proprietary,1.0,,,,1,0,0
251307,NOXUBEE GENERAL CRITICAL ACCESS HOSP,78 HOSPITAL ROAD,MACON,MS,39341,NOXUBEE,(662) 726-4231,,,,,,,0,1,0
251308,PONTOTOC HEALTH SERVICE INC CAH,176 SOUTH MAIN STREET,PONTOTOC,MS,38863,PONTOTOC,(662) 489-5510,Critical Access Hospitals,Voluntary Non-Profit - Private,1.0,,,,1,1,0
251309,FIELD HEALTH SYSTEM,178 HIGHWAY 24,CENTREVILLE,MS,39631,WILKINSON,(601) 890-0500,Critical Access Hospitals,Government - Local,1.0,,,,1,1,0
251311,PATIENT'S CHOICE MEDICAL CENTER OF HUMPHREYS,500 CCC ROAD,BELZONI,MS,39038,HUMPHREYS,6622473831,Critical Access Hospitals,Voluntary Non-Profit - Other,1.0,,,,1,0,0
251312,TYLER HOLMES MEMORIAL HOSPITAL CAH,409 TYLER HOLMES DRIVE,WINONA,MS,38967,MONTGOMERY,(662) 283-6126,Critical Access Hospitals,Government - Local,1.0,,,,1,1,0
251313,BAPTIST MEDICAL CENTER-YAZOO,823 GRAND AVENUE,YAZOO CITY,MS,39194,YAZOO,(662) 746-2261,Critical Access Hospitals,Voluntary Non-Profit - Private,1.0,,,,1,1,0
251314,QUITMAN COUNTY HOSPITAL CAH,340 GETWELL DRIVE,MARKS,MS,38646,QUITMAN,6623268031,Critical Access Hospitals,Proprietary,1.0,,,,1,0,0
251315,BAPTIST MEDICAL CENTER-LEAKE,1100 HIGHWAY 16 EAST,CARTHAGE,MS,39051,LEAKE,(601) 267-1422,Critical Access Hospitals,Government - Local,1.0,,,,1,1,0
251316,OCHSNER WATKINS HOSPITAL,605 SOUTH ARCHUSA AVENUE,QUITMAN,MS,39355,CLARKE,(601) 776-6925,Critical Access Hospitals,Voluntary Non-Profit - Private,1.0,,,,1,1,0
251317,SIMPSON GENERAL HOSPITAL CAH,1842 SIMPSON HIGHWAY 149,MENDENHALL,MS,39114,SIMPSON,(601) 847-2221,Critical Access Hospitals,Voluntary Non-Profit - Private,0.0,,,,1,1,0
251318,NORTH SUNFLOWER MEDICAL CENTER CAH,840 NORTH OAK AVENUE,RULEVILLE,MS,38771,SUNFLOWER,(662) 756-2711,Critical Access Hospitals,Voluntary Non-Profit - Other,1.0,,,,1,1,0
251319,HOLMES COUNTY HOSPITAL AND CLINICS,239 BOWLING GREEN ROAD,LEXINGTON,MS,39095,HOLMES,(662) 834-1321,Critical Access Hospitals,Government - State,1.0,,,,1,1,0
251320,CLAIBORNE COUNTY HOSPITAL,123 MCCOMB AVENUE,PORT GIBSON,MS,39150,CLAIBORNE,(601) 437-5141,Critical Access Hospitals,Proprietary,1.0,,,,1,1,0
251322,OCHSNER LAIRD HOSPITAL,25117 HIGHWAY 15,UNION,MS,39365,NESHOBA,(601) 774-8214,Critical Access Hospitals,Voluntary Non-Profit - Other,1.0,,,,1,1,0
251323,OCHSNER SCOTT REGIONAL,317 HIGHWAY 13 SOUTH,MORTON,MS,39117,SCOTT,(601) 732-6301,Critical Access Hospitals,Voluntary Non-Profit - Private,1.0,,,,1,1,0
251324,WALTHALL COUNTY GENERAL HOSPITAL CAH,100 HOSPITAL DRIVE,TYLERTOWN,MS,39667,WALTHALL,(601) 876-2122,Critical Access Hospitals,Government - State,1.0,,,,1,1,0
251325,COVINGTON COUNTY HOSPITAL CAH,701 SOUTH HOLLY AVENUE,COLLINS,MS,39428,COVINGTON,(601) 765-6711,Critical Access Hospitals,Voluntary Non-Profit - Other,1.0,,,,1,1,0
251326,JEFFERSON DAVIS COMMUNITY HOSPITAL CAH,1102 ROSE STREET,PRENTISS,MS,39474,JEFFERSON DAVIS,(601) 792-4276,Critical Access Hospitals,Voluntary Non-Profit - Private,1.0,,,,1,1,0
251327,COPIAH COUNTY MEDICAL CENTER,21790 HIGHWAY 28,HAZLEHURST,MS,39083,COPIAH,(601) 894-4541,Critical Access Hospitals,Government - Local,1.0,,,,1,1,0
251329,GREENE COUNTY HOSPITAL CAH,1017 JACKSON STREET,LEAKESVILLE,MS,39451,GREENE,6013944135,Critical Access Hospitals,Voluntary Non-Profit - Other,0.0,,,,1,0,0
251330,FRANKLIN COUNTY MEMORIAL HOSPITAL,HWY 84 BOX 636,MEADVILLE,MS,39653,FRANKLIN,(601) 384-5801,Critical Access Hospitals,Government - Local,1.0,,,,1,1,0
251331,BMH-CALHOUN,140 BURKE-CALHOUN CITY ROAD,CALHOUN CITY,MS,38916,CALHOUN,(662) 628-6611,Critical Access Hospitals,Government - Local,1.0,,,,1,1,0
251332,PIONEER HEALTH SERVICES OF NEWTON,"9421 EAST SIDE DRIVE EXTENSION, POB 299",NEWTON,MS,39345,NEWTON,6016832031,Critical Access Hospitals,Proprietary,1.0,,,,1,0,0
251333,PEARL RIVER COUNTY HOSPITAL,305 WEST MOODY STREET,POPLARVILLE,MS,39470,PEARL RIVER,(601) 795-4543,Critical Access Hospitals,Voluntary Non-Profit - Other,0.0,,,,1,1,0
251334,CHOCTAW REGIONAL MEDICAL CENTER,8613 MS HWY 12,ACKERMAN,MS,39735,CHOCTAW,(662) 285-6235,Critical Access Hospitals,Voluntary Non-Profit - Other,0.0,,,,1,1,0
251335,OCHSNER STENNIS MEMORIAL HOSPITAL,14365 HIGHWAY 16 WEST,DE KALB,MS,39328,KEMPER,(769) 486-1000,Critical Access Hospitals,Voluntary Non-Profit - Private,1.0,,,,1,1,0
251336,BAPTIST MEDICAL CENTER ATTALA,220 HWY 12 WEST,KOSCIUSKO,MS,39090,ATTALA,(662) 289-4311,,,,,,,0,1,0
251337,TIPPAH COUNTY HOSPITAL,1005 CITY AVE NORTH,RIPLEY,MS,38663,TIPPAH,(662) 837-9221,,,,,,,0,1,0
251339,QUITMAN COMMUNITY HOSPITAL,340 GETWELL DRIVE,MARKS,MS,38646,QUITMAN,(662) 712-2370,,,,,,,0,1,0
260001,MERCY HOSPITAL JOPLIN,100 MERCY WAY,JOPLIN,MO,64804,JASPER,(417) 781-2727,Acute Care Hospitals,Voluntary Non-Profit - Church,1.0,,,,1,1,0
260004,COOPER COUNTY MEMORIAL HOSPITAL,17651 B HWY,BOONVILLE,MO,65233,COOPER,6608827461,Acute Care Hospitals,Government - Local,1.0,,,,1,0,0
260005,SSM ST JOSEPH HEALTH CENTER,300 1ST CAPITOL DR,SAINT CHARLES,MO,63301,ST. CHARLES,(636) 947-5000,Acute Care Hospitals,Voluntary Non-Profit - Private,1.0,,,,1,1,0
260006,MOSAIC LIFE CARE AT ST JOSEPH,5325 FARAON STREET,SAINT JOSEPH,MO,64506,BUCHANAN,(816) 271-6000,Acute Care Hospitals,Voluntary Non-Profit - Private,1.0,,,,1,1,0
260009,BOTHWELL REGIONAL HEALTH CENTER,601 E 14TH ST,SEDALIA,MO,65301,PETTIS,(660) 826-8833,Acute Care Hospitals,Government - Local,1.0,,,,1,1,0
260011,SSM HEALTH ST. MARY'S HOSPITAL - JEFFERSON CITY,2505 MISSION DRIVE,JEFFERSON CITY,MO,65109,COLE,(573) 681-3000,Acute Care Hospitals,Proprietary,1.0,,,,1,1,0
260015,TWIN RIVERS REGIONAL MEDICAL CENTER,1301 FIRST ST,KENNETT,MO,63857,DUNKLIN,5738884522,Acute Care Hospitals,Voluntary Non-Profit - Private,1.0,,,,1,0,0
260017,PHELPS COUNTY REGIONAL MEDICAL CENTER,1000 W 10TH ST,ROLLA,MO,65401,PHELPS,(573) 458-8899,Acute Care Hospitals,Government - Local,1.0,,,,1,1,0
260020,MERCY HOSPITAL ST LOUIS,615 NEW BALLAS ROAD,SAINT LOUIS,MO,63141,ST. LOUIS,(314) 251-6000,Acute Care Hospitals,Voluntary Non-Profit - Church,1.0,,,,1,1,0
260022,NORTHEAST REGIONAL MEDICAL CENTER,315 S OSTEOPATHY,KIRKSVILLE,MO,63501,ADAIR,(660) 785-1000,Acute Care Hospitals,Proprietary,1.0,,,,1,1,0
260023,MERCY HOSPITAL JEFFERSON,1400 US HIGHWAY 61,CRYSTAL CITY,MO,63019,JEFFERSON,(636) 933-1000,Acute Care Hospitals,Voluntary Non-Profit - Private,1.0,,,,1,1,0
260024,TEXAS COUNTY MEMORIAL HOSPITAL,1333 SAM HOUSTON BOULEVARD,HOUSTON,MO,65483,TEXAS,(417) 967-3311,Acute Care Hospitals,Voluntary Non-Profit - Other,1.0,,,,1,1,0
260025,HANNIBAL REGIONAL HOSPITAL,6000 HOSPITAL DR,HANNIBAL,MO,63401,MARION,(573) 248-1300,Acute Care Hospitals,Voluntary Non-Profit - Private,1.0,,,,1,1,0
260027,RESEARCH MEDICAL CENTER,2316 E MEYER BLVD,KANSAS CITY,MO,64132,JACKSON,(816) 276-4000,Acute Care Hospitals,Proprietary,1.0,,,,1,1,0
26002F,General Leonard Wood ACH (FT Leonard Wood),4430 Missouri Ave,Fort Leonard Wood,MO,65473,PULASKI,(573) 596-0035,,,,,,,0,1,0
260032,BARNES JEWISH HOSPITAL,ONE BARNES-JEWISH HOSPITAL PLAZA,SAINT LOUIS,MO,63110,ST. LOUIS CITY,(314) 747-3000,Acute Care Hospitals,Voluntary Non-Profit - Other,1.0,,,,1,1,0
260034,BATES COUNTY MEMORIAL HOSPITAL,615 W NURSERY ST,BUTLER,MO,64730,BATES,(660) 200-7000,Acute Care Hospitals,Government - Local,1.0,,,,1,1,0
260040,COX MEDICAL CENTERS,3801 SOUTH NATIONAL AVENUE,SPRINGFIELD,MO,65807,GREENE,(417) 269-6000,Acute Care Hospitals,Voluntary Non-Profit - Private,1.0,,,,1,1,0
260047,CAPITAL REGION MEDICAL CENTER,1125 MADISON ST,JEFFERSON CITY,MO,65102,COLE,5736325000,Acute Care Hospitals,Voluntary Non-Profit - Private,1.0,,,,1,0,0
260048,TRUMAN MEDICAL CENTER HOSPITAL HILL,2301 HOLMES STREET,KANSAS CITY,MO,64108,JACKSON,(816) 404-1000,Acute Care Hospitals,Voluntary Non-Profit - Private,1.0,,,,1,1,0
26004F,KANSAS CITY VA MEDICAL CENTER,4801 LINWOOD BLVD.,KANSAS CITY,MO,64128,JACKSON,(816) 861-4700,ACUTE CARE - VETERANS ADMINISTRATION,Government - Federal,1.0,,,,1,1,0
260050,ST FRANCIS HOSPITAL,2016 SOUTH MAIN ST,MARYVILLE,MO,64468,NODAWAY,6605622600,Acute Care Hospitals,Voluntary Non-Profit - Church,1.0,,,,1,0,0
260052,MERCY HOSPITAL WASHINGTON,901 EAST 5TH STREET,WASHINGTON,MO,63090,FRANKLIN,(636) 239-8000,Acute Care Hospitals,Voluntary Non-Profit - Church,1.0,,,,1,1,0
260057,CAMERON REGIONAL MEDICAL CENTER,1600 E EVERGREEN,CAMERON,MO,64429,CLINTON,(816) 632-2101,Acute Care Hospitals,Voluntary Non-Profit - Private,1.0,,,,1,1,0
260059,MERCY HOSPITAL LEBANON,100 HOSPITAL DRIVE,LEBANON,MO,65536,LACLEDE,(417) 533-6100,Acute Care Hospitals,Voluntary Non-Profit - Church,1.0,,,,1,1,0
260061,NEVADA REGIONAL MEDICAL CENTER,800 S ASH ST,NEVADA,MO,64772,VERNON,(417) 667-3355,Acute Care Hospitals,Government - Local,1.0,,,,1,1,0
260062,SAINT LUKES NORTH HOSPITAL,5830 N W BARRY ROAD,KANSAS CITY,MO,64154,PLATTE,(816) 891-6000,Acute Care Hospitals,Voluntary Non-Profit - Private,1.0,,,,1,1,0
260064,AUDRAIN MEDICAL CENTER,620 E MONROE,MEXICO,MO,65265,AUDRAIN,5735825000,Acute Care Hospitals,Voluntary Non-Profit - Private,1.0,,,,1,0,0
260065,MERCY HOSPITAL SPRINGFIELD,2115 S. Fremont Ave,SPRINGFIELD,MO,65804,GREENE,(417) 820-2000,Acute Care Hospitals,Voluntary Non-Profit - Church,1.0,,,,1,1,0
260068,BOONE HOSPITAL CENTER,1600 E BROADWAY,COLUMBIA,MO,65201,BOONE,(573) 815-8000,Acute Care Hospitals,Voluntary Non-Profit - Other,1.0,,,,1,1,0
260070,PEMISCOT COUNTY MEMORIAL HOSPITAL,946 EAST REED,HAYTI,MO,63851,PEMISCOT,(573) 359-1372,Acute Care Hospitals,Government - Hospital District or Authority,1.0,,,,1,1,0
260074,MOBERLY REGIONAL MEDICAL CENTER,1515 UNION AVE,MOBERLY,MO,65270,RANDOLPH,(660) 263-8400,Acute Care Hospitals,Proprietary,1.0,,,,1,1,0
260077,MERCY HOSPITAL SOUTH,10010 KENNERLY ROAD,SAINT LOUIS,MO,63128,ST. LOUIS,(314) 525-1000,Acute Care Hospitals,Voluntary Non-Profit - Church,1.0,,,,1,1,0
260078,OZARKS HEALTHCARE,1100 KENTUCKY AVE,WEST PLAINS,MO,65775,HOWELL,(417) 256-9111,Acute Care Hospitals,Voluntary Non-Profit - Other,1.0,,,,1,1,0
26007F,POPLAR BLUFF VA MEDICAL CENTER,1500 N. WESTWOOD BLVD.,POPLAR BLUFF,MO,63901,BUTLER,(573) 686-4151,ACUTE CARE - VETERANS ADMINISTRATION,Government - Federal,1.0,,,,1,1,0
260080,RIPLEY COUNTY MEMORIAL HOSPITAL,109 PLUM ST,DONIPHAN,MO,63935,RIPLEY,5739962141,Acute Care Hospitals,Government - Local,1.0,,,,1,0,0
260081,SSM ST CLARE HEALTH CENTER,1015 BOWLES,FENTON,MO,63026,JEFFERSON,(636) 496-2000,Acute Care Hospitals,Voluntary Non-Profit - Church,1.0,,,,1,1,0
260085,ST JOSEPH MEDICAL CENTER,1000 CARONDELET DR,KANSAS CITY,MO,64114,JACKSON,(816) 942-4400,Acute Care Hospitals,Voluntary Non-Profit - Private,1.0,,,,1,1,0
260091,SSM HEALTH ST MARY'S HOSPITAL - ST LOUIS,6420 CLAYTON RD,SAINT LOUIS,MO,63117,ST. LOUIS,(314) 768-8000,Acute Care Hospitals,Voluntary Non-Profit - Church,1.0,,,,1,1,0
260094,COX MEDICAL CENTER BRANSON,"525 BRANSON LANDING BLVD, PO BOX 650",BRANSON,MO,65615,TANEY,(417) 335-7000,Acute Care Hospitals,Voluntary Non-Profit - Private,1.0,,,,1,1,0
260095,CENTERPOINT MEDICAL CENTER,19600 EAST 39TH STREET,INDEPENDENCE,MO,64057,JACKSON,(816) 698-7000,Acute Care Hospitals,Voluntary Non-Profit - Private,1.0,,,,1,1,0
260096,NORTH KANSAS CITY HOSPITAL,2800 CLAY EDWARDS DRIVE,NORTH KANSAS CITY,MO,64116,CLAY,(816) 691-2000,Acute Care Hospitals,Government - Local,1.0,,,,1,1,0
260097,WESTERN MISSOURI MEDICAL CENTER,403 BURKARTH ROAD,WARRENSBURG,MO,64093,JOHNSON,(660) 747-2500,Acute Care Hospitals,Government - Hospital District or Authority,1.0,,,,1,1,0
26009F,ST LOUIS-JOHN COCHRAN VA MEDICAL CENTER,915 NORTH GRAND,ST. LOUIS,MO,63106,ST. LOUIS,(314) 652-4100,ACUTE CARE - VETERANS ADMINISTRATION,Government - Federal,1.0,,,,1,1,0
260102,UNIVERSITY HEALTH LAKEWOOD MEDICAL CENTER,7900 LEE'S SUMMIT RD,KANSAS CITY,MO,64139,JACKSON,(816) 404-7000,Acute Care Hospitals,Voluntary Non-Profit - Private,1.0,,,,1,1,0
260104,SSM HEALTH DEPAUL HOSPITAL ST LOUIS,12303 DEPAUL DRIVE,BRIDGETON,MO,63044,ST. LOUIS,(314) 344-6000,Acute Care Hospitals,Voluntary Non-Profit - Private,1.0,,,,1,1,0
260105,SSM HEALTH SAINT LOUIS UNIVERSITY HOSPITAL,1201 S GRAND BLVD,SAINT LOUIS,MO,63104,ST. LOUIS CITY,(314) 257-8000,Acute Care Hospitals,Proprietary,1.0,,,,1,1,0
260108,MISSOURI BAPTIST MEDICAL CENTER,3015 N BALLAS RD,SAINT LOUIS,MO,63131,ST. LOUIS,(314) 996-5000,Acute Care Hospitals,Voluntary Non-Profit - Private,1.0,,,,1,1,0
260110,MERCY HOSPITAL SOUTHEAST,1701 LACEY ST,CAPE GIRARDEAU,MO,63701,CAPE GIRARDEAU,(573) 334-4822,Acute Care Hospitals,Voluntary Non-Profit - Private,1.0,,,,1,1,0
260113,MISSOURI DELTA MEDICAL CENTER,1008 NORTH MAIN ST,SIKESTON,MO,63801,SCOTT,(573) 472-7586,Acute Care Hospitals,Voluntary Non-Profit - Other,1.0,,,,1,1,0
260115,MISSOURI BAPTIST HOSPITAL SULLIVAN,751 SAPPINGTON BRIDGE RD,SULLIVAN,MO,63080,FRANKLIN,5734684186,Acute Care Hospitals,Voluntary Non-Profit - Private,1.0,,,,1,0,0
260116,MINERAL AREA REGIONAL MEDICAL CENTER,1212 WEBER RD,FARMINGTON,MO,63640,SAINT FRANCOIS,5737564581,Acute Care Hospitals,Proprietary,1.0,,,,1,0,0
260119,POPLAR BLUFF REGIONAL MEDICAL CENTER,3100 OAK GROVE ROAD,POPLAR BLUFF,MO,63901,BUTLER,(573) 785-7721,Acute Care Hospitals,Proprietary,1.0,,,,1,1,0
260137,FREEMAN HEALTH SYSTEM - FREEMAN WEST,1102 WEST 32ND STREET,JOPLIN,MO,64804,JASPER,(417) 347-1111,Acute Care Hospitals,Voluntary Non-Profit - Other,1.0,,,,1,1,0
260138,ST LUKES HOSPITAL OF KANSAS CITY,4401 WORNALL ROAD,KANSAS CITY,MO,64111,JACKSON,(816) 932-2000,Acute Care Hospitals,Government - Hospital District or Authority,1.0,,,,1,1,0
260141,UNIVERSITY OF MISSOURI HEALTH CARE,ONE HOSPITAL DRIVE,COLUMBIA,MO,65212,BOONE,(573) 882-4141,Acute Care Hospitals,Government - State,1.0,,,,1,1,0
260142,FITZGIBBON HOSPITAL,2305 S 65 HIGHWAY,MARSHALL,MO,65340,SALINE,(660) 886-7431,Acute Care Hospitals,Voluntary Non-Profit - Private,1.0,,,,1,1,0
260147,SAC-OSAGE HOSPITAL,700 GIESLER DRIVE,OSCEOLA,MO,64776,SAINT CLAIR,4176468181,Acute Care Hospitals,Government - Hospital District or Authority,0.0,,,,1,0,0
260160,MERCY HOSPITAL STODDARD,1200 N ONE MILE RD,DEXTER,MO,63841,STODDARD,(573) 624-5566,Acute Care Hospitals,Proprietary,1.0,,,,1,1,0
260162,BARNES-JEWISH WEST COUNTY HOSPITAL,12634 OLIVE BOULEVARD,CREVE COEUR,MO,63141,ST. LOUIS,(314) 996-8000,Acute Care Hospitals,Voluntary Non-Profit - Private,1.0,,,,1,1,0
260163,PARKLAND HEALTH CENTER,1101 W LIBERTY,FARMINGTON,MO,63640,ST. FRANCOIS,(573) 431-6005,Acute Care Hospitals,Voluntary Non-Profit - Private,1.0,,,,1,1,0
260175,GOLDEN VALLEY MEMORIAL HOSPITAL,1600 N 2ND ST,CLINTON,MO,64735,HENRY,(660) 885-5511,Acute Care Hospitals,Government - Hospital District or Authority,1.0,,,,1,1,0
260176,ST LUKE'S DES PERES HOSPITAL,2345 DOUGHERTY FERRY ROAD,ST LOUIS,MO,63122,ST. LOUIS,(314) 966-9100,Acute Care Hospitals,Proprietary,1.0,,,,1,1,0
260177,LIBERTY HOSPITAL,2525 GLENN HENDREN DR,LIBERTY,MO,64068,CLAY,(816) 781-7200,Acute Care Hospitals,Government - Hospital District or Authority,1.0,,,,1,1,0
260179,ST LUKES HOSPITAL,232 S WOODS MILL RD,CHESTERFIELD,MO,63017,ST. LOUIS,(314) 434-1500,Acute Care Hospitals,Voluntary Non-Profit - Private,1.0,,,,1,1,0
260180,CHRISTIAN HOSPITAL NORTHEAST,11133 DUNN ROAD,SAINT LOUIS,MO,63136,ST. LOUIS,(314) 653-5000,Acute Care Hospitals,Voluntary Non-Profit - Private,1.0,,,,1,1,0
260183,SAINT FRANCIS MEDICAL CENTER,211 ST FRANCIS DR,CAPE GIRARDEAU,MO,63703,CAPE GIRARDEAU,(573) 331-3000,Acute Care Hospitals,Voluntary Non-Profit - Church,1.0,,,,1,1,0
260186,LAKE REGIONAL HEALTH SYSTEM,54 HOSPITAL DRIVE,OSAGE BEACH,MO,65065,CAMDEN,(573) 348-8000,Acute Care Hospitals,Voluntary Non-Profit - Other,1.0,,,,1,1,0
260190,LEE'S SUMMIT MEDICAL CENTER,2100 SE BLUE PARKWAY,LEES SUMMIT,MO,64063,JACKSON,(816) 282-5000,Acute Care Hospitals,Proprietary,1.0,,,,1,1,0
260191,BARNES-JEWISH ST PETERS HOSPITAL,10 HOSPITAL DR,SAINT PETERS,MO,63376,ST. CHARLES,(636) 916-9000,Acute Care Hospitals,Voluntary Non-Profit - Other,1.0,,,,1,1,0
260193,ST MARY'S MEDICAL CENTER,201 NW R D MIZE RD,BLUE SPRINGS,MO,64014,JACKSON,(816) 228-5900,Acute Care Hospitals,Voluntary Non-Profit - Church,1.0,,,,1,1,0
260195,CITIZENS MEMORIAL HOSPITAL,1500 N OAKLAND,BOLIVAR,MO,65613,POLK,(417) 326-6000,Acute Care Hospitals,Government - Hospital District or Authority,1.0,,,,1,1,0
260200,SSM ST JOSEPH HOSPITAL WEST,100 MEDICAL PLAZA,LAKE SAINT LOUIS,MO,63367,ST. CHARLES,(636) 625-5200,Acute Care Hospitals,Voluntary Non-Profit - Church,1.0,,,,1,1,0
260207,OZARKS COMMUNITY HOSPITAL,2828 NORTH NATIONAL,SPRINGFIELD,MO,65803,GREENE,4178374000,Acute Care Hospitals,Voluntary Non-Profit - Private,1.0,,,,1,0,0
260209,CALLAWAY COMMUNITY HOSPITAL,10 SOUTH HOSPITAL DRIVE,FULTON,MO,65251,CALLAWAY,5736423376,Acute Care Hospitals,Proprietary,1.0,,,,1,0,0
260210,ST ALEXIUS HOSPITAL,3933 S BROADWAY,SAINT LOUIS,MO,63118,SAINT LOUIS CITY,3148657000,Acute Care Hospitals,Proprietary,1.0,,,,1,0,0
260211,SAINT LUKES CANCER INSTITUTE,4401 WORNALL ROAD,KANSAS CITY,MO,64111,JACKSON,8169322823,Acute Care Hospitals,Voluntary Non-Profit - Private,0.0,,,,1,0,0
260214,BELTON REGIONAL MEDICAL CENTER,17065 S 71 HIGHWAY,BELTON,MO,64012,CASS,(816) 348-1200,Acute Care Hospitals,Voluntary Non-Profit - Private,1.0,,,,1,1,0
260216,SAINT LUKE'S EAST  HOSPITAL,100 N E SAINT LUKE'S BOULEVARD,LEES SUMMIT,MO,64086,JACKSON,(816) 347-5000,Acute Care Hospitals,Voluntary Non-Profit - Private,1.0,,,,1,1,0
260219,PROGRESS WEST HOSPITAL,2 PROGRESS POINT PKWY,OFALLON,MO,63368,ST. CHARLES,(636) 344-2273,Acute Care Hospitals,Voluntary Non-Profit - Private,1.0,,,,1,1,0
26023F,COLUMBIA MO VA MEDICAL CENTER,800 HOSPITAL DR,COLUMBIA,MO,65201,BOONE,(573) 814-6000,ACUTE CARE - VETERANS ADMINISTRATION,Government - Federal,1.0,,,,1,1,0
260779,PARKLAND HEALTH CENTER - BONNE TERRE,7245 RAIDER ROAD,BONNE TERRE,MO,63628,ST. FRANCOIS,(573) 358-1400,,,,,,,0,1,0
261301,ELLETT MEMORIAL HOSPITAL,610 N OHIO STREET,APPLETON CITY,MO,64724,ST. CLAIR,(660) 476-2111,,,,,,,0,1,0
261302,MADISON MEDICAL CENTER,611 W MAIN ST,FREDERICKTOWN,MO,63645,MADISON,(573) 781-3341,,,,,,,0,1,0
261303,COMMUNITY HOSPITAL ASSOCIATION,"26136 US HIGHWAY 59, PO BOX 107",FAIRFAX,MO,64446,ATCHISON,(660) 686-2211,Critical Access Hospitals,Voluntary Non-Profit - Private,0.0,,,,1,1,0
261304,ADVANCED HEALTHCARE MEDICAL CENTER,"ROUTE 4, BOX 4269",ELLINGTON,MO,63638,REYNOLDS,5736632511,Critical Access Hospitals,Voluntary Non-Profit - Private,1.0,,,,1,0,0
261305,PUTNAM COUNTY MEMORIAL HOSPITAL,"1926 OAK STREET,  PO BOX 389",UNIONVILLE,MO,63565,PUTNAM,(660) 947-2411,Critical Access Hospitals,Voluntary Non-Profit - Other,1.0,,,,1,1,0
261306,SULLIVAN COUNTY MEMORIAL HOSPITAL,630 WEST THIRD STREET,MILAN,MO,63556,SULLIVAN,(660) 265-4212,Critical Access Hospitals,Government - Local,1.0,,,,1,1,0
261307,PERSHING MEMORIAL HOSPITAL,130 EAST LOCKLING,BROOKFIELD,MO,64628,LINN,(660) 258-2222,Critical Access Hospitals,Voluntary Non-Profit - Private,1.0,,,,1,1,0
261308,WASHINGTON COUNTY MEMORIAL HOSPITAL,300 HEALTH WAY,POTOSI,MO,63664,WASHINGTON,(573) 438-5451,Critical Access Hospitals,Government - Local,1.0,,,,1,1,0
261309,WRIGHT MEMORIAL HOSPITAL,191 IOWA BOULEVARD,TRENTON,MO,64683,GRUNDY,(660) 359-5621,Critical Access Hospitals,Voluntary Non-Profit - Other,1.0,,,,1,1,0
261310,SCOTLAND COUNTY  HOSPITAL,450 E SIGLER AVENUE,MEMPHIS,MO,63555,SCOTLAND,(660) 465-8511,Critical Access Hospitals,Government - Hospital District or Authority,1.0,,,,1,1,0
261311,MERCY HOSPITAL PERRY,434 NORTH WEST STREET,PERRYVILLE,MO,63775,PERRY,(573) 547-2536,Critical Access Hospitals,Government - Local,1.0,,,,1,1,0
261312,HARRISON COUNTY COMMUNITY HOSPITAL,2600 MILLER STREET,BETHANY,MO,64424,HARRISON,(660) 425-2211,Critical Access Hospitals,Government - Hospital District or Authority,1.0,,,,1,1,0
261313,MACON COUNTY SAMARITAN MEMORIAL HOSPITAL,1205 NORTH MISSOURI ST,MACON,MO,63552,MACON,(660) 385-8700,,,,,,,0,1,0
261314,HERMANN AREA DISTRICT HOSPITAL,509 W 18TH ST,HERMANN,MO,65041,GASCONADE,(573) 486-2191,Critical Access Hospitals,Government - Hospital District or Authority,1.0,,,,1,1,0
261316,MERCY HOSPITAL AURORA,500 PORTER AVENUE,AURORA,MO,65605,LAWRENCE,(417) 678-2122,Critical Access Hospitals,Voluntary Non-Profit - Church,1.0,,,,1,1,0
261317,MERCY HOSPITAL - CASSVILLE,94 MAIN STREET,CASSVILLE,MO,65625,BARRY,(417) 847-6065,Critical Access Hospitals,Voluntary Non-Profit - Church,1.0,,,,1,1,0
261318,SALEM MEMORIAL DISTRICT HOSPITAL,PO BOX 774,SALEM,MO,65560,DENT,(573) 729-6626,Critical Access Hospitals,Government - Hospital District or Authority,1.0,,,,1,1,0
261319,MERCY HOSPITAL LINCOLN,1000 EAST CHERRY STREET,TROY,MO,63379,LINCOLN,(636) 528-8551,Critical Access Hospitals,Government - Local,1.0,,,,1,1,0
261320,LAFAYETTE REGIONAL HEALTH CENTER,1500 STATE STREET,LEXINGTON,MO,64067,LAFAYETTE,(660) 259-2203,Critical Access Hospitals,Proprietary,1.0,,,,1,1,0
261321,HEDRICK MEDICAL CENTER,2799 NORTH WASHINGTON STREET,CHILLICOTHE,MO,64601,LIVINGSTON,(660) 646-1480,Critical Access Hospitals,Voluntary Non-Profit - Private,1.0,,,,1,1,0
261322,EXCELSIOR SPRINGS HOSPITAL,1700 RAINBOW BOULEVARD,EXCELSIOR SPRINGS,MO,64024,CLAY,(816) 630-6081,,,,,,,0,1,0
261323,CEDAR COUNTY MEMORIAL HOSPITAL,1401 SOUTH PARK STREET,EL DORADO SPRINGS,MO,64744,CEDAR,(417) 876-2511,,,,,,,0,1,0
261324,CASS REGIONAL MEDICAL CENTER,2800 E ROCK HAVEN ROAD,HARRISONVILLE,MO,64701,CASS,(816) 380-5888,Critical Access Hospitals,Government - Local,1.0,,,,1,1,0
261325,COX BARTON COUNTY HOSPITAL,29 NW 1ST LANE,LAMAR,MO,64759,BARTON,(417) 682-6081,Critical Access Hospitals,Government - Local,1.0,,,,1,1,0
261326,MERCY MCCUNE BROOKS HOSPITAL,3125 DR RUSSELL SMITH WAY,CARTHAGE,MO,64836,JASPER,4173588121,Critical Access Hospitals,Government - Local,1.0,,,,1,0,0
261327,RAY COUNTY MEMORIAL HOSPITAL,904 WOLLARD BOULEVARD,RICHMOND,MO,64085,RAY,(816) 470-5432,Critical Access Hospitals,Government - Local,1.0,,,,1,1,0
261328,MOSAIC MEDICAL CENTER ALBANY,705 N COLLEGE STREET,ALBANY,MO,64402,GENTRY,(660) 726-3941,Critical Access Hospitals,Voluntary Non-Profit - Private,1.0,,,,1,1,0
261329,COX MONETT HOSPITAL,1000 E US HIGHWAY 60,MONETT,MO,65708,BARRY,(417) 354-1400,Critical Access Hospitals,Voluntary Non-Profit - Private,1.0,,,,1,1,0
261330,STE GENEVIEVE COUNTY MEMORIAL HOSPITAL,HWYS 61 & 32,SAINTE GENEVIEVE,MO,63670,STE. GENEVIEVE,(573) 883-2751,Critical Access Hospitals,Voluntary Non-Profit - Other,1.0,,,,1,1,0
261331,FREEMAN NEOSHO HOSPITAL,113 WEST HICKORY STREET,NEOSHO,MO,64850,NEWTON,(417) 451-1234,Critical Access Hospitals,Proprietary,1.0,,,,1,1,0
261332,CARROLL COUNTY MEMORIAL HOSPITAL,1502 NORTH JEFFERSON,CARROLLTON,MO,64633,CARROLL,(660) 542-1695,Critical Access Hospitals,Voluntary Non-Profit - Private,1.0,,,,1,1,0
261333,PIKE COUNTY MEMORIAL HOSPITAL,2305 WEST GEORGIA STREET,LOUISIANA,MO,63353,PIKE,(573) 754-5531,Critical Access Hospitals,Government - Local,1.0,,,,1,1,0
261335,MERCY ST FRANCIS HOSPITAL,"100 WEST HIGHWAY 60, PO BOX 82",MOUNTAIN VIEW,MO,65548,HOWELL,(417) 934-7000,Critical Access Hospitals,Voluntary Non-Profit - Private,0.0,,,,1,1,0
261336,IRON COUNTY MEDICAL CENTER,301 NORTH HIGHWAY 21,PILOT KNOB,MO,63663,IRON,(573) 546-1260,,,,,,,0,1,0
261337,MISSOURI BAPTIST SULLIVAN HOSPITAL,751 SAPPINGTON BRIDGE RD,SULLIVAN,MO,63080,FRANKLIN,(573) 468-4186,,,,,,,0,1,0
261338,MERCY HOSPITAL CARTHAGE,3125 DR RUSSELL SMITH WAY,CARTHAGE,MO,64836,JASPER,(417) 358-8121,,,,,,,0,1,0
261340,MOSAIC MEDICAL CENTER - MARYVILLE,2016 SOUTH MAIN ST,MARYVILLE,MO,64468,NODAWAY,(660) 562-2600,,,,,,,0,1,0
263301,ST LOUIS CHILDRENS HOSPITAL,ONE CHILDRENS PLACE,SAINT LOUIS,MO,63110,ST. LOUIS CITY,(314) 454-6000,,,,,,,0,1,0
263302,THE CHILDREN'S MERCY HOSPITAL,2401 GILLHAM ROAD,KANSAS CITY,MO,64108,JACKSON,(816) 234-3000,Childrens,Voluntary Non-Profit - Private,1.0,,,,1,1,0
263303,RANKEN JORDAN PEDIATRIC BRIDGE HOSPITAL,11365 DORSETT ROAD,MARYLAND HEIGHTS,MO,63043,ST. LOUIS,(314) 872-6400,,,,,,,0,1,0
263304,SHRINERS HOSPITALS FOR CHILDREN,4400 CLAYTON AVE,SAINT LOUIS,MO,63110,ST. LOUIS CITY,(314) 432-3600,,,,,,,0,1,0
270003,ST PETERS HEALTH,2475 BROADWAY,HELENA,MT,59601,LEWIS AND CLARK,(406) 442-2480,Acute Care Hospitals,Voluntary Non-Profit - Private,1.0,,,,1,1,0
270004,BILLINGS CLINIC,2800 10TH AVE N,BILLINGS,MT,59101,YELLOWSTONE,(406) 657-4000,Acute Care Hospitals,Voluntary Non-Profit - Private,1.0,,,,1,1,0
270012,BENEFIS HOSPITALS INC,1101 26TH ST S,GREAT FALLS,MT,59405,CASCADE,(406) 455-5000,Acute Care Hospitals,Voluntary Non-Profit - Private,1.0,,,,1,1,0
270014,ST. PATRICK HOSPITAL,500 W BROADWAY,MISSOULA,MT,59802,MISSOULA,(406) 543-7271,Acute Care Hospitals,Voluntary Non-Profit - Church,1.0,,,,1,1,0
270017,ST JAMES HOSPITAL,400 S CLARK ST,BUTTE,MT,59701,SILVER BOW,(406) 723-2500,Acute Care Hospitals,Voluntary Non-Profit - Private,1.0,,,,1,1,0
270023,COMMUNITY MEDICAL CENTER,2827 FORT MISSOULA RD,MISSOULA,MT,59804,MISSOULA,(406) 728-4100,Acute Care Hospitals,Voluntary Non-Profit - Private,1.0,,,,1,1,0
270032,NORTHERN MONTANA HOSPITAL,30 13TH ST,HAVRE,MT,59501,HILL,4062652211,Acute Care Hospitals,Voluntary Non-Profit - Private,1.0,,,,1,0,0
27003F,VA MONTANA HEALTHCARE SYSTEM,3687 VETERANS DRIVE,FORT HARRISON,MT,59636,LEWIS AND CLARK,(406) 447-7900,ACUTE CARE - VETERANS ADMINISTRATION,Government - Federal,1.0,,,,1,1,0
270049,INTERMOUNTAIN HEALTH ST VINCENT REGIONAL HOSPITAL,1233 N 30TH ST,BILLINGS,MT,59107,YELLOWSTONE,(406) 657-7000,Acute Care Hospitals,Voluntary Non-Profit - Church,1.0,,,,1,1,0
270051,LOGAN HEALTH MEDICAL CENTER,310 SUNNYVIEW LANE,KALISPELL,MT,59901,FLATHEAD,(406) 752-5111,Acute Care Hospitals,Voluntary Non-Profit - Private,1.0,,,,1,1,0
270057,BOZEMAN HEALTH DEACONESS HOSPITAL,915 HIGHLAND BLVD,BOZEMAN,MT,59715,GALLATIN,(406) 585-5000,Acute Care Hospitals,Voluntary Non-Profit - Private,1.0,,,,1,1,0
270074,P H S INDIAN HOSPITAL AT BROWNING - BLACKFEET,"760 HOSPITAL CIRCLE, POST OFFICE BOX 760",BROWNING,MT,59417,GLACIER,(406) 338-8917,Acute Care Hospitals,Government - Federal,1.0,,,,1,1,0
270086,GREAT FALLS CLINIC HOSPITAL,3010 15TH AVENUE SOUTH,GREAT FALLS,MT,59405,CASCADE,(406) 216-8000,Acute Care Hospitals,Proprietary,0.0,,,,1,1,0
270087,HEALTH CENTER NORTHWEST,320 SUNNYVIEW LANE,KALISPELL,MT,59901,FLATHEAD,4067517550,Acute Care Hospitals,Proprietary,0.0,,,,1,0,0
271300,POPLAR COMMUNITY HOSPITAL,211 H ST E,POPLAR,MT,59255,ROOSEVELT,(406) 768-6100,Critical Access Hospitals,Voluntary Non-Profit - Private,1.0,,,,1,1,0
271301,FALLON MEDICAL COMPLEX HOSPITAL,202 S 4TH ST W,BAKER,MT,59313,FALLON,(406) 778-3331,,,,,,,0,1,0
271302,DAHL MEMORIAL HEALTHCARE ASSOCIATION INC,215 SANDY ST,EKALAKA,MT,59324,CARTER,(406) 775-8739,Critical Access Hospitals,Voluntary Non-Profit - Private,1.0,,,,1,1,0
271303,GRANITE COUNTY MEDICAL CENTER,310 SANSOME ST,PHILIPSBURG,MT,59858,GRANITE,(406) 859-3271,,,,,,,0,1,0
271304,MISSOURI RIVER MEDICAL CENTER,1501 ST CHARLES ST,FORT BENTON,MT,59442,CHOUTEAU,(406) 622-3331,Critical Access Hospitals,Government - Hospital District or Authority,1.0,,,,1,1,0
271305,MCCONE COUNTY HEALTH CENTER,605 SULLIVAN AVE,CIRCLE,MT,59215,MCCONE,(406) 485-3381,Critical Access Hospitals,Voluntary Non-Profit - Private,1.0,,,,1,1,0
271306,MOUNTAINVIEW MEDICAL CENTER,16 W MAIN ST,WHITE SULPHUR SPRING,MT,59645,MEAGHER,(406) 547-3321,Critical Access Hospitals,Voluntary Non-Profit - Private,1.0,,,,1,1,0
271307,BENEFIS TETON MEDICAL CENTER,915 4TH ST NW,CHOTEAU,MT,59422,TETON,(406) 466-5763,Critical Access Hospitals,Government - Hospital District or Authority,1.0,,,,1,1,0
271308,ROOSEVELT MEDICAL CENTER,818 2ND AVE E,CULBERTSON,MT,59218,ROOSEVELT,(406) 787-6401,Critical Access Hospitals,Voluntary Non-Profit - Private,1.0,,,,1,1,0
271309,PRAIRIE COMMUNITY CAH,312 S ADAMS,TERRY,MT,59349,PRAIRIE,(406) 635-5511,Critical Access Hospitals,Government - Hospital District or Authority,1.0,,,,1,1,0
271310,GARFIELD COUNTY HEALTH CENTER,332 LEAVITT AVE,JORDAN,MT,59337,GARFIELD,(406) 557-2500,Critical Access Hospitals,Government - Local,1.0,,,,1,1,0
271311,BIG SANDY MEDICAL CENTER,166 MONTANA AVE E,BIG SANDY,MT,59520,CHOUTEAU,(406) 378-2188,Critical Access Hospitals,Government - Hospital District or Authority,1.0,,,,1,1,0
271312,PHILLIPS COUNTY HOSPITAL - CAH,311 S 8TH AVE E,MALTA,MT,59538,PHILLIPS,(406) 654-1100,Critical Access Hospitals,Voluntary Non-Profit - Private,1.0,,,,1,1,0
271313,PIONEER MEDICAL CENTER,301 W 7TH AVE,BIG TIMBER,MT,59011,SWEET GRASS,(406) 932-4603,Critical Access Hospitals,Government - Local,1.0,,,,1,1,0
271314,DEER LODGE MEDICAL CENTER,1100 HOLLENBACK LN,DEER LODGE,MT,59722,POWELL,(406) 846-2212,,,,,,,0,1,0
271315,P H S INDIAN HOSPITAL-FT BELKNAP AT HARLEM - CAH,"456 GROS VENTRE AVE, RR 1",HARLEM,MT,59526,BLAINE,(406) 353-3100,,,,,,,0,1,0
271316,FRANCES MAHON DEACONESS HOSPITAL,621 3RD ST S,GLASGOW,MT,59230,VALLEY,(406) 228-3500,Critical Access Hospitals,Voluntary Non-Profit - Private,1.0,,,,1,1,0
271317,LIVINGSTON HEALTHCARE,320 ALPENGLOW LANE,LIVINGSTON,MT,59047,PARK,(406) 222-3541,Critical Access Hospitals,Voluntary Non-Profit - Private,1.0,,,,1,1,0
271318,BARRETT HOSPITAL & HEALTHCARE,600 MT HWY 91 S,DILLON,MT,59725,BEAVERHEAD,(406) 683-3000,Critical Access Hospitals,Government - Hospital District or Authority,1.0,,,,1,1,0
271319,RUBY VALLEY MEDICAL CENTER,321 MADISON ST,SHERIDAN,MT,59749,MADISON,(406) 842-5453,Critical Access Hospitals,Government - Hospital District or Authority,1.0,,,,1,1,0
271320,CABINET PEAKS MEDICAL CENTER,209 HEALTH PARK DR,LIBBY,MT,59923,LINCOLN,(406) 283-7000,Critical Access Hospitals,Voluntary Non-Profit - Private,1.0,,,,1,1,0
271321,WHEATLAND MEMORIAL HOSPITAL,530 3RD ST NW,HARLOWTON,MT,59036,WHEATLAND,(406) 632-4351,Critical Access Hospitals,Voluntary Non-Profit - Private,1.0,,,,1,1,0
271322,SHERIDAN MEMORIAL HOSPTIAL,440 W LAUREL AVE,PLENTYWOOD,MT,59254,SHERIDAN,(406) 765-3700,Critical Access Hospitals,Voluntary Non-Profit - Other,1.0,,,,1,1,0
271323,CLARK FORK VALLEY HOSPITAL,10 KRUGER RD,PLAINS,MT,59859,SANDERS,(406) 826-4800,Critical Access Hospitals,Voluntary Non-Profit - Private,1.0,,,,1,1,0
271324,PONDERA MEDICAL CENTER,805 SUNSET BLVD,CONRAD,MT,59425,PONDERA,(406) 271-3211,Critical Access Hospitals,Voluntary Non-Profit - Private,1.0,,,,1,1,0
271325,ST LUKE COMMUNITY HOSPITAL,107 6TH AVE SW,RONAN,MT,59864,LAKE,(406) 676-4441,Critical Access Hospitals,Voluntary Non-Profit - Private,1.0,,,,1,1,0
271326,BEARTOOTH BILLINGS CLINIC,2525 N BROADWAY,RED LODGE,MT,59068,CARBON,(406) 446-2345,Critical Access Hospitals,Voluntary Non-Profit - Private,1.0,,,,1,1,0
271327,ROSEBUD HEALTH CARE CENTER,383 N 17TH AV,FORSYTH,MT,59327,ROSEBUD,(406) 346-2161,Critical Access Hospitals,Voluntary Non-Profit - Private,1.0,,,,1,1,0
271328,LOGAN HEALTH - SHELBY,640 PARK AVE,SHELBY,MT,59474,TOOLE,(406) 434-3200,Critical Access Hospitals,Government - Local,1.0,,,,1,1,0
271329,MADISON VALLEY MEDICAL CENTER,305 N MAIN,ENNIS,MT,59729,MADISON,(406) 682-4222,,,,,,,0,1,0
271330,STILLWATER BILLINGS CLINIC,710 N 11TH ST,COLUMBUS,MT,59019,STILLWATER,(406) 322-5316,Critical Access Hospitals,Voluntary Non-Profit - Private,1.0,,,,1,1,0
271331,MINERAL COMMUNITY HOSPITAL,1208 6TH AVE E,SUPERIOR,MT,59872,MINERAL,(406) 822-4841,,,,,,,0,1,0
271332,GLENDIVE MEDICAL CENTER,202 PROSPECT DR,GLENDIVE,MT,59330,DAWSON,(406) 345-3306,Critical Access Hospitals,Voluntary Non-Profit - Private,1.0,,,,1,1,0
271333,BILLINGS CLINIC BROADWATER,110 N OAK ST,TOWNSEND,MT,59644,BROADWATER,(406) 266-3186,,,,,,,0,1,0
271334,LOGAN HEALTH - CHESTER,315 W MADISON AVE,CHESTER,MT,59522,LIBERTY,(406) 759-5181,Critical Access Hospitals,Voluntary Non-Profit - Private,1.0,,,,1,1,0
271335,COMMUNITY HOSPITAL OF ANACONDA,401 W PENNSYLVANIA,ANACONDA,MT,59711,DEER LODGE,(406) 563-8500,Critical Access Hospitals,Voluntary Non-Profit - Private,1.0,,,,1,1,0
271336,LOGAN HEALTH - WHITEFISH,1600 HOSPITAL WAY,WHITEFISH,MT,59937,FLATHEAD,(406) 863-3550,Critical Access Hospitals,Voluntary Non-Profit - Private,1.0,,,,1,1,0
271337,NORTHERN ROCKIES MEDICAL CENTER,802 2ND ST SE,CUT BANK,MT,59427,GLACIER,(406) 873-2251,Critical Access Hospitals,Voluntary Non-Profit - Private,1.0,,,,1,1,0
271338,BIG HORN HOSPITAL,17 N MILES,HARDIN,MT,59034,BIG HORN,(406) 665-2310,Critical Access Hospitals,Government - Local,1.0,,,,1,1,0
271339,P H S INDIAN HOSPITAL CROW / NORTHERN CHEYENNE,"1010 SOUTH 7650 EAST, POST OFFICE BOX 9",CROW AGENCY,MT,59022,BIG HORN,(406) 638-2626,Critical Access Hospitals,Government - Federal,1.0,,,,1,1,0
271340,BITTERROOT HEALTH - DALY HOSPITAL,1200 WESTWOOD DR,HAMILTON,MT,59840,RAVALLI,(406) 363-2211,Critical Access Hospitals,Voluntary Non-Profit - Private,1.0,,,,1,1,0
271341,TRINITY HOSPITAL,315 KNAPP ST,WOLF POINT,MT,59201,ROOSEVELT,(406) 653-2100,Critical Access Hospitals,Voluntary Non-Profit - Private,1.0,,,,1,1,0
271342,DANIELS MEMORIAL HOSPITAL,105 5TH AVE E,SCOBEY,MT,59263,DANIELS,(406) 487-2296,Critical Access Hospitals,Government - Hospital District or Authority,1.0,,,,1,1,0
271343,PROVIDENCE ST JOSEPH MEDICAL CENTER,6 13TH AVE E,POLSON,MT,59860,LAKE,(406) 883-5377,Critical Access Hospitals,Voluntary Non-Profit - Church,1.0,,,,1,1,0
271344,SIDNEY HEALTH CENTER,216 14TH AVE SW,SIDNEY,MT,59270,RICHLAND,(406) 488-2100,Critical Access Hospitals,Voluntary Non-Profit - Private,1.0,,,,1,1,0
271345,CENTRAL MONTANA MEDICAL CENTER,408 WENDELL AVE,LEWISTOWN,MT,59457,FERGUS,(406) 535-7711,Critical Access Hospitals,Voluntary Non-Profit - Private,1.0,,,,1,1,0
271346,ROUNDUP MEMORIAL HEALTHCARE,1202 3RD ST W,ROUNDUP,MT,59072,MUSSELSHELL,(406) 323-2301,Critical Access Hospitals,Voluntary Non-Profit - Other,1.0,,,,1,1,0
271347,HOLY ROSARY HOSPITAL,2600 WILSON ST,MILES CITY,MT,59301,CUSTER,(406) 233-2600,Critical Access Hospitals,Voluntary Non-Profit - Church,1.0,,,,1,1,0
271348,NORTHERN MONTANA HOSPITAL,30 13TH ST,HAVRE,MT,59501,HILL,(406) 265-2211,,,,,,,0,1,0
271389,BOZEMAN HEALTH BIG SKY MEDICAL CENTER,334 TOWN CENTER AVE,BIG SKY,MT,59716,GALLATIN,(406) 995-6995,,,,,,,0,1,0
280003,BRYAN MEDICAL CENTER,1600 SOUTH 48TH ST,LINCOLN,NE,68506,LANCASTER,(402) 481-1111,Acute Care Hospitals,Voluntary Non-Profit - Private,1.0,,,,1,1,0
280009,CHI HEALTH GOOD SAMARITAN,"P O BOX 1990, 10 EAST 31ST ST",KEARNEY,NE,68848,BUFFALO,(308) 865-7900,Acute Care Hospitals,Voluntary Non-Profit - Church,1.0,,,,1,1,0
280013,THE NEBRASKA MEDICAL CENTER,988102 Nebrasks Medical Center,OMAHA,NE,68198,DOUGLAS,(402) 559-4000,Acute Care Hospitals,Voluntary Non-Profit - Private,1.0,,,,1,1,0
280020,CHI HEALTH ST. ELIZABETH,555 SOUTH 70TH ST,LINCOLN,NE,68510,LANCASTER,(402) 219-7700,Acute Care Hospitals,Voluntary Non-Profit - Private,1.0,,,,1,1,0
280023,CHI HEALTH ST. FRANCIS,2620 WEST FAIDLEY AVE,GRAND ISLAND,NE,68803,HALL,(308) 384-4600,Acute Care Hospitals,Voluntary Non-Profit - Church,1.0,,,,1,1,0
280030,CREIGHTON UNIVERSITY MEDICAL CENTER - SAINT JOSEPH,601 NORTH 30TH ST,OMAHA,NE,68131,DOUGLAS,4024494040,Acute Care Hospitals,Voluntary Non-Profit - Other,1.0,,,,1,0,0
280032,MARY LANNING HEALTHCARE,715 N ST JOSEPH AVE,HASTINGS,NE,68901,ADAMS,(402) 463-4521,Acute Care Hospitals,Voluntary Non-Profit - Other,1.0,,,,1,1,0
280040,THE NEBRASKA METHODIST HOSPITAL,8303 DODGE ST,OMAHA,NE,68114,DOUGLAS,(402) 354-4000,Acute Care Hospitals,Voluntary Non-Profit - Private,1.0,,,,1,1,0
280059,TWELVE CLANS UNITY HOSPITAL,225 S BLUFF STREET,WINNEBAGO,NE,68071,THURSTON,(402) 878-2231,,,,,,,0,1,0
280060,CHI HEALTH BERGAN MERCY,7500 MERCY RD,OMAHA,NE,68124,DOUGLAS,(402) 398-6020,Acute Care Hospitals,Voluntary Non-Profit - Private,1.0,,,,1,1,0
280061,REGIONAL WEST MEDICAL CENTER,4021 AVE B,SCOTTSBLUFF,NE,69361,SCOTT BLUFF,(308) 635-3711,Acute Care Hospitals,Voluntary Non-Profit - Other,1.0,,,,1,1,0
280065,GREAT PLAINS HEALTH,601 WEST LEOTA ST,NORTH PLATTE,NE,69101,LINCOLN,(308) 568-8000,Acute Care Hospitals,Voluntary Non-Profit - Private,1.0,,,,1,1,0
28006F,OMAHA VA MEDICAL CENTER (VA NEBRASKA WESTERN IOWA HEALTHCARE SYSTEM),4101 WOOLWORTH AVENUE,OMAHA,NE,68105,DOUGLAS,(402) 346-8800,ACUTE CARE - VETERANS ADMINISTRATION,Government - Federal,1.0,,,,1,1,0
280077,METHODIST FREMONT HEALTH,450 EAST 23RD ST,FREMONT,NE,68025,DODGE,(402) 721-1610,Acute Care Hospitals,Government - Local,1.0,,,,1,1,0
280081,CHI HEALTH IMMANUEL,6901 NORTH 72ND ST,OMAHA,NE,68122,DOUGLAS,(402) 572-2121,Acute Care Hospitals,Voluntary Non-Profit - Private,1.0,,,,1,1,0
280105,CHI HEALTH MIDLANDS,11111 SOUTH 84TH ST,PAPILLION,NE,68046,SARPY,(402) 593-3000,Acute Care Hospitals,Voluntary Non-Profit - Church,1.0,,,,1,1,0
280111,"COLUMBUS COMMUNITY HOSPITAL, INC",4600 38TH ST,COLUMBUS,NE,68601,PLATTE,(402) 564-7118,Acute Care Hospitals,Voluntary Non-Profit - Other,1.0,,,,1,1,0
280125,FAITH REGIONAL HEALTH SERVICES,2700 WEST NORFOLK AVE,NORFOLK,NE,68701,MADISON,(402) 371-4880,Acute Care Hospitals,Voluntary Non-Profit - Other,1.0,,,,1,1,0
280127,LINCOLN SURGICAL HOSPITAL,1710 SOUTH 70TH STREET,LINCOLN,NE,68506,LANCASTER,(402) 484-9090,Acute Care Hospitals,Proprietary,0.0,,,,1,1,0
280128,CHI HEALTH NEBRASKA HEART,7500 SOUTH 91ST ST,LINCOLN,NE,68526,LANCASTER,(402) 328-3000,Acute Care Hospitals,Proprietary,0.0,,,,1,1,0
280129,NEBRASKA ORTHOPAEDIC HOSPITAL,2808 SOUTH 143RD PLAZA,OMAHA,NE,68144,DOUGLAS,(402) 609-3000,Acute Care Hospitals,Proprietary,1.0,,,,1,1,0
280130,CHI HEALTH LAKESIDE,16901 LAKESIDE HILLS CT,OMAHA,NE,68130,DOUGLAS,(402) 717-8000,Acute Care Hospitals,Voluntary Non-Profit - Church,1.0,,,,1,1,0
280131,MIDWEST SURGICAL HOSPITAL LLC,7915 FARNAM DRIVE,OMAHA,NE,68114,DOUGLAS,(402) 399-1900,Acute Care Hospitals,Proprietary,0.0,,,,1,1,0
280132,BELLEVUE MEDICAL CENTER,2500 BELLEVUE MEDICAL CENTER DR,BELLEVUE,NE,68123,SARPY,(402) 763-3600,Acute Care Hospitals,Proprietary,1.0,,,,1,1,0
280133,"NEBRASKA SPINE HOSPITAL, LLC","6901 NORTH 72ND ST, STE 20300",OMAHA,NE,68122,DOUGLAS,(402) 572-3000,Acute Care Hospitals,Proprietary,0.0,,,,1,1,0
280134,KEARNEY REGIONAL MEDICAL CENTER,804 22ND AVENUE,KEARNEY,NE,68845,BUFFALO,(308) 455-3600,,,,,,,0,1,0
280139,GRAND ISLAND REGIONAL MEDICAL CENTER,3533 PRAIRIEVIEW STREET,GRAND ISLAND,NE,68803,HALL,(308) 675-5000,,,,,,,0,1,0
280779,FRIEND COMMUNITY HEALTHCARE SYSTEM,905 SECOND STREET,FRIEND,NE,68359,SALINE,(402) 947-2541,,,,,,,0,1,0
281300,HARLAN COUNTY HEALTH SYSTEM,717 BROWN ST,ALMA,NE,68920,HARLAN,(308) 928-2151,Critical Access Hospitals,Voluntary Non-Profit - Other,1.0,,,,1,1,0
281301,FILLMORE COUNTY HOSPITAL,"P O BOX 193, 1900 F STREET",GENEVA,NE,68361,FILLMORE,(402) 759-3167,Critical Access Hospitals,Government - Local,1.0,,,,1,1,0
281302,PAWNEE COUNTY MEMORIAL HOSPITAL,600 I STREET,PAWNEE CITY,NE,68420,PAWNEE,(402) 852-2231,Critical Access Hospitals,Government - Local,1.0,,,,1,1,0
281303,NIOBRARA VALLEY HOSPITAL,"P O BOX 118, 401 SOUTH 5TH STREET",LYNCH,NE,68746,BOYD,(402) 569-2451,Critical Access Hospitals,Voluntary Non-Profit - Private,1.0,,,,1,1,0
281304,THAYER COUNTY HEALTH SERVICES,120 PARK AVE,HEBRON,NE,68370,THAYER,(402) 768-6041,Critical Access Hospitals,Government - Local,1.0,,,,1,1,0
281305,KIMBALL HEALTH SERVICES,255 W 4TH ST,KIMBALL,NE,69145,KIMBALL,(308) 235-1952,Critical Access Hospitals,Government - Local,1.0,,,,1,1,0
281306,KEARNEY COUNTY HEALTH SERVICES HOSPITAL,727 EAST 1ST ST,MINDEN,NE,68959,KEARNEY,(308) 832-3400,Critical Access Hospitals,Government - Local,1.0,,,,1,1,0
281307,SAUNDERS MEDICAL CENTER,1760 COUNTY RD J,WAHOO,NE,68066,SAUNDERS,(402) 443-4191,Critical Access Hospitals,Government - Local,1.0,,,,1,1,0
281308,HENDERSON COMMUNITY HOSPITAL,1621 FRONT STREET,HENDERSON,NE,68371,YORK,(402) 723-4512,Critical Access Hospitals,Voluntary Non-Profit - Private,1.0,,,,1,1,0
281309,SYRACUSE AREA HEALTH,2731 HEALTHCARE DR,SYRACUSE,NE,68446,OTOE,(402) 269-2011,Critical Access Hospitals,Government - Hospital District or Authority,1.0,,,,1,1,0
281310,GARDEN COUNTY HEALTH SERVICES,1100 WEST 2ND ST,OSHKOSH,NE,69154,GARDEN,(308) 772-3283,Critical Access Hospitals,Government - Local,1.0,,,,1,1,0
281311,FRANKLIN COUNTY MEMORIAL HOSPITAL,1406 Q ST,FRANKLIN,NE,68939,FRANKLIN,(308) 425-6221,Critical Access Hospitals,Government - Local,1.0,,,,1,1,0
281312,GENOA COMMUNITY HOSPITAL,"P O BOX 310, 706 EWING AVE",GENOA,NE,68640,PLATTE,(402) 993-2283,Critical Access Hospitals,Government - Local,1.0,,,,1,1,0
281313,GOTHENBURG HEALTH,PO BOX 469 910 20TH ST,GOTHENBURG,NE,69138,DAWSON,(308) 537-3661,Critical Access Hospitals,Government - Hospital District or Authority,1.0,,,,1,1,0
281314,ANNIE JEFFREY MEMORIAL COUNTY HEALTH CENTER,"P O BOX 428, 531 BEEBE ST",OSCEOLA,NE,68651,POLK,(402) 747-2031,Critical Access Hospitals,Government - Local,1.0,,,,1,1,0
281315,BRODSTONE HEALTHCARE,"P O BOX 187, 520 EAST 10TH ST",SUPERIOR,NE,68978,NUCKOLLS,(402) 879-3281,Critical Access Hospitals,Voluntary Non-Profit - Private,1.0,,,,1,1,0
281316,WEBSTER COUNTY COMMUNITY HOSPITAL,"P O BOX 465, 621 N FRANKLIN ST",RED CLOUD,NE,68970,WEBSTER,(402) 746-5600,Critical Access Hospitals,Government - Local,1.0,,,,1,1,0
281317,TILDEN COMMUNITY HOSPITAL,"P O BOX 340, 308 WEST 2ND",TILDEN,NE,68781,ANTELOPE,4023685343,Critical Access Hospitals,Government - Local,1.0,,,,1,0,0
281318,MORRILL COUNTY COMMUNITY HOSPITAL,1313 S STREET,BRIDGEPORT,NE,69336,MORRILL,(308) 262-1616,Critical Access Hospitals,Government - Local,1.0,,,,1,1,0
281319,JEFFERSON COMMUNITY HEALTH & LIFE,"P O BOX 277, 2200 H ST",FAIRBURY,NE,68352,JEFFERSON,(402) 729-3351,Critical Access Hospitals,Voluntary Non-Profit - Private,1.0,,,,1,1,0
281320,MEMORIAL HOSPITAL,1423 SEVENTH ST,AURORA,NE,68818,HAMILTON,(402) 694-3171,Critical Access Hospitals,Voluntary Non-Profit - Private,1.0,,,,1,1,0
281321,OAKLAND MERCY HOSPITAL,601 EAST SECOND ST,OAKLAND,NE,68045,BURT,4026855601,Critical Access Hospitals,Voluntary Non-Profit - Church,1.0,,,,1,0,0
281322,ST FRANCIS MEMORIAL HOSPITAL,430 NORTH MONITOR ST,WEST POINT,NE,68788,CUMING,(402) 372-2404,Critical Access Hospitals,Voluntary Non-Profit - Private,1.0,,,,1,1,0
281323,CHI HEALTH SCHUYLER,104 WEST 17TH ST,SCHUYLER,NE,68661,COLFAX,(402) 352-2441,Critical Access Hospitals,Voluntary Non-Profit - Private,1.0,,,,1,1,0
281324,NEMAHA COUNTY HOSPITAL,2022 13TH STREET,AUBURN,NE,68305,NEMAHA,(402) 274-4366,Critical Access Hospitals,Government - Local,1.0,,,,1,1,0
281325,BROWN COUNTY HOSPITAL,945 EAST ZERO ST,AINSWORTH,NE,69210,BROWN,(402) 387-2800,Critical Access Hospitals,Government - Local,1.0,,,,1,1,0
281326,ANTELOPE MEMORIAL HOSPITAL,"P O BOX 229, 102 WEST 9TH ST",NELIGH,NE,68756,ANTELOPE,(402) 887-4151,Critical Access Hospitals,Voluntary Non-Profit - Private,1.0,,,,1,1,0
281327,COZAD COMMUNITY HOSPITAL,"P O BOX 108, 300 EAST 12TH ST",COZAD,NE,69130,DAWSON,(308) 784-2261,Critical Access Hospitals,Government - Hospital District or Authority,1.0,,,,1,1,0
281328,MERRICK MEDICAL CENTER,1715  26TH ST,CENTRAL CITY,NE,68826,MERRICK,(308) 946-3015,Critical Access Hospitals,Government - Local,1.0,,,,1,1,0
281329,AVERA ST ANTHONY'S HOSPITAL,300 NORTH 2ND ST,O' NEILL,NE,68763,HOLT,(402) 336-2611,Critical Access Hospitals,Voluntary Non-Profit - Church,1.0,,,,1,1,0
281330,WARREN MEMORIAL HOSPITAL,905 SECOND ST,FRIEND,NE,68359,SALINE,4029472541,Critical Access Hospitals,Government - Local,1.0,,,,1,0,0
281331,AVERA CREIGHTON HOSPITAL,"P O BOX 186, 1503 MAIN ST",CREIGHTON,NE,68729,KNOX,(402) 358-5700,Critical Access Hospitals,Voluntary Non-Profit - Private,1.0,,,,1,1,0
281332,BUTLER COUNTY HEALTH,372 SOUTH 9TH STREET,DAVID CITY,NE,68632,BUTLER,(402) 367-1200,Critical Access Hospitals,Government - Local,1.0,,,,1,1,0
281333,ROCK COUNTY HOSPITAL,102 EAST SOUTH STREET,BASSETT,NE,68714,HOLT,(402) 684-3366,Critical Access Hospitals,Government - Local,1.0,,,,1,1,0
281334,BOONE COUNTY HEALTH CENTER,"P O BOX 151, 723 WEST FAIRVIEW ST",ALBION,NE,68620,BOONE,(402) 395-2191,Critical Access Hospitals,Government - Local,1.0,,,,1,1,0
281335,CALLAWAY DISTRICT HOSPITAL,"P O BOX 100, 211 E KIMBALL",CALLAWAY,NE,68825,CUSTER,(308) 836-2228,Critical Access Hospitals,Government - Hospital District or Authority,1.0,,,,1,1,0
281336,YORK GENERAL HEALTH CARE SERVICES,2222 LINCOLN AVE,YORK,NE,68467,YORK,(402) 362-6671,Critical Access Hospitals,Voluntary Non-Profit - Private,1.0,,,,1,1,0
281338,HOWARD COUNTY MEDICAL CENTER,"P O BOX 406, 1113 SHERMAN ST",ST PAUL,NE,68873,HOWARD,(308) 754-4421,Critical Access Hospitals,Government - Local,1.0,,,,1,1,0
281339,MEMORIAL HEALTH CARE SYSTEMS,300 NORTH COLUMBIA AVE,SEWARD,NE,68434,SEWARD,(402) 643-2971,Critical Access Hospitals,Voluntary Non-Profit - Private,1.0,,,,1,1,0
281340,DUNDY COUNTY HOSPITAL,"P O BOX 626, 1313 NORTH CHEYENNE ST",BENKELMAN,NE,69021,DUNDY,(308) 423-2204,Critical Access Hospitals,Government - Local,1.0,,,,1,1,0
281341,CHADRON COMMUNITY HOSPITAL AND HEALTH SERVICES,825 CENTENNIAL DRIVE,CHADRON,NE,69337,DAWES,(308) 432-5586,Critical Access Hospitals,Voluntary Non-Profit - Private,1.0,,,,1,1,0
281342,CHI HEALTH ST. MARYS,1301 GRUNDMAN BLVD,NEBRASKA CITY,NE,68410,OTOE,(402) 873-3321,Critical Access Hospitals,Voluntary Non-Profit - Church,1.0,,,,1,1,0
281343,WEST HOLT MEMORIAL HOSPITAL,406 W NEELY ST,ATKINSON,NE,68713,HOLT,(402) 925-2811,Critical Access Hospitals,Voluntary Non-Profit - Private,1.0,,,,1,1,0
281344,CHERRY COUNTY HOSPITAL,510 NORTH GREEN ST,VALENTINE,NE,69201,CHERRY,(402) 376-2525,Critical Access Hospitals,Government - Local,1.0,,,,1,1,0
281345,PROVIDENCE MEDICAL CENTER,1200 PROVIDENCE RD,WAYNE,NE,68787,WAYNE,(402) 375-3800,Critical Access Hospitals,Voluntary Non-Profit - Private,1.0,,,,1,1,0
281346,CHI HEALTH PLAINVIEW HOSPITAL,"P O BOX 489, 704 NORTH THIRD ST",PLAINVIEW,NE,68769,PIERCE,(402) 582-4245,Critical Access Hospitals,Government - Local,1.0,,,,1,1,0
281347,OSMOND GENERAL HOSPITAL,402 NORTH MAPLE ST,OSMOND,NE,68765,PIERCE,(402) 748-3393,Critical Access Hospitals,Voluntary Non-Profit - Private,1.0,,,,1,1,0
281348,TRI VALLEY HEALTH SYSTEM,1305 WEST HIGHWAY 6/34,CAMBRIDGE,NE,69022,FURNAS,(308) 697-3329,Critical Access Hospitals,Voluntary Non-Profit - Private,1.0,,,,1,1,0
281349,PENDER COMMUNITY HOSPITAL,"100 HOSPITAL DRIVE, PO BOX 100",PENDER,NE,68047,THURSTON,(402) 385-3083,Critical Access Hospitals,Government - Hospital District or Authority,1.0,,,,1,1,0
281350,JOHNSON COUNTY HOSPITAL,202 HIGH ST,TECUMSEH,NE,68450,JOHNSON,(402) 335-3361,Critical Access Hospitals,Government - Local,1.0,,,,1,1,0
281351,CHASE COUNTY COMMUNITY HOSPITAL,"P O BOX 819, 600 W 12TH ST",IMPERIAL,NE,69033,CHASE,(308) 882-7111,Critical Access Hospitals,Government - Local,1.0,,,,1,1,0
281352,"COMMUNITY MEDICAL CENTER, INC","P O BOX 399, 3307 BILL SCHOCK BOULEVARD",FALLS CITY,NE,68355,RICHARDSON,(402) 245-2428,Critical Access Hospitals,Voluntary Non-Profit - Private,1.0,,,,1,1,0
281353,VALLEY COUNTY HEALTH SYSTEM,2707 L STREET,ORD,NE,68862,VALLEY,(308) 728-4200,Critical Access Hospitals,Government - Local,1.0,,,,1,1,0
281354,CRETE AREA MEDICAL CENTER,2910 BETTEN DR,CRETE,NE,68333,SALINE,(402) 826-2102,Critical Access Hospitals,Voluntary Non-Profit - Private,1.0,,,,1,1,0
281355,OGALLALA COMMUNITY HOSPITAL,2601 NORTH SPRUCE ST,OGALLALA,NE,69153,KEITH,(308) 284-4011,Critical Access Hospitals,Government - Hospital District or Authority,1.0,,,,1,1,0
281356,PERKINS COUNTY HEALTH SERVICES,900 LINCOLN AVE,GRANT,NE,69140,PERKINS,(308) 352-7200,Critical Access Hospitals,Government - Hospital District or Authority,1.0,,,,1,1,0
281357,SIDNEY REGIONAL MEDICAL CENTER,1000 POLE CREEK CROSSING,SIDNEY,NE,69162,CHEYENNE,(308) 254-5825,Critical Access Hospitals,Voluntary Non-Profit - Private,1.0,,,,1,1,0
281358,GORDON MEMORIAL HOSPITAL DISTRICT,300 EAST 8TH ST,GORDON,NE,69343,SHERIDAN,(308) 282-0401,Critical Access Hospitals,Government - Hospital District or Authority,1.0,,,,1,1,0
281359,MEMORIAL COMMUNITY HOSPITAL & HEALTH SYSTEM,810 NORTH 22ND ST,BLAIR,NE,68008,WASHINGTON,(402) 426-1502,Critical Access Hospitals,Voluntary Non-Profit - Private,1.0,,,,1,1,0
281360,BOX BUTTE GENERAL HOSPITAL,"P O BOX 810, 2101 BOX BUTTE AVE",ALLIANCE,NE,69301,BOX BUTTE,(308) 762-6660,Critical Access Hospitals,Government - Local,1.0,,,,1,1,0
281361,LEXINGTON REGIONAL HEALTH CENTER,"P O BOX 980, 1201 NORTH ERIE ST",LEXINGTON,NE,68850,DAWSON,(308) 324-5651,Critical Access Hospitals,Government - Hospital District or Authority,1.0,,,,1,1,0
281362,PHELPS MEMORIAL HEALTH CENTER,1215 TIBBALS ST,HOLDREGE,NE,68949,PHELPS,(308) 995-2211,Critical Access Hospitals,Voluntary Non-Profit - Private,1.0,,,,1,1,0
281363,COMMUNITY HOSPITAL,"P O BOX 1328, 1301 EAST H ST",MCCOOK,NE,69001,RED WILLOW,(308) 344-2650,Critical Access Hospitals,Voluntary Non-Profit - Other,1.0,,,,1,1,0
281364,"BEATRICE COMMUNITY HOSPITAL & HEALTH CENTER, INC","P O BOX 278, 4800 HOSPITAL PARKWAY",BEATRICE,NE,68310,GAGE,(402) 228-3344,Critical Access Hospitals,Voluntary Non-Profit - Private,1.0,,,,1,1,0
281365,JENNIE M MELHAM MEMORIAL MEDICAL CENTER,145 MEMORIAL DRIVE,BROKEN BOW,NE,68822,CUSTER,(308) 872-4100,Critical Access Hospitals,Voluntary Non-Profit - Private,1.0,,,,1,1,0
283300,BOYS TOWN NATIONAL RESEARCH HOSPITAL,14000 BOYS TOWN HOSPITAL ROAD,BOYS TOWN,NE,68010,DOUGLAS,(531) 355-6594,,,,,,,0,1,0
283301,CHILDREN'S NEBRASKA,8200 DODGE ST,OMAHA,NE,68114,DOUGLAS,(402) 955-5400,Childrens,Voluntary Non-Profit - Private,1.0,,,,1,1,0
290001,RENOWN REGIONAL MEDICAL CENTER,1155 MILL STREET,RENO,NV,89502,WASHOE,(775) 982-4100,Acute Care Hospitals,Voluntary Non-Profit - Other,1.0,,,,1,1,0
290003,SUNRISE HOSPITAL AND MEDICAL CENTER,3186 S MARYLAND PKWY,LAS VEGAS,NV,89109,CLARK,(702) 731-8000,Acute Care Hospitals,Proprietary,1.0,,,,1,1,0
290005,NORTH VISTA HOSPITAL,1409 EAST LAKE MEAD BLVD,NORTH LAS VEGAS,NV,89030,CLARK,(702) 649-7711,Acute Care Hospitals,Proprietary,1.0,,,,1,1,0
290006,BANNER CHURCHILL COMMUNITY HOSPITAL,801 EAST WILLIAMS AVENUE,FALLON,NV,89406,CHURCHILL,7754233151,Acute Care Hospitals,Voluntary Non-Profit - Private,1.0,,,,1,0,0
290007,UNIVERSITY MEDICAL CENTER,1800 W CHARLESTON BLVD,LAS VEGAS,NV,89102,CLARK,(702) 383-2000,Acute Care Hospitals,Government - Local,1.0,,,,1,1,0
290008,NORTHEASTERN NEVADA REGIONAL HOSPITAL,2001 ERRECART BLVD,ELKO,NV,89801,ELKO,(775) 738-5151,Acute Care Hospitals,Proprietary,1.0,,,,1,1,0
290009,SAINT MARY'S REGIONAL MEDICAL CENTER,235 W 6TH ST,RENO,NV,89503,WASHOE,(775) 770-3000,Acute Care Hospitals,Voluntary Non-Profit - Private,1.0,,,,1,1,0
290012,SAINT ROSE DOMINICAN HOSPITALS - ROSE DE LIMA,102 E LAKE MEAD DR,HENDERSON,NV,89015,CLARK,(702) 616-5000,Acute Care Hospitals,Voluntary Non-Profit - Church,1.0,,,,1,1,0
290019,CARSON TAHOE REGIONAL MEDICAL CENTER,1600 MEDICAL PARKWAY,CARSON CITY,NV,89703,CARSON CITY,(775) 445-8000,Acute Care Hospitals,Voluntary Non-Profit - Private,1.0,,,,1,1,0
29001F,99th Medical Group (Nellis AFB),99 MDG 4700 Las Vegas Blvd,Nellis AFB,NV,89191,CLARK,(702) 653-2273,,,,,,,0,1,0
290020,NYE REGIONAL MEDICAL CENTER,825 ERIE MAIN ST (AKA SOUTH MAIN),TONOPAH,NV,89049,NYE,7754826233,Acute Care Hospitals,Voluntary Non-Profit - Other,1.0,,,,1,0,0
290021,VALLEY HOSPITAL MEDICAL CENTER,620 SHADOW LANE,LAS VEGAS,NV,89106,CLARK,(702) 388-4000,Acute Care Hospitals,Proprietary,1.0,,,,1,1,0
290022,DESERT SPRINGS HOSPITAL,2075 EAST FLAMINGO ROAD,LAS VEGAS,NV,89119,CLARK,7023697600,Acute Care Hospitals,Proprietary,1.0,,,,1,0,0
29002F,VA SIERRA NEVADA HEALTHCARE SYSTEM,975 KIRMAN AVENUE,RENO,NV,89502,WASHOE,(775) 328-1263,ACUTE CARE - VETERANS ADMINISTRATION,Government - Federal,1.0,,,,1,1,0
290032,NORTHERN NEVADA MEDICAL CENTER,2375 E PRATER WAY,SPARKS,NV,89434,WASHOE,(775) 331-7000,Acute Care Hospitals,Proprietary,1.0,,,,1,1,0
290039,MOUNTAINVIEW HOSPITAL,3100 N TENAYA WAY,LAS VEGAS,NV,89128,CLARK,(702) 255-5000,Acute Care Hospitals,Voluntary Non-Profit - Private,1.0,,,,1,1,0
290041,SUMMERLIN HOSPITAL MEDICAL CENTER,657 TOWN CENTER DRIVE,LAS VEGAS,NV,89144,CLARK,(702) 233-7500,Acute Care Hospitals,Proprietary,1.0,,,,1,1,0
290042,HARMON HOSPITAL,2170 EAST HARMON AVENUE,LAS VEGAS,NV,89119,CLARK,(702) 794-0100,,,,,,,0,1,0
290045,SAINT ROSE DOMINICAN HOSPITALS - SIENA CAMPUS,3001 ST ROSE PARKWAY,HENDERSON,NV,89052,CLARK,(702) 616-5000,Acute Care Hospitals,Voluntary Non-Profit - Private,1.0,,,,1,1,0
290046,SPRING VALLEY HOSPITAL MEDICAL CENTER,5400 SOUTH RAINBOW BLVD,LAS VEGAS,NV,89118,CLARK,(702) 853-3000,Acute Care Hospitals,Proprietary,1.0,,,,1,1,0
290047,SOUTHERN HILLS HOSPITAL AND MEDICAL CENTER,9300 WEST SUNSET RD,LAS VEGAS,NV,89148,CLARK,(702) 880-2100,Acute Care Hospitals,Voluntary Non-Profit - Private,1.0,,,,1,1,0
290049,RENOWN SOUTH MEADOWS MEDICAL CENTER,10101 DOUBLE R BLVD,RENO,NV,89521,WASHOE,(775) 982-7063,Acute Care Hospitals,Voluntary Non-Profit - Private,1.0,,,,1,1,0
29004F,VA SOUTHERN NEVADA HEALTHCARE SYSTEM,6900 NORTH PECOS ROAD,N. LAS VEGAS,NV,89086,CLARK,(702) 791-9024,,,,,,,0,1,0
290051,SIERRA SURGERY HOSPITAL,1400 MEDICAL PKWY,CARSON CITY,NV,89703,CARSON CITY,7758831700,Acute Care Hospitals,Proprietary,0.0,,,,1,0,0
290053,SAINT ROSE DOMINICAN HOSPITALS - SAN MARTIN CAMPUS,8280 W WARM SPRINGS ROAD,LAS VEGAS,NV,89113,CLARK,(702) 492-8509,Acute Care Hospitals,Voluntary Non-Profit - Church,1.0,,,,1,1,0
290054,CENTENNIAL HILLS HOSPITAL MEDICAL CENTER,6900 N DURANGO DR,LAS VEGAS,NV,89149,CLARK,(702) 835-9700,Acute Care Hospitals,Voluntary Non-Profit - Private,1.0,,,,1,1,0
290057,HENDERSON HOSPITAL,1050 WEST GALLERIA DRIVE,HENDERSON,NV,89011,CLARK,(702) 963-7000,,,,,,,0,1,0
290058,SAINT ROSE DOMINICAN HOSPITALS - NORTH LAS VEGAS,1550 W CRAIG RANCH,NORTH LAS VEGAS,NV,89031,CLARK,(702) 777-3615,,,,,,,0,1,0
290062,WEST HENDERSON HOSPITAL,1155 RAIDERS WAY,HENDERSON,NV,89052,CLARK,(702) 369-7612,,,,,,,0,1,0
291300,MOUNT GRANT GENERAL HOSPITAL,200 SOUTH A ST,HAWTHORNE,NV,89415,MINERAL,(702) 945-2461,Critical Access Hospitals,Government - Hospital District or Authority,1.0,,,,1,1,0
291301,INCLINE VILLAGE COMMUNITY HOSPITAL,880 ALDER STREET,INCLINE VILLAGE,NV,89451,WASHOE,(775) 833-4100,Critical Access Hospitals,Government - Hospital District or Authority,1.0,,,,1,1,0
291302,WILLIAM BEE RIRIE HOSPITAL,1500 AVENUE H,ELY,NV,89301,WHITE PINE,(775) 289-3001,Critical Access Hospitals,Government - Hospital District or Authority,1.0,,,,1,1,0
291303,BATTLE MOUNTAIN GENERAL HOSPITAL,535 SOUTH HUMBOLDT STREET,BATTE MTN,NV,89820,LANDER,(775) 635-2550,Critical Access Hospitals,Government - Hospital District or Authority,1.0,,,,1,1,0
291304,PERSHING GENERAL HOSPITAL,855 6TH STREET/PO BOX 661,LOVELOCK,NV,89419,PERSHING,(775) 273-2621,Critical Access Hospitals,Government - Hospital District or Authority,1.0,,,,1,1,0
291306,CARSON VALLEY HEALTH,1107 HIGHWAY 395,GARDNERVILLE,NV,89410,DOUGLAS,(775) 782-1500,Critical Access Hospitals,Proprietary,1.0,,,,1,1,0
291307,MESA VIEW REGIONAL HOSPITAL,1299 BERTHA HOWE AVENUE,MESQUITE,NV,89027,CLARK,(702) 345-4280,Critical Access Hospitals,Voluntary Non-Profit - Private,1.0,,,,1,1,0
291308,HUMBOLDT GENERAL HOSPITAL,118 EAST HASKELL STREET,WINNEMUCCA,NV,89445,HUMBOLDT,(775) 623-5222,Critical Access Hospitals,Government - Hospital District or Authority,1.0,,,,1,1,0
291309,BOULDER CITY HOSPITAL,901 ADAMS BLVD,BOULDER CITY,NV,89005,CLARK,(702) 293-4111,Critical Access Hospitals,Voluntary Non-Profit - Private,1.0,,,,1,1,0
291311,DESERT VIEW HOSPITAL,360 SOUTH LOLA LANE,PAHRUMP,NV,89048,NYE,(775) 751-7500,Critical Access Hospitals,Proprietary,1.0,,,,1,1,0
291312,GROVER C DILS MEDICAL CENTER,"700 N SPRING ST, BOX 1010-C-ADM BLDG",CALIENTE,NV,89008,LINCOLN,(775) 726-3171,Critical Access Hospitals,Government - Hospital District or Authority,1.0,,,,1,1,0
291313,BANNER CHURCHILL COMMUNITY HOSPITAL,801 EAST WILLIAMS AVENUE,FALLON,NV,89406,CHURCHILL,(775) 423-3151,,,,,,,0,1,0
291314,SOUTH LYON MEDICAL CENTER,213 S WHITACRE/PO BOX 940,YERINGTON,NV,89447,LYON,(775) 781-3761,,,,,,,0,1,0
300001,CONCORD HOSPITAL,250 PLEASANT ST,CONCORD,NH,03301,MERRIMACK,(603) 225-2711,Acute Care Hospitals,Voluntary Non-Profit - Private,1.0,,,,1,1,0
300003,MARY HITCHCOCK MEMORIAL HOSPITAL,1 MEDICAL CENTER DRIVE,LEBANON,NH,03756,GRAFTON,(603) 650-5000,Acute Care Hospitals,Voluntary Non-Profit - Other,1.0,,,,1,1,0
300005,CONCORD HOSPITAL- LACONIA,80 HIGHLAND ST,LACONIA,NH,03246,BELKNAP,(603) 524-3211,Acute Care Hospitals,Voluntary Non-Profit - Private,1.0,,,,1,1,0
300011,ST JOSEPH HOSPITAL,172 KINSLEY ST,NASHUA,NH,03060,HILLSBOROUGH,(603) 882-3000,Acute Care Hospitals,Voluntary Non-Profit - Other,1.0,,,,1,1,0
300012,ELLIOT HOSPITAL,1 ELLIOT WAY,MANCHESTER,NH,03103,HILLSBOROUGH,(603) 669-5300,Acute Care Hospitals,Voluntary Non-Profit - Private,1.0,,,,1,1,0
300014,FRISBIE MEMORIAL HOSPITAL,11 WHITEHALL ROAD,ROCHESTER,NH,03867,STRAFFORD,(603) 332-5211,Acute Care Hospitals,Voluntary Non-Profit - Private,1.0,,,,1,1,0
300017,PARKLAND MEDICAL CENTER,1 PARKLAND DRIVE,DERRY,NH,03038,ROCKINGHAM,(603) 421-2100,Acute Care Hospitals,Proprietary,1.0,,,,1,1,0
300018,WENTWORTH-DOUGLASS HOSPITAL,789 CENTRAL AVE,DOVER,NH,03820,STRAFFORD,(603) 740-2580,Acute Care Hospitals,Voluntary Non-Profit - Private,1.0,,,,1,1,0
300019,CHESHIRE MEDICAL CENTER,580 COURT STREET,KEENE,NH,03431,CHESHIRE,(603) 354-5400,Acute Care Hospitals,Voluntary Non-Profit - Private,1.0,,,,1,1,0
300020,SOUTHERN NH MEDICAL CENTER,8 PROSPECT STREET,NASHUA,NH,03060,HILLSBOROUGH,(603) 577-2000,Acute Care Hospitals,Voluntary Non-Profit - Private,1.0,,,,1,1,0
300023,EXETER HOSPITAL INC,5 ALUMNI DRIVE,EXETER,NH,03833,ROCKINGHAM,(603) 778-7311,Acute Care Hospitals,Voluntary Non-Profit - Other,1.0,,,,1,1,0
300029,PORTSMOUTH REGIONAL HOSPITAL,333 BORTHWICK AVE,PORTSMOUTH,NH,03801,ROCKINGHAM,(603) 436-5110,Acute Care Hospitals,Proprietary,1.0,,,,1,1,0
300034,CATHOLIC MEDICAL CENTER,100 MCGREGOR STREET,MANCHESTER,NH,03102,HILLSBOROUGH,(603) 668-3545,Acute Care Hospitals,Voluntary Non-Profit - Private,1.0,,,,1,1,0
301300,UPPER CONNECTICUT VALLEY HOSPITAL,181 CORLISS LANE,COLEBROOK,NH,03576,COOS,(603) 237-4971,Critical Access Hospitals,Voluntary Non-Profit - Private,1.0,,,,1,1,0
301301,COTTAGE HOSPITAL,90 SWIFTWATER RD,WOODSVILLE,NH,03785,GRAFTON,(603) 747-9000,Critical Access Hospitals,Voluntary Non-Profit - Private,1.0,,,,1,1,0
301302,LITTLETON REGIONAL HEALTHCARE,600 ST JOHNSBURY ROAD,LITTLETON,NH,03561,GRAFTON,(603) 444-9000,Critical Access Hospitals,Voluntary Non-Profit - Private,1.0,,,,1,1,0
301303,WEEKS MEDICAL CENTER,173 MIDDLE STREET,LANCASTER,NH,03584,COOS,(603) 788-4911,Critical Access Hospitals,Voluntary Non-Profit - Private,1.0,,,,1,1,0
301304,NEW LONDON HOSPITAL,273 COUNTY ROAD,NEW LONDON,NH,03257,MERRIMACK,(603) 526-2911,Critical Access Hospitals,Voluntary Non-Profit - Private,1.0,,,,1,1,0
301305,ALICE PECK DAY MEMORIAL HOSPITAL,10 ALICE PECK DAY DRIVE,LEBANON,NH,03766,GRAFTON,(603) 448-3121,Critical Access Hospitals,Voluntary Non-Profit - Private,1.0,,,,1,1,0
301306,CONCORD HOSPITAL- FRANKLIN,15 AIKEN AVENUE,FRANKLIN,NH,03235,MERRIMACK,(603) 934-2060,Critical Access Hospitals,Voluntary Non-Profit - Private,1.0,,,,1,1,0
301307,"MEMORIAL HOSPITAL, THE",3073 WHITE MOUNTAIN HIGHWAY,NORTH CONWAY,NH,03860,CARROLL,(603) 356-5461,Critical Access Hospitals,Voluntary Non-Profit - Private,1.0,,,,1,1,0
301308,VALLEY REGIONAL HOSPITAL,243 ELM STREET,CLAREMONT,NH,03743,SULLIVAN,(603) 542-7771,Critical Access Hospitals,Voluntary Non-Profit - Private,1.0,,,,1,1,0
301309,MONADNOCK COMMUNITY HOSPITAL,452 OLD STREET ROAD,PETERBOROUGH,NH,03458,HILLSBOROUGH,(603) 924-7191,Critical Access Hospitals,Proprietary,1.0,,,,1,1,0
301310,ANDROSCOGGIN VALLEY HOSPITAL,59 PAGE HILL ROAD,BERLIN,NH,03570,COOS,(603) 752-2200,Critical Access Hospitals,Government - Hospital District or Authority,1.0,,,,1,1,0
301311,SPEARE MEMORIAL HOSPITAL,16 HOSPITAL ROAD,PLYMOUTH,NH,03264,GRAFTON,(603) 536-1120,Critical Access Hospitals,Voluntary Non-Profit - Private,1.0,,,,1,1,0
301312,HUGGINS HOSPITAL,240 SOUTH MAIN STREET,WOLFEBORO,NH,03894,CARROLL,(603) 569-7500,Critical Access Hospitals,Voluntary Non-Profit - Private,1.0,,,,1,1,0
310001,HACKENSACK UNIVERSITY MEDICAL CENTER,30 PROSPECT AVE,HACKENSACK,NJ,07601,BERGEN,(551) 996-2000,Acute Care Hospitals,Voluntary Non-Profit - Private,1.0,,,,1,1,0
310002,NEWARK BETH ISRAEL MEDICAL CENTER,201 LYONS AVE,NEWARK,NJ,07112,ESSEX,(973) 926-7000,Acute Care Hospitals,Voluntary Non-Profit - Private,1.0,,,,1,1,0
310003,PALISADES MEDICAL CENTER,7600 RIVER RD,NORTH BERGEN,NJ,07047,HUDSON,(201) 854-5000,Acute Care Hospitals,Voluntary Non-Profit - Private,1.0,,,,1,1,0
310005,HUNTERDON MEDICAL CENTER,2100 WESCOTT DRIVE,FLEMINGTON,NJ,08822,HUNTERDON,(908) 788-6100,Acute Care Hospitals,Voluntary Non-Profit - Private,1.0,,,,1,1,0
310006,ST MARY'S GENERAL HOSPITAL,350 BOULEVARD,PASSAIC,NJ,07055,PASSAIC,(973) 365-4300,Acute Care Hospitals,Voluntary Non-Profit - Church,1.0,,,,1,1,0
310008,HOLY NAME MEDICAL CENTER,718 TEANECK RD,TEANECK,NJ,07666,BERGEN,(201) 833-3000,Acute Care Hospitals,Voluntary Non-Profit - Other,1.0,,,,1,1,0
310009,CLARA MAASS MEDICAL CENTER,ONE CLARA MAASS DRIVE,BELLEVILLE,NJ,07109,ESSEX,(973) 450-2000,Acute Care Hospitals,Voluntary Non-Profit - Private,1.0,,,,1,1,0
310010,UNIVERSITY MEDICAL CENTER OF PRINCETON AT PLAINSBORO,ONE-FIVE PLAINSBORO ROAD,PLAINSBORO,NJ,08536,MIDDLESEX,(609) 853-6500,Acute Care Hospitals,Voluntary Non-Profit - Private,1.0,,,,1,1,0
310011,CAPE REGIONAL MEDICAL CENTER INC,TWO STONE HARBOR BLVD,CAPE MAY COURT HOUSE,NJ,08210,CAPE MAY,(609) 463-2000,Acute Care Hospitals,Voluntary Non-Profit - Private,1.0,,,,1,1,0
310012,VALLEY HOSPITAL,4 VALLEY HEALTH PLAZA,PARAMUS,NJ,07652,BERGEN,(201) 447-8000,Acute Care Hospitals,Voluntary Non-Profit - Private,1.0,,,,1,1,0
310014,COOPER UNIVERSITY HOSPITAL,1 COOPER PLAZA,CAMDEN,NJ,08103,CAMDEN,(856) 342-2000,Acute Care Hospitals,Voluntary Non-Profit - Private,1.0,,,,1,1,0
310015,MORRISTOWN MEDICAL CENTER,100 MADISON AVE,MORRISTOWN,NJ,07962,MORRIS,(973) 971-5450,Acute Care Hospitals,Voluntary Non-Profit - Private,1.0,,,,1,1,0
310016,CAREPOINT HEALTH-CHRIST HOSPITAL,176 PALISADE AVE,JERSEY CITY,NJ,07306,HUDSON,(201) 795-8200,Acute Care Hospitals,Voluntary Non-Profit - Church,1.0,,,,1,1,0
310017,CHILTON MEDICAL CENTER,97 WEST PARKWAY,POMPTON PLAINS,NJ,07444,MORRIS,(973) 831-5000,Acute Care Hospitals,Voluntary Non-Profit - Private,1.0,,,,1,1,0
310019,ST JOSEPH'S UNIVERSITY MEDICAL CENTER INC,703 MAIN ST,PATERSON,NJ,07503,PASSAIC,(973) 754-2010,Acute Care Hospitals,Voluntary Non-Profit - Church,1.0,,,,1,1,0
31001F,VA NEW JERSEY HEALTH CARE SYSTEM,385 TREMONT AVENUE,EAST ORANGE,NJ,07018,ESSEX,(973) 676-1000,ACUTE CARE - VETERANS ADMINISTRATION,Government - Federal,1.0,,,,1,1,0
310021,ST FRANCIS MEDICAL CENTER,601 HAMILTON AVE,TRENTON,NJ,08629,MERCER,6095995000,Acute Care Hospitals,Voluntary Non-Profit - Private,1.0,,,,1,0,0
310022,WEST JERSEY HOSPITAL,100 BOWMAN DRIVE,VOORHEES,NJ,08043,CAMDEN,(856) 247-3000,Acute Care Hospitals,Voluntary Non-Profit - Private,1.0,,,,1,1,0
310024,ROBERT WOOD JOHNSON UNIVERSITY HOSPITAL AT RAHWAY,865 STONE ST,RAHWAY,NJ,07065,UNION,(732) 381-4200,Acute Care Hospitals,Voluntary Non-Profit - Private,1.0,,,,1,1,0
310025,CAREPOINT HEALTH - BAYONNE MEDICAL CENTER,29 EAST 29TH ST,BAYONNE,NJ,07002,HUDSON,(201) 858-5000,Acute Care Hospitals,Voluntary Non-Profit - Private,1.0,,,,1,1,0
310027,TRINITAS REGIONAL MEDICAL CENTER,225 WILLIAMSON STREET,ELIZABETH,NJ,07207,UNION,(908) 994-5000,Acute Care Hospitals,Voluntary Non-Profit - Private,1.0,,,,1,1,0
310028,NEWTON MEDICAL CENTER,175 HIGH ST,NEWTON,NJ,07860,SUSSEX,(973) 383-2121,Acute Care Hospitals,Voluntary Non-Profit - Private,1.0,,,,1,1,0
310029,VIRTUA OUR LADY OF LOURDES HOSPITAL,1600 HADDON AVENUE,CAMDEN,NJ,08103,CAMDEN,(856) 886-5373,Acute Care Hospitals,Voluntary Non-Profit - Private,1.0,,,,1,1,0
310031,DEBORAH HEART AND LUNG CENTER,200 TRENTON ROAD,BROWNS MILLS,NJ,08015,BURLINGTON,(609) 893-6611,Acute Care Hospitals,Voluntary Non-Profit - Private,0.0,,,,1,1,0
310032,INSPIRA MEDICAL CENTER VINELAND,1505 W SHERMAN AVE,VINELAND,NJ,08360,CUMBERLAND,(856) 641-8000,Acute Care Hospitals,Voluntary Non-Profit - Private,1.0,,,,1,1,0
310034,RIVERVIEW MEDICAL CENTER,ONE RIVERVIEW PLAZA,RED BANK,NJ,07701,MONMOUTH,(732) 741-2700,Acute Care Hospitals,Proprietary,1.0,,,,1,1,0
310038,ROBERT WOOD JOHNSON UNIVERSITY HOSPITAL,ONE ROBERT WOOD JOHNSON PLACE,NEW BRUNSWICK,NJ,08901,MIDDLESEX,(732) 828-3000,Acute Care Hospitals,Voluntary Non-Profit - Private,1.0,,,,1,1,0
310039,RARITAN BAY MEDICAL CENTER,530 NEW BRUNSWICK AVE,PERTH AMBOY,NJ,08861,MIDDLESEX,(732) 324-5000,Acute Care Hospitals,Voluntary Non-Profit - Private,1.0,,,,1,1,0
310040,CAREPOINT HEALTH-HOBOKEN UNIVERSITY MEDICAL CENTER,308 WILLOW AVE,HOBOKEN,NJ,07030,HUDSON,(201) 418-1000,Acute Care Hospitals,Voluntary Non-Profit - Church,1.0,,,,1,1,0
310041,COMMUNITY MEDICAL CENTER,99 RT 37 WEST,TOMS RIVER,NJ,08755,OCEAN,(732) 557-8000,Acute Care Hospitals,Voluntary Non-Profit - Private,1.0,,,,1,1,0
310044,CAPITAL HEALTH MEDICAL CENTER - HOPEWELL,ONE CAPITAL WAY,PENNINGTON,NJ,08534,MERCER,(609) 303-4000,Acute Care Hospitals,Voluntary Non-Profit - Private,1.0,,,,1,1,0
310045,ENGLEWOOD HOSPITAL AND MEDICAL CENTER,350 ENGLE ST,ENGLEWOOD,NJ,07631,BERGEN,(201) 894-3000,Acute Care Hospitals,Voluntary Non-Profit - Private,1.0,,,,1,1,0
310047,SHORE MEDICAL CENTER,100 MEDICAL CENTER WAY,SOMERS POINT,NJ,08244,ATLANTIC,(609) 653-3500,Acute Care Hospitals,Voluntary Non-Profit - Private,1.0,,,,1,1,0
310048,ROBERT WOOD JOHNSON UNIVERSITY HOSPITAL - SOMERSET,110 REHILL AVE,SOMERVILLE,NJ,08876,SOMERSET,(908) 685-2200,Acute Care Hospitals,Voluntary Non-Profit - Private,1.0,,,,1,1,0
310050,SAINT CLARE'S HOSPITAL/ DENVILLE CAMPUS,25 POCONO ROAD,DENVILLE,NJ,07834,MORRIS,(973) 983-5569,Acute Care Hospitals,Voluntary Non-Profit - Church,1.0,,,,1,1,0
310051,OVERLOOK MEDICAL CENTER,99 BEAUVOIR AVENUE,SUMMIT,NJ,07901,UNION,(908) 522-2000,Acute Care Hospitals,Voluntary Non-Profit - Other,1.0,,,,1,1,0
310052,OCEAN MEDICAL CENTER,425 JACK MARTIN BLVD,BRICK,NJ,08724,OCEAN,(732) 840-2200,Acute Care Hospitals,Voluntary Non-Profit - Other,1.0,,,,1,1,0
310054,HACKENSACK MERIDIAN MOUNTAINSIDE MEDICAL,1 BAY AVENUE,MONTCLAIR,NJ,07042,ESSEX,(973) 429-6000,Acute Care Hospitals,Voluntary Non-Profit - Private,1.0,,,,1,1,0
310057,VIRTUA MOUNT HOLLY HOSPITAL,175 MADISON AVE,MOUNT HOLLY,NJ,08060,BURLINGTON,(609) 267-0700,Acute Care Hospitals,Voluntary Non-Profit - Private,1.0,,,,1,1,0
310058,BERGEN NEW BRIDGE MEDICAL CENTER,230 EAST RIDGEWOOD AVE,PARAMUS,NJ,07652,BERGEN,(201) 967-4000,Acute Care Hospitals,Government - Local,1.0,,,,1,1,0
310060,ST LUKE'S WARREN HOSPITAL,185 ROSEBERRY ST,PHILLIPSBURG,NJ,08865,WARREN,(908) 847-6700,Acute Care Hospitals,Voluntary Non-Profit - Other,1.0,,,,1,1,0
310061,VIRTUA WILLINGBORO HOSPITAL,218A SUNSET ROAD,WILLINGBORO,NJ,08046,BURLINGTON,(609) 835-2900,Acute Care Hospitals,Voluntary Non-Profit - Private,1.0,,,,1,1,0
310064,ATLANTICARE REGIONAL MEDICAL CENTER - CITY CAMPUS,1925 PACIFIC AVENUE,ATLANTIC CITY,NJ,08401,ATLANTIC,(609) 441-8020,Acute Care Hospitals,Voluntary Non-Profit - Other,1.0,,,,1,1,0
310069,INSPIRA MEDICAL CENTER MULLICA HILL,501 WEST FRONT STREET,ELMER,NJ,08318,SALEM,(856) 363-1000,Acute Care Hospitals,Voluntary Non-Profit - Private,1.0,,,,1,1,0
310070,SAINT PETER'S UNIVERSITY HOSPITAL,254 EASTON AVE,NEW BRUNSWICK,NJ,08901,MIDDLESEX,(732) 745-8600,Acute Care Hospitals,Voluntary Non-Profit - Church,1.0,,,,1,1,0
310073,JERSEY SHORE UNIVERSITY MEDICAL CENTER,1945 RTE 33,NEPTUNE,NJ,07754,MONMOUTH,(732) 775-5500,Acute Care Hospitals,Voluntary Non-Profit - Private,1.0,,,,1,1,0
310074,JERSEY CITY MEDICAL CENTER,355 GRAND STREET,JERSEY CITY,NJ,07302,HUDSON,(201) 915-2000,Acute Care Hospitals,Voluntary Non-Profit - Private,1.0,,,,1,1,0
310075,MONMOUTH MEDICAL CENTER,300 SECOND AVENUE,LONG BRANCH,NJ,07740,MONMOUTH,(732) 222-5200,Acute Care Hospitals,Voluntary Non-Profit - Private,1.0,,,,1,1,0
310076,COOPERMAN BARNABAS MEDICAL CENTER,94 OLD SHORT HILLS ROAD,LIVINGSTON,NJ,07039,ESSEX,(973) 322-5000,Acute Care Hospitals,Voluntary Non-Profit - Other,1.0,,,,1,1,0
310081,UNDERWOOD - MEMORIAL HOSPITAL,509 N BROAD ST,WOODBURY,NJ,08096,GLOUCESTER,8568450100,Acute Care Hospitals,Voluntary Non-Profit - Private,1.0,,,,1,0,0
310083,CAREWELL HEALTH MEDICAL CENTER,300 CENTRAL AVE,EAST ORANGE,NJ,07018,ESSEX,(973) 672-8400,Acute Care Hospitals,Voluntary Non-Profit - Private,1.0,,,,1,1,0
310084,MONMOUTH MEDICAL CENTER-SOUTHERN CAMPUS,600 RIVER AVE,LAKEWOOD,NJ,08701,OCEAN,(732) 363-1900,Acute Care Hospitals,Voluntary Non-Profit - Private,1.0,,,,1,1,0
310086,JEFFERSON STRATFORD HOSPITAL,18 EAST LAUREL ROAD,STRATFORD,NJ,08084,CAMDEN,(856) 346-7802,Acute Care Hospitals,Voluntary Non-Profit - Private,1.0,,,,1,1,0
310091,MEMORIAL HOSPITAL OF SALEM COUNTY,310 WOODSTOWN ROAD,SALEM,NJ,08079,SALEM,8569351000,Acute Care Hospitals,Voluntary Non-Profit - Private,1.0,,,,1,0,0
310092,CAPITAL HEALTH REGIONAL MEDICAL CENTER,750 BRUNSWICK AVE,TRENTON,NJ,08638,MERCER,(609) 394-6000,Acute Care Hospitals,Voluntary Non-Profit - Private,1.0,,,,1,1,0
310096,SAINT MICHAEL'S MEDICAL CENTER,111 CENTRAL AVENUE,NEWARK,NJ,07102,ESSEX,(973) 877-5350,Acute Care Hospitals,Voluntary Non-Profit - Private,1.0,,,,1,1,0
310108,JFK UNIVERSITY MEDICAL CENTER,65 JAMES STREET,EDISON,NJ,08818,MIDDLESEX,(732) 321-7000,Acute Care Hospitals,Voluntary Non-Profit - Private,1.0,,,,1,1,0
310110,ROBERT WOOD JOHNSON UNIVERSITY HOSPITAL AT HAMILTON,ONE HAMILTON HEALTH PLACE,HAMILTON,NJ,08690,MERCER,(609) 586-7900,Acute Care Hospitals,Voluntary Non-Profit - Private,1.0,,,,1,1,0
310111,CENTRASTATE MEDICAL CENTER,901 WEST MAIN STREET,FREEHOLD,NJ,07728,MONMOUTH,(732) 294-7012,Acute Care Hospitals,Voluntary Non-Profit - Private,1.0,,,,1,1,0
310112,BAYSHORE MEDICAL CENTER,727 N BEERS ST,HOLMDEL,NJ,07733,MONMOUTH,(732) 739-5900,Acute Care Hospitals,Proprietary,1.0,,,,1,1,0
310113,SOUTHERN OCEAN MEDICAL CENTER,1140 RT 72 W,MANAHAWKIN,NJ,08050,OCEAN,(609) 597-6011,Acute Care Hospitals,Voluntary Non-Profit - Private,1.0,,,,1,1,0
310115,AHS HOSPITAL CORP,651 WILLOW GROVE ST,HACKETTSTOWN,NJ,07840,WARREN,(908) 852-5100,Acute Care Hospitals,Voluntary Non-Profit - Church,1.0,,,,1,1,0
310118,HUDSON REGIONAL HOSPITAL,55 MEADOWLANDS PKWY,SECAUCUS,NJ,07094,HUDSON,(201) 392-3200,Acute Care Hospitals,Voluntary Non-Profit - Private,1.0,,,,1,1,0
310119,THE UNIVERSITY HOSPITAL,150 BERGEN ST,NEWARK,NJ,07103,ESSEX,(973) 972-4300,Acute Care Hospitals,Government - State,1.0,,,,1,1,0
310120,SAINT CLARE'S HOSPITAL/SUSSEX,20 WALNUT ST,SUSSEX,NJ,07461,SUSSEX,9737022200,Acute Care Hospitals,Voluntary Non-Profit - Church,1.0,,,,1,0,0
310130,HACKENSACK MERIDIAN HEALTH PASCACK VALLEY MEDICAL,250 OLD HOOK ROAD,WESTWOOD,NJ,07675,BERGEN,(201) 880-2700,,,,,,,0,1,0
313300,CHILDREN'S SPECIALIZED HOSPITAL,200 SOMERSET ST,NEW BRUNSWICK,NJ,08901,MIDDLESEX,(732) 258-7050,,,,,,,0,1,0
313302,WEISMAN CHILDRENS REHABILITATION HOSPITAL,"92 BRICK ROAD, 3RD FLOOR",MARLTON,NJ,08053,BURLINGTON,(856) 489-4520,,,,,,,0,1,0
320001,UNM HOSPITAL,2211 LOMAS BOULEVARD NE,ALBUQUERQUE,NM,87106,BERNALILLO,(505) 272-2111,Acute Care Hospitals,Government - Hospital District or Authority,1.0,,,,1,1,0
320002,CHRISTUS ST VINCENT REGIONAL MEDICAL CENTER,455 ST MICHAEL'S DRIVE,SANTA FE,NM,87505,SANTA FE,(505) 913-3361,Acute Care Hospitals,Proprietary,1.0,,,,1,1,0
320003,ALTA VISTA REGIONAL HOSPITAL,104 LEGION AVE,LAS VEGAS,NM,87701,SAN MIGUEL,5054263930,Acute Care Hospitals,Government - Hospital District or Authority,1.0,,,,1,0,0
320004,CHRISTUS SOUTHERN NEW MEXICO,2669 SCENIC DRIVE,ALAMOGORDO,NM,88310,OTERO,(575) 439-6100,Acute Care Hospitals,Voluntary Non-Profit - Private,1.0,,,,1,1,0
320005,SAN JUAN REGIONAL MEDICAL CENTER INC,801 WEST MAPLE STREET,FARMINGTON,NM,87401,SAN JUAN,(505) 609-2000,Acute Care Hospitals,Voluntary Non-Profit - Private,1.0,,,,1,1,0
320006,EASTERN NEW MEXICO MEDICAL CENTER,405 W COUNTRY CLUB ROAD,ROSWELL,NM,88201,CHAVES,(575) 624-8722,Acute Care Hospitals,Proprietary,1.0,,,,1,1,0
320009,LOVELACE MEDICAL CENTER,601 DR MARTIN LUTHER KING JR AVE NE,ALBUQUERQUE,NM,87102,BERNALILLO,(505) 727-8000,Acute Care Hospitals,Voluntary Non-Profit - Private,1.0,,,,1,1,0
320011,PRESBYTERIAN ESPANOLA HOSPITAL,1010 SPRUCE STREET,ESPANOLA,NM,87532,RIO ARRIBA,(505) 753-1502,Acute Care Hospitals,Voluntary Non-Profit - Private,1.0,,,,1,1,0
320013,HOLY CROSS HOSPITAL A DIV OF TAOS HEALTH SYSTEMS,1397 WEIMER ROAD,TAOS,NM,87571,TAOS,5757588883,Acute Care Hospitals,Voluntary Non-Profit - Other,1.0,,,,1,0,0
320014,MIMBRES MEMORIAL HOSPITAL,900 W ASH,DEMING,NM,88031,LUNA,5755465803,Acute Care Hospitals,Proprietary,1.0,,,,1,0,0
320016,GILA REGIONAL MEDICAL CENTER,1313 E 32ND ST,SILVER CITY,NM,88061,GRANT,5755384000,Acute Care Hospitals,Government - Hospital District or Authority,1.0,,,,1,0,0
320017,LOVELACE WOMEN'S HOSPITAL,4701 MONTGOMERY BOULEVARD NE,ALBUQUERQUE,NM,87109,BERNALILLO,(505) 727-7805,Acute Care Hospitals,Government - State,1.0,,,,1,1,0
320018,MEMORIAL MEDICAL CENTER,2450 SOUTH TELSHOR BLVD,LAS CRUCES,NM,88011,DONA ANA,(575) 522-8641,Acute Care Hospitals,Government - State,1.0,,,,1,1,0
320021,PRESBYTERIAN HOSPITAL,1100 CENTRAL AVENUE SE,ALBUQUERQUE,NM,87106,BERNALILLO,(505) 724-8386,Acute Care Hospitals,Government - Hospital District or Authority,1.0,,,,1,1,0
320022,PLAINS REGIONAL MEDICAL CENTER,"2100 N MARTIN LUTHER KING, JR, BLVD",CLOVIS,NM,88101,CURRY,(575) 769-6332,Acute Care Hospitals,Government - Federal,1.0,,,,1,1,0
320030,ARTESIA GENERAL HOSPITAL,702 N 13TH STREET,ARTESIA,NM,88210,EDDY,(575) 748-3333,Acute Care Hospitals,Voluntary Non-Profit - Other,1.0,,,,1,1,0
320033,LOS ALAMOS MEDICAL CENTER,3917 WEST ROAD,LOS ALAMOS,NM,87544,LOS ALAMOS,(505) 662-4201,Acute Care Hospitals,Proprietary,1.0,,,,1,1,0
320038,REHOBOTH MCKINLEY CHRISTIAN HEALTH SER,1901 RED ROCK DRIVE,GALLUP,NM,87301,MCKINLEY,5058637000,Acute Care Hospitals,Voluntary Non-Profit - Private,1.0,,,,1,0,0
320057,SANTA FE PHS INDIAN HOSPITAL,1700 CERRILLOS ROAD,SANTA FE,NM,87501,SANTA FE,(505) 988-9821,Acute Care Hospitals,Government - Federal,0.0,,,,1,1,0
320058,MESCALERO PHS INDIAN HOSPITAL,P O BOX 210,MESCALERO,NM,88340,OTERO,5054644441,Acute Care Hospitals,Government - Federal,1.0,,,,1,0,0
320059,NORTHERN NAVAJO MEDICAL CENTER,US HWY 491 NORTH,SHIPROCK,NM,87420,SAN JUAN,(505) 368-6001,Acute Care Hospitals,Government - Federal,1.0,,,,1,1,0
32005F,VA NEW MEXICO HEALTHCARE SYSTEM,1501 SAN PEDRO DRIVE SE,ALBUQUERQUE,NM,87108,BERNALILLO,(505) 256-2889,ACUTE CARE - VETERANS ADMINISTRATION,Government - Federal,1.0,,,,1,1,0
320060,ZUNI COMPREHENSIVE COMMUNITY HEALTH CENTER,ROUTE 301 NORTH B STREET,ZUNI,NM,87327,MCKINLEY,(505) 782-4431,Acute Care Hospitals,Government - Federal,1.0,,,,1,1,0
320061,GALLUP INDIAN MEDICAL CENTER,516 E NIZHONI BLVD,GALLUP,NM,87301,MCKINLEY,(505) 722-1000,Acute Care Hospitals,Government - Federal,1.0,,,,1,1,0
320062,CROWNPOINT HEALTHCARE FACILITY,JUNCTION OF HWY 371,CROWNPOINT,NM,87313,MCKINLEY,(505) 786-5291,Acute Care Hospitals,Government - Federal,1.0,,,,1,1,0
320063,CARLSBAD MEDICAL CENTER,2430 WEST PIERCE STREET,CARLSBAD,NM,88220,EDDY,(575) 887-4570,Acute Care Hospitals,Proprietary,1.0,,,,1,1,0
320065,COVENANT HEALTH HOBBS HOSPITAL,5419 N LOVINGTON HIGHWAY,HOBBS,NM,88240,LEA,(575) 492-5000,Acute Care Hospitals,Proprietary,1.0,,,,1,1,0
320067,GUADALUPE COUNTY HOSPITAL,117 CAMINO DE VIDA,SANTA ROSA,NM,88435,GUADALUPE,5754723417,Acute Care Hospitals,Government - Local,1.0,,,,1,0,0
320070,DHHS USPHS INDIAN HEALTH SERVICES,EXIT #102 OFF I-40 1/2 MILE SOUTH,SAN FIDEL,NM,87049,CIBOLA,5055525300,Acute Care Hospitals,Government - Federal,1.0,,,,1,0,0
320074,LOVELACE WESTSIDE HOSPITAL,10501 GOLF COURSE ROAD NW,ALBUQUERQUE,NM,87114,BERNALILLO,(505) 727-2001,Acute Care Hospitals,Government - Federal,1.0,,,,1,1,0
320083,HEART HOSPITAL OF NEW MEXICO,504 ELM STREET NE,ALBUQUERQUE,NM,87102,BERNALILLO,5057242000,Acute Care Hospitals,Proprietary,,,,,1,0,0
320084,ROOSEVELT GENERAL HOSPITAL,42121 US HIGHWAY 70,PORTALES,NM,88130,ROOSEVELT,(575) 356-3412,Acute Care Hospitals,Voluntary Non-Profit - Other,1.0,,,,1,1,0
320085,MOUNTAIN VIEW REGIONAL MEDICAL CENTER,4311 EAST LOHMAN AVENUE,LAS CRUCES,NM,88011,DONA ANA,(575) 556-7610,Acute Care Hospitals,Voluntary Non-Profit - Private,1.0,,,,1,1,0
320086,LOVELACE REGIONAL HOSPITAL - ROSWELL,117 EAST 19TH STREET,ROSWELL,NM,88201,CHAVES,(575) 625-3345,Acute Care Hospitals,Government - Federal,1.0,,,,1,1,0
320087,PHYSICIANS MEDICAL CENTER OF SANTA FE,2990 RODEO PARK DRIVE EAST,SANTA FE,NM,87505,SANTA FE,5054285400,Acute Care Hospitals,Government - Federal,,,,,1,0,0
320090,PRESBYTERIAN SANTA FE MEDICAL CENTER,4801 BECKNER ROAD,SANTA FE,NM,87507,SANTA FE,(505) 772-6216,,,,,,,0,1,0
320091,THREE CROSSES REGIONAL HOSPITAL LLC,2560 SAMARITAN DRIVE,LAS CRUCES,NM,88001,DONA ANA,(800) 421-8274,,,,,,,0,1,0
320779,GUADALUPE COUNTY HOSPITAL,"117 CAMINO DE VIDA, SUITE 100",SANTA ROSA,NM,88435,GUADALUPE,(575) 472-3417,,,,,,,0,1,0
321300,SIERRA VISTA HOSPITAL,800 EAST 9TH AVENUE,T OR C,NM,87901,SIERRA,(575) 894-2111,Critical Access Hospitals,Government - Local,1.0,,,,1,1,0
321301,SOCORRO GENERAL HOSPITAL,1202 HIGHWAY 60 WEST,SOCORRO,NM,87801,SOCORRO,(575) 835-1140,Critical Access Hospitals,Voluntary Non-Profit - Private,1.0,,,,1,1,0
321302,DR DAN C TRIGG MEMORIAL HOSPITAL,301 EAST MIEL DE LUNA AVENUE,TUCUMCARI,NM,88401,QUAY,(575) 461-7007,Critical Access Hospitals,Voluntary Non-Profit - Private,1.0,,,,1,1,0
321304,UNION COUNTY GENERAL HOSPITAL,300 WILSON STREET,CLAYTON,NM,88415,UNION,(575) 374-7001,Critical Access Hospitals,Proprietary,1.0,,,,1,1,0
321305,NOR-LEA HOSPITAL DISTRICT,1600 NORTH MAIN AVE,LOVINGTON,NM,88260,LEA,(575) 396-6611,Critical Access Hospitals,Voluntary Non-Profit - Other,1.0,,,,1,1,0
321306,LINCOLN COUNTY MEDICAL CENTER,211 SUDDERTH DRIVE,RUIDOSO,NM,88345,LINCOLN,(575) 257-2800,Critical Access Hospitals,Voluntary Non-Profit - Private,1.0,,,,1,1,0
321307,MINERS' COLFAX MEDICAL CENTER,203 HOSPITAL DRIVE,RATON,NM,87740,COLFAX,(575) 445-3661,Critical Access Hospitals,Government - Local,1.0,,,,1,1,0
321308,CIBOLA GENERAL HOSPITAL,1016 E ROOSEVELT AVENUE,GRANTS,NM,87020,CIBOLA,(505) 287-5300,Critical Access Hospitals,Government - Local,1.0,,,,1,1,0
321309,MIMBRES VALLEY MEDICAL CENTER,900 W Ash Street,DEMING,NM,88031,LUNA,(575) 546-5803,,,,,,,0,1,0
321310,HOLY CROSS HOSPITAL A DIV OF TAOS HEALTH SYSTEMS,1397 WEIMER ROAD,TAOS,NM,87571,TAOS,(575) 758-8883,,,,,,,0,1,0
321311,GILA REGIONAL MEDICAL CENTER,1313 E 32ND ST,SILVER CITY,NM,88061,GRANT,(575) 538-4100,,,,,,,0,1,0
321312,ALTA VISTA REGIONAL HOSPITAL,104 LEGION DRIVE,LAS VEGAS,NM,87701,SAN MIGUEL,(505) 426-3930,,,,,,,0,1,0
321313,REHOBOTH MCKINLEY CHRISTIAN HEALTH CARE SERVICES,1901 RED ROCK DRIVE,GALLUP,NM,87301,MCKINLEY,(505) 863-7000,,,,,,,0,1,0
330002,PENINSULA HOSPITAL CENTER,51-15 BEACH CHANNEL DRIVE,FAR ROCKAWAY,NY,11691,QUEENS,7187342000,Acute Care Hospitals,Voluntary Non-Profit - Private,1.0,,,,1,0,0
330003,ALBANY MEMORIAL HOSPITAL,600 NORTHERN BOULEVARD,ALBANY,NY,12204,ALBANY,5184713221,Acute Care Hospitals,Voluntary Non-Profit - Private,1.0,,,,1,0,0
330004,KINGSTON HOSPITAL,396 BROADWAY,KINGSTON,NY,12401,ULSTER,9143313131,Acute Care Hospitals,Voluntary Non-Profit - Private,0.0,,,,1,0,0
330005,KALEIDA HEALTH,100 HIGH STREET,BUFFALO,NY,14210,ERIE,(716) 859-8620,Acute Care Hospitals,Voluntary Non-Profit - Other,1.0,,,,1,1,0
330006,ST JOSEPH'S MEDICAL CENTER,127 SOUTH BROADWAY,YONKERS,NY,10701,WESTCHESTER,(914) 378-7000,Acute Care Hospitals,Voluntary Non-Profit - Other,1.0,,,,1,1,0
330008,WYOMING COUNTY COMMUNITY HOSPITAL,400 NORTH MAIN STREET,WARSAW,NY,14569,WYOMING,5857862233,Acute Care Hospitals,Government - Local,1.0,,,,1,0,0
330009,BRONXCARE HOSPITAL CENTER,1276 FULTON AVENUE,BRONX,NY,10456,BRONX,(212) 588-7000,Acute Care Hospitals,Proprietary,1.0,,,,1,1,0
330011,"OUR LADY OF LOURDES MEMORIAL HOSPITAL, INC",169 RIVERSIDE DRIVE,BINGHAMTON,NY,13905,BROOME,(607) 798-5111,Acute Care Hospitals,Voluntary Non-Profit - Private,1.0,,,,1,1,0
330013,ALBANY MEDICAL CENTER HOSPITAL,"43 NEW SCOTLAND AVENUE, MAIL CODE 34",ALBANY,NY,12208,ALBANY,(518) 262-2400,Acute Care Hospitals,Voluntary Non-Profit - Private,1.0,,,,1,1,0
330014,JAMAICA HOSPITAL MEDICAL CENTER,89TH AVENUE AND VAN WYCK EXPRESSWAY,JAMAICA,NY,11418,QUEENS,(718) 262-6000,Acute Care Hospitals,Government - Federal,1.0,,,,1,1,0
330019,"NEW YORK COMMUNITY HOSPITAL OF BROOKLYN, INC.",2525 KINGS HIGHWAY,BROOKLYN,NY,11229,KINGS,(718) 692-5302,Acute Care Hospitals,Voluntary Non-Profit - Private,1.0,,,,1,1,0
330023,VASSAR BROTHERS MEDICAL CENTER,45 READE PLACE,POUGHKEEPSIE,NY,12601,DUTCHESS,(845) 454-8500,Acute Care Hospitals,Voluntary Non-Profit - Other,1.0,,,,1,1,0
330024,MOUNT SINAI HOSPITAL,ONE GUSTAVE L LEVY PLACE,NEW YORK,NY,10029,NEW YORK,(212) 241-7981,Acute Care Hospitals,Voluntary Non-Profit - Private,1.0,,,,1,1,0
330027,NASSAU UNIVERSITY MEDICAL CENTER,2201 HEMPSTEAD TURNPIKE,EAST MEADOW,NY,11554,NASSAU,(516) 572-0123,Acute Care Hospitals,Government - State,1.0,,,,1,1,0
330028,RICHMOND UNIVERSITY MEDICAL CENTER,355 BARD AVENUE,STATEN ISLAND,NY,10310,RICHMOND,(718) 354-5047,Acute Care Hospitals,Voluntary Non-Profit - Private,1.0,,,,1,1,0
330029,SHEEHAN MEMORIAL HOSPITAL,425 MICHIGAN AVENUE,BUFFALO,NY,14203,ERIE,7168482000,Acute Care Hospitals,Voluntary Non-Profit - Private,0.0,,,,1,0,0
330030,NEWARK-WAYNE COMMUNITY HOSPITAL,1200 DRIVING PARK AVENUE,NEWARK,NY,14513,WAYNE,(315) 332-2022,Acute Care Hospitals,Voluntary Non-Profit - Private,1.0,,,,1,1,0
330033,CHENANGO MEMORIAL HOSPITAL,179 NORTH BROAD STREET,NORWICH,NY,13815,CHENANGO,(607) 337-4111,Acute Care Hospitals,Voluntary Non-Profit - Private,1.0,,,,1,1,0
330037,LAKESIDE MEMORIAL HOSPITAL,156 WEST AVENUE,BROCKPORT,NY,14420,MONROE,5856373131,Acute Care Hospitals,Voluntary Non-Profit - Other,1.0,,,,1,0,0
330043,NS/LIJ HS SOUTHSIDE HOSPITAL,301 EAST MAIN STREET,BAY SHORE,NY,11706,SUFFOLK,(631) 968-3000,Acute Care Hospitals,Voluntary Non-Profit - Private,1.0,,,,1,1,0
330044,WYNN HOSPITAL,1656 CHAMPLIN AVENUE,UTICA,NY,13503,ONEIDA,(315) 624-6002,Acute Care Hospitals,Voluntary Non-Profit - Other,1.0,,,,1,1,0
330045,NS/LIJ HS HUNTINGTON HOSPITAL,270 PARK AVENUE,HUNTINGTON,NY,11743,SUFFOLK,(631) 351-2000,Acute Care Hospitals,Voluntary Non-Profit - Private,1.0,,,,1,1,0
330046,MOUNT SINAI WEST,1000 TENTH AVENUE,NEW YORK,NY,10019,NEW YORK,(212) 523-4000,Acute Care Hospitals,Voluntary Non-Profit - Private,1.0,,,,1,1,0
330047,ST MARY'S HEALTHCARE,427 GUY PARK AVENUE,AMSTERDAM,NY,12010,MONTGOMERY,(518) 842-1900,Acute Care Hospitals,Voluntary Non-Profit - Private,1.0,,,,1,1,0
330049,NORTHERN DUTCHESS HOSPITAL,6511 SPRINGBROOK AVENUE,RHINEBECK,NY,12572,DUTCHESS,(845) 871-3391,Acute Care Hospitals,Voluntary Non-Profit - Other,1.0,,,,1,1,0
330053,MEDINA MEMORIAL HOSPITAL,200 OHIO STREET,MEDINA,NY,14103,ORLEANS,5857988111,Acute Care Hospitals,Voluntary Non-Profit - Private,1.0,,,,1,0,0
330055,NEW YORK-PRESBYTERIAN/QUEENS,56-45 MAIN STREET,FLUSHING,NY,11355,QUEENS,(718) 670-2000,Acute Care Hospitals,Voluntary Non-Profit - Other,1.0,,,,1,1,0
330056,BROOKLYN HOSPITAL CENTER - DOWNTOWN CAMPUS,121 DEKALB AVENUE,BROOKLYN,NY,11201,KINGS,(718) 250-8000,Acute Care Hospitals,Voluntary Non-Profit - Private,1.0,,,,1,1,0
330057,ST PETER'S HOSPITAL,315 SOUTH MANNING BOULEVARD,ALBANY,NY,12208,ALBANY,(518) 525-1550,Acute Care Hospitals,Voluntary Non-Profit - Church,1.0,,,,1,1,0
330058,GENEVA GENERAL HOSPITAL,196 -198 NORTH STREET,GENEVA,NY,14456,ONTARIO,(315) 787-4175,Acute Care Hospitals,Voluntary Non-Profit - Private,1.0,,,,1,1,0
330059,MONTEFIORE MEDICAL CENTER,111 EAST 210TH STREET,BRONX,NY,10467,BRONX,(718) 920-4321,Acute Care Hospitals,Voluntary Non-Profit - Private,1.0,,,,1,1,0
330060,"CARTHAGE AREA HOSPITAL, INC",1001 WEST ST,CARTHAGE,NY,13619,JEFFERSON,(315) 493-1000,,,,,,,0,1,0
330061,LAWRENCE HOSPITAL CENTER,55 PALMER AVENUE,BRONXVILLE,NY,10708,WESTCHESTER,9147871000,Acute Care Hospitals,Voluntary Non-Profit - Other,1.0,,,,1,0,0
330064,NEW YORK DOWNTOWN HOSPITAL,170 WILLIAM STREET,NEW YORK,NY,10038,NEW YORK,2123125000,Acute Care Hospitals,Voluntary Non-Profit - Private,1.0,,,,1,0,0
330065,NIAGARA FALLS MEMORIAL MEDICAL CENTER,621 TENTH STREET,NIAGARA FALLS,NY,14302,NIAGARA,(716) 278-4000,Acute Care Hospitals,Voluntary Non-Profit - Other,1.0,,,,1,1,0
330067,ST FRANCIS HOSPITAL,241 NORTH ROAD,POUGHKEEPSIE,NY,12601,DUTCHESS,8454835000,Acute Care Hospitals,Voluntary Non-Profit - Private,1.0,,,,1,0,0
330073,UNITED MEMORIAL MEDICAL CENTER,127 NORTH STREET,BATAVIA,NY,14020,GENESEE,(585) 343-6030,Acute Care Hospitals,Voluntary Non-Profit - Private,1.0,,,,1,1,0
330074,F F THOMPSON HOSPITAL,350 PARRISH STREET,CANANDAIGUA,NY,14424,ONTARIO,(585) 396-6000,Acute Care Hospitals,Voluntary Non-Profit - Private,1.0,,,,1,1,0
330078,SISTERS OF CHARITY HOSPITAL,2157 MAIN STREET,BUFFALO,NY,14214,ERIE,(716) 862-1000,Acute Care Hospitals,Voluntary Non-Profit - Church,1.0,,,,1,1,0
330079,ADIRONDACK MEDICAL CENTER - SARANAC LAKE,"2233 STATE ROUTE 86, PO BOX 471",SARANAC LAKE,NY,12983,FRANKLIN,(518) 891-4141,Acute Care Hospitals,Voluntary Non-Profit - Other,1.0,,,,1,1,0
330080,LINCOLN MEDICAL & MENTAL HEALTH CENTER,234 EAST 149TH STREET,BRONX,NY,10451,BRONX,(718) 579-5000,Acute Care Hospitals,Government - Local,1.0,,,,1,1,0
330084,ALICE HYDE MEDICAL CENTER,133 PARK STREET,MALONE,NY,12953,FRANKLIN,5184833000,Acute Care Hospitals,Voluntary Non-Profit - Other,1.0,,,,1,0,0
330085,AURELIA OSBORN FOX MEMORIAL HOSPITAL,ONE NORTON AVENUE,ONEONTA,NY,13820,OTSEGO,(607) 432-2000,Acute Care Hospitals,Voluntary Non-Profit - Other,1.0,,,,1,1,0
330086,MONTEFIORE MOUNT VERNON HOSPITAL,12 NORTH 7TH AVENUE,MOUNT VERNON,NY,10550,WESTCHESTER,(914) 664-8000,Acute Care Hospitals,Voluntary Non-Profit - Private,1.0,,,,1,1,0
330088,EASTERN LONG ISLAND HOSPITAL,201 MANOR PLACE,GREENPORT,NY,11944,SUFFOLK,6314771000,Acute Care Hospitals,Voluntary Non-Profit - Private,1.0,,,,1,0,0
330090,ARNOT OGDEN MEDICAL CENTER,600 ROE AVENUE,ELMIRA,NY,14905,CHEMUNG,(607) 737-4100,Acute Care Hospitals,Voluntary Non-Profit - Private,1.0,,,,1,1,0
330094,COLUMBIA MEMORIAL HOSPITAL,71 PROSPECT AVENUE,HUDSON,NY,12534,COLUMBIA,(518) 828-7601,Acute Care Hospitals,Voluntary Non-Profit - Private,1.0,,,,1,1,0
330096,JONES MEMORIAL HOSPITAL,191 NORTH MAIN STREET,WELLSVILLE,NY,14895,ALLEGANY,(585) 593-1100,Acute Care Hospitals,Voluntary Non-Profit - Private,1.0,,,,1,1,0
33009F,ALBANY VA MEDICAL CENTER,113 HOLLAND AVENUE,ALBANY,NY,12208,ALBANY,(518) 626-5000,ACUTE CARE - VETERANS ADMINISTRATION,Government - Federal,1.0,,,,1,1,0
330100,NY EYE AND EAR INFIRMARY OF MOUNT SINAI,230 SECOND AVE,NEW YORK,NY,10003,NEW YORK,(212) 979-4000,Acute Care Hospitals,Voluntary Non-Profit - Private,0.0,,,,1,1,0
330101,NEW YORK-PRESBYTERIAN HOSPITAL,525 EAST 68TH STREET,NEW YORK,NY,10065,NEW YORK,(212) 746-5454,Acute Care Hospitals,Voluntary Non-Profit - Private,1.0,,,,1,1,0
330102,KENMORE MERCY HOSPITAL,2950 ELMWOOD AVENUE,KENMORE,NY,14217,ERIE,(716) 447-6100,Acute Care Hospitals,Voluntary Non-Profit - Church,1.0,,,,1,1,0
330103,OLEAN GENERAL HOSPITAL,515 MAIN STREET,OLEAN,NY,14760,CATTARAUGUS,(716) 373-2600,Acute Care Hospitals,Proprietary,1.0,,,,1,1,0
330104,NYACK HOSPITAL,160 NORTH MIDLAND AVENUE,NYACK,NY,10960,ROCKLAND,(845) 348-2000,Acute Care Hospitals,Voluntary Non-Profit - Other,1.0,,,,1,1,0
330106,NORTH SHORE UNIVERSITY HOSPITAL,300 COMMUNITY DRIVE,MANHASSET,NY,11030,NASSAU,(516) 562-0100,Acute Care Hospitals,Voluntary Non-Profit - Private,1.0,,,,1,1,0
330107,PECONIC BAY MEDICAL CENTER,1 HEROS WAY,RIVERHEAD,NY,11901,SUFFOLK,(631) 548-6000,Acute Care Hospitals,Voluntary Non-Profit - Private,1.0,,,,1,1,0
330108,"ST JOSEPH'S HOSPITAL, INC",555 EAST MARKET STREET,ELMIRA,NY,14902,CHEMUNG,6077336541,Acute Care Hospitals,Voluntary Non-Profit - Private,1.0,,,,1,0,0
330111,BERTRAND CHAFFEE HOSPITAL,224 EAST MAIN STREET,SPRINGVILLE,NY,14141,ERIE,(716) 592-2871,Acute Care Hospitals,Voluntary Non-Profit - Private,1.0,,,,1,1,0
330115,ONEIDA HEALTH HOSPITAL,321 GENESEE STREET,ONEIDA,NY,13421,MADISON,(315) 363-6000,Acute Care Hospitals,Voluntary Non-Profit - Other,1.0,,,,1,1,0
330119,LENOX HILL HOSPITAL,100 EAST 77TH STREET,NEW YORK,NY,10075,NEW YORK,(212) 434-2000,Acute Care Hospitals,Voluntary Non-Profit - Private,1.0,,,,1,1,0
33011F,BATH VA MEDICAL CENTER,76 VETERANS AVE.,BATH,NY,14810,STEUBEN,(607) 664-4000,ACUTE CARE - VETERANS ADMINISTRATION,Government - Federal,1.0,,,,1,1,0
330125,ROCHESTER GENERAL HOSPITAL,1425 PORTLAND AVENUE,ROCHESTER,NY,14621,MONROE,(585) 922-4000,Acute Care Hospitals,Voluntary Non-Profit - Private,1.0,,,,1,1,0
330126,GARNET HEALTH MEDICAL CENTER,707 EAST MAIN STREET,MIDDLETOWN,NY,10940,ORANGE,(845) 343-2424,Acute Care Hospitals,Voluntary Non-Profit - Private,1.0,,,,1,1,0
330127,JACOBI MEDICAL CENTER,1400 PELHAM PARKWAY SOUTH,BRONX,NY,10461,BRONX,(718) 918-5000,Acute Care Hospitals,Government - Local,1.0,,,,1,1,0
330128,ELMHURST HOSPITAL CENTER,79-01 BROADWAY,ELMHURST,NY,11373,QUEENS,(718) 334-1141,Acute Care Hospitals,Government - Local,1.0,,,,1,1,0
33012F,UPSTATE NEW YORK VA HEALTHCARE SYSTEM (WESTERN NY VA HEALTHCARE SYSTEM),3495 BAILEY AVENUE,BUFFALO,NY,14215,ERIE,(716) 862-3611,ACUTE CARE - VETERANS ADMINISTRATION,Government - Federal,1.0,,,,1,1,0
330132,TLC HEALTH NETWORK,100 MEMORIAL DRIVE,GOWANDA,NY,14070,CATTARAUGUS,7165323377,Acute Care Hospitals,Voluntary Non-Profit - Private,1.0,,,,1,0,0
330135,BON SECOURS COMMUNITY HOSPITAL,160 EAST MAIN STREET,PORT JERVIS,NY,12771,ORANGE,(845) 856-5351,Acute Care Hospitals,Voluntary Non-Profit - Church,1.0,,,,1,1,0
330136,BASSETT HEALTHCARE,ONE ATWELL ROAD,COOPERSTOWN,NY,13326,OTSEGO,(607) 547-3456,Acute Care Hospitals,Voluntary Non-Profit - Private,1.0,,,,1,1,0
33013F,CANANDAIGUA VA MEDICAL CENTER,400 FOOT HILL AVE.,CANANDAIGUA,NY,14424,ONTARIO,5853942000,ACUTE CARE - VETERANS ADMINISTRATION,Government - Federal,1.0,,,,1,0,0
330140,ST JOSEPH'S HOSPITAL HEALTH CENTER,301 PROSPECT AVENUE,SYRACUSE,NY,13203,ONONDAGA,(315) 448-5111,Acute Care Hospitals,Voluntary Non-Profit - Church,1.0,,,,1,1,0
330141,LONG ISLAND COMMUNITY HOSPITAL,101 HOSPITAL ROAD,PATCHOGUE,NY,11772,SUFFOLK,(631) 654-7100,Acute Care Hospitals,Voluntary Non-Profit - Private,1.0,,,,1,1,0
330144,"IRA DAVENPORT MEMORIAL HOSPITAL, INC",7571 STATE ROUTE 54,BATH,NY,14810,STEUBEN,6077768500,Acute Care Hospitals,Voluntary Non-Profit - Other,1.0,,,,1,0,0
330151,ST JAMES HOSPITAL,411 CANISTEO STREET,HORNELL,NY,14843,STEUBEN,(607) 324-8000,Acute Care Hospitals,Voluntary Non-Profit - Church,1.0,,,,1,1,0
330152,LONG ISLAND COLLEGE HOSPITAL,339 HICKS STREET,BROOKLYN,NY,11201,KINGS,7187804651,Acute Care Hospitals,Voluntary Non-Profit - Private,,,,,1,0,0
330153,ELLIS HOSPITAL,1101 NOTT STREET,SCHENECTADY,NY,12308,SCHENECTADY,(518) 243-4196,Acute Care Hospitals,Proprietary,1.0,,,,1,1,0
330157,SAMARITAN MEDICAL CENTER,830 WASHINGTON STREET,WATERTOWN,NY,13601,JEFFERSON,(315) 785-4000,Acute Care Hospitals,Voluntary Non-Profit - Other,1.0,,,,1,1,0
330158,GOOD SAMARITAN HOSPITAL OF SUFFERN,255 LAFAYETTE AVENUE,SUFFERN,NY,10901,ROCKLAND,(914) 368-5000,Acute Care Hospitals,Voluntary Non-Profit - Church,1.0,,,,1,1,0
330159,COMMUNITY-GENERAL HOSPITAL OF GREATER SYRACUSE,4900 BROAD ROAD,SYRACUSE,NY,13215,ONONDAGA,3154925011,Acute Care Hospitals,Voluntary Non-Profit - Private,,,,,1,0,0
33015F,VA HUDSON VALLEY HEALTHCARE SYSTEM,2094 ALBANY POST ROAD,MONTROSE,NY,10548,WESTCHESTER,(914) 737-4400,ACUTE CARE - VETERANS ADMINISTRATION,Government - Federal,1.0,,,,1,1,0
330160,STATEN ISLAND UNIVERSITY HOSPITAL,475 SEAVIEW AVENUE,STATEN ISLAND,NY,10305,RICHMOND,(418) 226-9761,Acute Care Hospitals,Voluntary Non-Profit - Private,1.0,,,,1,1,0
330162,NORTHERN WESTCHESTER HOSPITAL,400 EAST MAIN STREET,MOUNT KISCO,NY,10549,WESTCHESTER,(914) 666-1200,Acute Care Hospitals,Voluntary Non-Profit - Private,1.0,,,,1,1,0
330163,EASTERN NIAGARA HOSPITAL,521 EAST AVENUE,LOCKPORT,NY,14094,NIAGARA,7165145700,Acute Care Hospitals,Voluntary Non-Profit - Private,1.0,,,,1,0,0
330164,HIGHLAND HOSPITAL,1000 SOUTH AVENUE,ROCHESTER,NY,14617,MONROE,(585) 341-6711,Acute Care Hospitals,Voluntary Non-Profit - Private,1.0,,,,1,1,0
330166,"WESTFIELD MEMORIAL HOSPITAL, INC",189 EAST MAIN STREET,WESTFIELD,NY,14787,CHAUTAUQUA,(716) 326-4921,Acute Care Hospitals,Voluntary Non-Profit - Private,1.0,,,,1,1,0
330167,WINTHROP-UNIVERSITY HOSPITAL,259 FIRST STREET,MINEOLA,NY,11501,NASSAU,5166630333,Acute Care Hospitals,Voluntary Non-Profit - Private,1.0,,,,1,0,0
330169,MOUNT SINAI BETH ISRAEL,281 1ST AVE,NEW YORK,NY,10003,NEW YORK,(212) 420-2000,Acute Care Hospitals,Voluntary Non-Profit - Private,1.0,,,,1,1,0
33016F,BRONX VA MEDICAL CENTER,130 WEST KINGSBRIDGE ROAD,BRONX,NY,10468,BRONX,(718) 584-9000,ACUTE CARE - VETERANS ADMINISTRATION,Government - Federal,1.0,,,,1,1,0
330175,GUTHRIE CORTLAND REGIONAL MEDICAL CENTER,134 HOMER AVENUE,CORTLAND,NY,13045,CORTLAND,(607) 756-3501,Acute Care Hospitals,Voluntary Non-Profit - Private,1.0,,,,1,1,0
330177,EDWARD JOHN  NOBLE HOSPITAL OF GOUVERNEUR,77 WEST BARNEY STREET,GOUVERNEUR,NY,13642,SAINT LAWRENCE,3152871000,Acute Care Hospitals,Voluntary Non-Profit - Private,1.0,,,,1,0,0
33017F,VA NEW YORK HARBOR HEALTHCARE SYSTEM - NY DIV.,423 EAST 23RD STREET,NEW YORK,NY,10010,NEW YORK,(212) 686-7500,ACUTE CARE - VETERANS ADMINISTRATION,Government - Federal,1.0,,,,1,1,0
330180,"SAMARITAN HOSPITAL OF TROY, NEW YORK",2215 BURDETT AVENUE,TROY,NY,12180,RENSSELAER,(518) 427-3402,Acute Care Hospitals,Voluntary Non-Profit - Private,1.0,,,,1,1,0
330181,NORTHWELL HOSPITAL GLEN COVE,101 ST ANDREWS LANE,GLEN COVE,NY,11542,NASSAU,(516) 674-7300,Acute Care Hospitals,Voluntary Non-Profit - Private,1.0,,,,1,1,0
330182,ST FRANCIS HOSPITAL - THE HEART CENTER,100 PORT WASHINGTON BOULEVARD,ROSLYN,NY,11576,NASSAU,(516) 562-6000,Acute Care Hospitals,Voluntary Non-Profit - Church,1.0,,,,1,1,0
330184,MONTEFIORE NEW ROCHELLE HOSPITAL,16 GUION PLACE,NEW ROCHELLE,NY,10802,WESTCHESTER,(914) 632-5000,Acute Care Hospitals,Voluntary Non-Profit - Private,1.0,,,,1,1,0
330185,JOHN T MATHER MEMORIAL HOSPITAL  OF PORT JEFFERSON,75 NORTH COUNTRY ROAD,PORT JEFFERSON,NY,11777,SUFFOLK,(631) 473-1320,Acute Care Hospitals,Voluntary Non-Profit - Private,1.0,,,,1,1,0
330188,MOUNT ST. MARY'S HOSPITAL & HEALTH CENTER,5300 MILITARY ROAD,LEWISTON,NY,14092,NIAGARA,(716) 297-4800,Acute Care Hospitals,Voluntary Non-Profit - Church,1.0,,,,1,1,0
330191,GLENS FALLS HOSPITAL,100 PARK STREET,GLENS FALLS,NY,12801,WARREN,(518) 926-1000,Acute Care Hospitals,Voluntary Non-Profit - Private,1.0,,,,1,1,0
330193,FLUSHING HOSPITAL MEDICAL CENTER,45TH AVENUE AND PARSONS BOULEVARD,FLUSHING,NY,11355,QUEENS,(718) 670-5000,Acute Care Hospitals,Voluntary Non-Profit - Private,1.0,,,,1,1,0
330194,MAIMONIDES MEDICAL CENTER,4802 TENTH AVENUE,BROOKLYN,NY,11219,KINGS,(718) 283-6000,Acute Care Hospitals,Voluntary Non-Profit - Private,1.0,,,,1,1,0
330195,LONG ISLAND JEWISH MEDICAL CENTER,270 - 05 76TH AVENUE,NEW HYDE PARK,NY,11040,NASSAU,(718) 470-7000,Acute Care Hospitals,Voluntary Non-Profit - Private,1.0,,,,1,1,0
330196,SOUTH BROOKLYN HEALTH,2601 OCEAN PARKWAY,BROOKLYN,NY,11235,KINGS,(718) 616-3000,Acute Care Hospitals,Government - Local,1.0,,,,1,1,0
330197,CANTON-POTSDAM HOSPITAL,50 LEROY STREET,POTSDAM,NY,13676,ST. LAWRENCE,(315) 265-3300,Acute Care Hospitals,Voluntary Non-Profit - Private,1.0,,,,1,1,0
330198,MOUNT SINAI SOUTH NASSAU,ONE HEALTHY WAY,OCEANSIDE,NY,11572,NASSAU,(516) 632-3000,Acute Care Hospitals,Voluntary Non-Profit - Private,1.0,,,,1,1,0
330199,METROPOLITAN HOSPITAL CENTER,1901 FIRST AVENUE,NEW YORK,NY,10029,NEW YORK,(212) 423-6262,Acute Care Hospitals,Government - Local,1.0,,,,1,1,0
33019F,NORTHPORT VA MEDICAL CENTER,79 MIDDLEVILLE ROAD,NORTHPORT,NY,11768,SUFFOLK,(516) 261-4400,ACUTE CARE - VETERANS ADMINISTRATION,Government - Federal,1.0,,,,1,1,0
330201,KINGSBROOK JEWISH MEDICAL CENTER,585 SCHENECTADY AVENUE,BROOKLYN,NY,11203,KINGS,7186045789,Acute Care Hospitals,Voluntary Non-Profit - Private,1.0,,,,1,0,0
330202,KINGS COUNTY HOSPITAL CENTER,451 CLARKSON AVENUE,BROOKLYN,NY,11203,KINGS,(718) 245-3901,Acute Care Hospitals,Government - Local,1.0,,,,1,1,0
330203,CROUSE HOSPITAL,736 IRVING AVENUE,SYRACUSE,NY,13210,ONONDAGA,(315) 470-7449,Acute Care Hospitals,Voluntary Non-Profit - Private,1.0,,,,1,1,0
330204,BELLEVUE HOSPITAL CENTER,462 FIRST AVENUE,NEW YORK,NY,10016,NEW YORK,(212) 561-4132,Acute Care Hospitals,Government - Local,1.0,,,,1,1,0
330205,ST ANTHONY COMMUNITY HOSPITAL,15 MAPLE AVENUE -19,WARWICK,NY,10990,ORANGE,(845) 986-2276,Acute Care Hospitals,Voluntary Non-Profit - Church,1.0,,,,1,1,0
330208,ST JOHN'S RIVERSIDE HOSPITAL,976 NORTH BROADWAY,YONKERS,NY,10701,WESTCHESTER,(914) 964-4444,Acute Care Hospitals,Voluntary Non-Profit - Private,1.0,,,,1,1,0
33020F,VA NEW YORK HARBOR HEALTHCARE SYSTEM - BROOKLYN,800 POLY PLACE,BROOKLYN,NY,11209,KINGS,(718) 836-6600,,,,,,,0,1,0
330211,CLAXTON-HEPBURN MEDICAL CENTER,214 KING STREET,OGDENSBURG,NY,13669,SAINT LAWRENCE,3153933600,Acute Care Hospitals,Voluntary Non-Profit - Private,1.0,,,,1,0,0
330213,LEWIS COUNTY GENERAL HOSPITAL,7785 NORTH STATE STREET,LOWVILLE,NY,13367,LEWIS,3153765200,Acute Care Hospitals,Government - Local,1.0,,,,1,0,0
330214,NYU LANGONE HOSPITALS,550 FIRST AVENUE,NEW YORK,NY,10016,NEW YORK,(212) 263-7300,Acute Care Hospitals,Voluntary Non-Profit - Private,1.0,,,,1,1,0
330215,"ROME MEMORIAL HOSPITAL, INC",1500 NORTH JAMES STREET,ROME,NY,13440,ONEIDA,(315) 338-7000,Acute Care Hospitals,Voluntary Non-Profit - Private,1.0,,,,1,1,0
330218,OSWEGO HOSPITAL,110 WEST SIXTH STREET,OSWEGO,NY,13069,OSWEGO,(315) 349-5511,Acute Care Hospitals,Voluntary Non-Profit - Private,1.0,,,,1,1,0
330219,ERIE COUNTY MEDICAL CENTER,462 GRIDER STREET,BUFFALO,NY,14215,ERIE,(716) 898-3936,Acute Care Hospitals,Government - Local,1.0,,,,1,1,0
330221,WYCKOFF HEIGHTS MEDICAL CENTER,374 STOCKHOLM STREET,BROOKLYN,NY,11237,KINGS,(718) 963-7272,Acute Care Hospitals,Voluntary Non-Profit - Other,1.0,,,,1,1,0
330222,SARATOGA HOSPITAL,211 CHURCH STREET,SARATOGA SPRINGS,NY,12866,SARATOGA,(518) 587-3222,Acute Care Hospitals,Voluntary Non-Profit - Private,1.0,,,,1,1,0
330223,MASSENA MEMORIAL HOSPITAL,1 HOSPITAL DRIVE,MASSENA,NY,13662,SAINT LAWRENCE,3157641711,Acute Care Hospitals,Government - Local,1.0,,,,1,0,0
330224,HEALTHALLIANCE HOSPITAL MARYS AVENUE CAMPUS,105 MARY'S AVENUE,KINGSTON,NY,12401,ULSTER,(845) 338-2500,Acute Care Hospitals,Voluntary Non-Profit - Church,1.0,,,,1,1,0
330225,LONG BEACH MEDICAL CENTER,455 EAST BAY DRIVE,LONG BEACH,NY,11561,NASSAU,5168971000,Acute Care Hospitals,Voluntary Non-Profit - Private,1.0,,,,1,0,0
330226,UNITY HOSPITAL,1555 LONG POND ROAD,ROCHESTER,NY,14626,MONROE,(585) 723-7000,Acute Care Hospitals,Voluntary Non-Profit - Private,1.0,,,,1,1,0
330229,"BROOKS-TLC HOSPITAL SYSTEM, INC",529 CENTRAL AVENUE,DUNKIRK,NY,14048,CHAUTAUQUA,(716) 366-1111,Acute Care Hospitals,Voluntary Non-Profit - Private,1.0,,,,1,1,0
330231,QUEENS HOSPITAL CENTER,82-68 164TH STREET,JAMAICA,NY,11432,QUEENS,(718) 883-3000,Acute Care Hospitals,Government - Local,1.0,,,,1,1,0
330232,SETON HEALTH SYSTEM-ST MARY'S CAMPUS,1300 MASSACHUSETTS AVENUE,TROY,NY,12180,RENSSELAER,5182725000,Acute Care Hospitals,Voluntary Non-Profit - Church,1.0,,,,1,0,0
330233,BROOKDALE HOSPITAL MEDICAL CENTER,1 BROOKDALE PLAZA,BROOKLYN,NY,11212,KINGS,(718) 240-5966,Acute Care Hospitals,Voluntary Non-Profit - Private,1.0,,,,1,1,0
330234,WESTCHESTER MEDICAL CENTER,100 WOODS RD,VALHALLA,NY,10595,WESTCHESTER,(914) 493-7000,Acute Care Hospitals,Government - Hospital District or Authority,1.0,,,,1,1,0
330235,AUBURN  COMMUNITY  HOSPITAL,17 LANSING STREET,AUBURN,NY,13021,CAYUGA,(315) 255-7011,Acute Care Hospitals,Voluntary Non-Profit - Private,1.0,,,,1,1,0
330236,NEW YORK METHODIST HOSPITAL,506 SIXTH STREET,BROOKLYN,NY,11215,KINGS,7187803000,Acute Care Hospitals,Voluntary Non-Profit - Private,1.0,,,,1,0,0
330238,NICHOLAS H NOYES MEMORIAL HOSPITAL,111  CLARA BARTON STREET,DANSVILLE,NY,14437,LIVINGSTON,(585) 335-6001,Acute Care Hospitals,Voluntary Non-Profit - Private,1.0,,,,1,1,0
330239,UPMC CHAUTAUQUA AT WCA,207 FOOTE AVENUE,JAMESTOWN,NY,14701,CHAUTAUQUA,(716) 487-0141,Acute Care Hospitals,Voluntary Non-Profit - Private,1.0,,,,1,1,0
330240,HARLEM HOSPITAL CENTER,506 LENOX AVENUE,NEW YORK,NY,10037,NEW YORK,(212) 939-1000,Acute Care Hospitals,Government - Local,1.0,,,,1,1,0
330241,UNIVERSITY HOSPITAL S U N Y HEALTH SCIENCE CENTER,750 EAST ADAMS STREET,SYRACUSE,NY,13210,ONONDAGA,(315) 473-4240,Acute Care Hospitals,Government - State,1.0,,,,1,1,0
330245,ST ELIZABETH MEDICAL CENTER,2209 GENESEE STREET,UTICA,NY,13501,ONEIDA,3157988100,Acute Care Hospitals,Voluntary Non-Profit - Private,1.0,,,,1,0,0
330246,ST CHARLES HOSPITAL,200 BELLE TERRE ROAD,PORT JEFFERSON,NY,11777,SUFFOLK,(631) 474-6000,Acute Care Hospitals,Voluntary Non-Profit - Church,1.0,,,,1,1,0
330249,"COMMUNITY MEMORIAL HOSPITAL, INC",150 BROAD STREET,HAMILTON,NY,13346,MADISON,3158241100,Acute Care Hospitals,Voluntary Non-Profit - Private,1.0,,,,1,0,0
33024F,SYRACUSE VA MEDICAL CENTER,800 IRVING AVE.,SYRACUSE,NY,13210,ONONDAGA,(315) 425-4400,ACUTE CARE - VETERANS ADMINISTRATION,Government - Federal,1.0,,,,1,1,0
330250,CHAMPLAIN VALLEY PHYSICIANS HOSPITAL MEDICAL CTR,75 BEEKMAN STREET,PLATTSBURGH,NY,12901,CLINTON,(518) 562-7767,Acute Care Hospitals,Voluntary Non-Profit - Private,1.0,,,,1,1,0
330259,MERCY MEDICAL CENTER,1000 NORTH VILLAGE AVENUE,ROCKVILLE CENTRE,NY,11571,NASSAU,(516) 705-2525,Acute Care Hospitals,Voluntary Non-Profit - Church,1.0,,,,1,1,0
33025F,Keller ACH (West Point),900 Washington Rd,West Point,NY,10996,ORANGE,(845) 938-4034,,,,,,,0,1,0
330261,PHELPS HOSPITAL,701 NORTH BROADWAY,SLEEPY HOLLOW,NY,10591,WESTCHESTER,(914) 366-3000,Acute Care Hospitals,Voluntary Non-Profit - Other,1.0,,,,1,1,0
330263,"CARTHAGE AREA HOSPITAL, INC",1001 WEST STREET,CARTHAGE,NY,13619,JEFFERSON,3154931000,Acute Care Hospitals,Voluntary Non-Profit - Private,1.0,,,,1,0,0
330264,MONTEFIORE ST LUKE'S CORNWALL,70 DUBOIS STREET,NEWBURGH,NY,12550,ORANGE,(845) 561-4400,Acute Care Hospitals,Voluntary Non-Profit - Other,1.0,,,,1,1,0
330265,CLIFTON SPRINGS HOSPITAL AND CLINIC,2 COULTER ROAD,CLIFTON SPRINGS,NY,14432,ONTARIO,(315) 462-9561,Acute Care Hospitals,Voluntary Non-Profit - Private,1.0,,,,1,1,0
330267,HUDSON VALLEY HOSPITAL CENTER,1980 CROMPOND ROAD,CORTLANDT MANOR,NY,10567,WESTCHESTER,(914) 734-3611,Acute Care Hospitals,Voluntary Non-Profit - Private,1.0,,,,1,1,0
330268,COBLESKILL REGIONAL HOSPITAL,178 GRANDVIEW DRIVE,COBLESKILL,NY,12043,SCHOHARIE,5182543270,Acute Care Hospitals,Voluntary Non-Profit - Private,1.0,,,,1,0,0
330270,HOSPITAL FOR SPECIAL SURGERY,535 EAST 70TH STREET,NEW YORK,NY,10021,NEW YORK,(212) 606-1000,Acute Care Hospitals,Voluntary Non-Profit - Private,1.0,,,,1,1,0
330273,PUTNAM HOSPITAL CENTER,670 STONELEIGH AVENUE,CARMEL,NY,10512,PUTNAM,(914) 279-5711,Acute Care Hospitals,Voluntary Non-Profit - Private,1.0,,,,1,1,0
330276,NATHAN LITTAUER HOSPITAL,99 EAST STATE STREET,GLOVERSVILLE,NY,12078,FULTON,(518) 725-8621,Acute Care Hospitals,Voluntary Non-Profit - Private,1.0,,,,1,1,0
330277,CORNING HOSPITAL,1 GUTHRIE DRIVE,CORNING,NY,14830,STEUBEN,(607) 937-7200,Acute Care Hospitals,Voluntary Non-Profit - Private,1.0,,,,1,1,0
330279,MERCY HOSPITAL OF BUFFALO,565 ABBOTT ROAD,BUFFALO,NY,14220,ERIE,(716) 826-7000,Acute Care Hospitals,Voluntary Non-Profit - Church,1.0,,,,1,1,0
330285,STRONG MEMORIAL HOSPITAL,601 ELMWOOD AVE,ROCHESTER,NY,14642,MONROE,(585) 275-2121,Acute Care Hospitals,Voluntary Non-Profit - Private,1.0,,,,1,1,0
330286,GOOD SAMARITAN HOSPITAL MEDICAL CENTER,1000 MONTAUK HIGHWAY,WEST ISLIP,NY,11795,SUFFOLK,(631) 376-3000,Acute Care Hospitals,Voluntary Non-Profit - Church,1.0,,,,1,1,0
330304,WHITE PLAINS HOSPITAL CENTER,41 EAST POST R0AD,WHITE PLAINS,NY,10601,WESTCHESTER,(914) 681-0600,Acute Care Hospitals,Voluntary Non-Profit - Private,1.0,,,,1,1,0
330306,LUTHERAN MEDICAL CENTER,150 55TH STREET,BROOKLYN,NY,11220,KINGS,7186308000,Acute Care Hospitals,Voluntary Non-Profit - Private,1.0,,,,1,0,0
330307,CAYUGA MEDICAL CENTER AT ITHACA,101 DATES DRIVE,ITHACA,NY,14850,TOMPKINS,(607) 274-4401,Acute Care Hospitals,Voluntary Non-Profit - Private,1.0,,,,1,1,0
330316,NEW YORK WESTCHESTER SQUARE MEDICAL CENTER,2475 ST RAYMOND AVENUE,BRONX,NY,10461,BRONX,7184307300,Acute Care Hospitals,Voluntary Non-Profit - Private,1.0,,,,1,0,0
330331,PLAINVIEW HOSPITAL,888 OLD COUNTRY ROAD,PLAINVIEW,NY,11803,NASSAU,(516) 719-3000,Acute Care Hospitals,Voluntary Non-Profit - Private,1.0,,,,1,1,0
330332,CHSLI ST JOSEPH HOSPITAL,4295 HEMPSTEAD TURNPIKE,BETHPAGE,NY,11714,NASSAU,(516) 759-6000,Acute Care Hospitals,Voluntary Non-Profit - Private,1.0,,,,1,1,0
330340,SOUTHAMPTON HOSPITAL,240 MEETING HOUSE LANE,SOUTHAMPTON,NY,11968,SUFFOLK,5167268200,Acute Care Hospitals,Voluntary Non-Profit - Private,1.0,,,,1,0,0
330350,SUNY/DOWNSTATE UNIVERSITY HOSPITAL OF BROOKLYN,445 LENOX ROAD,BROOKLYN,NY,11203,KINGS,(718) 270-1000,Acute Care Hospitals,Government - State,1.0,,,,1,1,0
330353,FOREST HILLS HOSPITAL,102 - 01 66TH ROAD,FOREST HILLS,NY,11375,QUEENS,7188304000,Acute Care Hospitals,Voluntary Non-Profit - Other,1.0,,,,1,0,0
330372,FRANKLIN HOSPITAL,900 FRANKLIN AVENUE,VALLEY STREAM,NY,11580,NASSAU,5162566000,Acute Care Hospitals,Voluntary Non-Profit - Private,1.0,,,,1,0,0
330385,NORTH CENTRAL BRONX HOSPITAL,3424 KOSSUTH AVENUE & 210TH STREET,BRONX,NY,10467,BRONX,2125195000,Acute Care Hospitals,Government - Local,1.0,,,,1,0,0
330386,GARNET HEALTH  MEDICAL CENTER CATSKILLS,"68 HARRIS BUSHVILLE ROAD, P O BOX 800",HARRIS,NY,12742,SULLIVAN,(845) 794-3300,Acute Care Hospitals,Voluntary Non-Profit - Private,1.0,,,,1,1,0
330393,SUNY/STONY BROOK UNIVERSITY HOSPITAL,HEALTH SCIENCES CENTER SUNY,STONY BROOK,NY,11794,SUFFOLK,(631) 444-4000,Acute Care Hospitals,Government - State,1.0,,,,1,1,0
330394,"UNITED HEALTH SERVICES HOSPITALS, INC",10-42 MITCHELL AVENUE,BINGHAMTON,NY,13903,BROOME,(607) 763-6000,Acute Care Hospitals,Voluntary Non-Profit - Private,1.0,,,,1,1,0
330395,ST JOHN'S EPISCOPAL HOSPITAL AT SOUTH SHORE,327 BEACH 19TH STREET,FAR ROCKAWAY,NY,11691,QUEENS,(718) 869-7000,Acute Care Hospitals,Voluntary Non-Profit - Church,1.0,,,,1,1,0
330396,WOODHULL MEDICAL & MENTAL HEALTH CENTER,760 BROADWAY,BROOKLYN,NY,11206,KINGS,(718) 963-8100,Acute Care Hospitals,Government - Local,1.0,,,,1,1,0
330397,INTERFAITH MEDICAL CENTER,1545 ATLANTIC AVENUE,BROOKLYN,NY,11213,KINGS,7186134000,Acute Care Hospitals,Voluntary Non-Profit - Private,1.0,,,,1,0,0
330399,ST BARNABAS HOSPITAL,4422 THIRD AVENUE,BRONX,NY,10457,BRONX,(212) 960-9000,Acute Care Hospitals,Voluntary Non-Profit - Private,1.0,,,,1,1,0
330401,ST CATHERINE OF SIENA HOSPITAL,50 ROUTE 25A,SMITHTOWN,NY,11787,SUFFOLK,(631) 862-3000,Acute Care Hospitals,Voluntary Non-Profit - Church,1.0,,,,1,1,0
330403,MONROE COMMUNITY HOSPITAL,435 EAST HENRIETTA ROAD,ROCHESTER,NY,14620,MONROE,5857606500,Acute Care Hospitals,Government - Local,0.0,,,,1,0,0
330404,WINIFRED MASTERSON BURKE REHABILITATION HOSPITAL,785 MAMARONECK AVENUE,WHITE PLAINS,NY,10605,WESTCHESTER,9145972232,Acute Care Hospitals,Voluntary Non-Profit - Private,0.0,,,,1,0,0
330405,HELEN HAYES HOSPITAL,51 NORTH ROUTE 9W,WEST HAVERSTRAW,NY,10993,ROCKLAND,(845) 786-4000,Acute Care Hospitals,Government - Local,0.0,,,,1,1,0
330406,SUNNYVIEW HOSPITAL AND REHABILITATION CENTER,1270 BELMONT AVENUE,SCHENECTADY,NY,12308,SCHENECTADY,(518) 382-4500,Acute Care Hospitals,Voluntary Non-Profit - Private,0.0,,,,1,1,0
330411,UNITY SPECIALTY HOSPITAL,89 GENESEE STREET,ROCHESTER,NY,14611,MONROE,(585) 723-7000,,,,,,,0,1,0
330799,CLIFTON-FINE HOSPITAL,1014 OSWEGATCHIE TRAIL,STAR LAKE,NY,13690,ST. LAWRENCE,(315) 848-4205,,,,,,,0,1,0
331301,"CUBA MEMORIAL HOSPITAL, INC",140 WEST MAIN STREET,CUBA,NY,14727,ALLEGANY,(585) 961-2000,Critical Access Hospitals,Voluntary Non-Profit - Private,1.0,,,,1,1,0
331302,ELIZABETHTOWN COMMUNITY HOSPITAL,75 PARK STREET,ELIZABETHTOWN,NY,12932,ESSEX,(518) 873-6377,Critical Access Hospitals,Voluntary Non-Profit - Private,1.0,,,,1,1,0
331303,GARNET HEALTH MEDICAL CENTER CATSKILLS,8081 STATE ROUTE 97,CALLICOON,NY,12723,SULLIVAN,(845) 887-5530,Critical Access Hospitals,Government - Federal,0.0,,,,1,1,0
331304,MARGARETVILLE MEMORIAL HOSPITAL,42084 STATE HIGHWAY 28,MARGARETVILLE,NY,12455,DELAWARE,(845) 586-2631,Critical Access Hospitals,Voluntary Non-Profit - Private,1.0,,,,1,1,0
331305,O'CONNOR HOSPITAL,460 ANDES ROAD,DELHI,NY,13753,DELAWARE,(607) 746-0300,Critical Access Hospitals,Voluntary Non-Profit - Private,1.0,,,,1,1,0
331306,MOSES-LUDINGTON HOSPITAL,1019 WICKER STREET,TICONDEROGA,NY,12883,ESSEX,5185852831,Critical Access Hospitals,Voluntary Non-Profit - Private,1.0,,,,1,0,0
331307,CLIFTON FINE HOSPITAL,1014 OSWEGATCHIE TRAIL,STAR LAKE,NY,13690,SAINT LAWRENCE,3158483351,Critical Access Hospitals,Voluntary Non-Profit - Private,1.0,,,,1,0,0
331309,RIVER HOSPITAL CLINICS,4 FULLER STREET,ALEXANDRIA BAY,NY,13607,JEFFERSON,(315) 482-2511,Critical Access Hospitals,Voluntary Non-Profit - Private,1.0,,,,1,1,0
331310,ELLENVILLE REGIONAL HOSPITAL,10 HEALTHY WAY,ELLENVILLE,NY,12428,ULSTER,(845) 647-6400,Critical Access Hospitals,Voluntary Non-Profit - Private,1.0,,,,1,1,0
331311,LITTLE FALLS HOSPITAL,140 BURWELL STREET,LITTLE FALLS,NY,13365,HERKIMER,(315) 823-5261,Critical Access Hospitals,Voluntary Non-Profit - Private,1.0,,,,1,1,0
331312,"DELAWARE VALLEY HOSPITAL, INC",1 TITUS PLACE,WALTON,NY,13856,DELAWARE,(607) 865-2188,Critical Access Hospitals,Voluntary Non-Profit - Private,1.0,,,,1,1,0
331313,SCHUYLER HOSPITAL,220 STEUBEN STREET,MONTOUR FALLS,NY,14865,SCHUYLER,(607) 530-7121,Critical Access Hospitals,Voluntary Non-Profit - Private,1.0,,,,1,1,0
331314,SOLDIERS AND SAILORS MEMORIAL HOSPITAL OF YATES,418 NORTH MAIN STREET,PENN YAN,NY,14527,YATES,(315) 787-4175,Critical Access Hospitals,Voluntary Non-Profit - Private,1.0,,,,1,1,0
331315,GOUVERNEUR HOSPITAL,77 WEST BARNEY STREET,GOUVERNEUR,NY,13642,ST. LAWRENCE,(315) 287-1000,,,,,,,0,1,0
331316,"COMMUNITY MEMORIAL HOSPITAL, INC",150 BROAD STREET,HAMILTON,NY,13346,MADISON,(315) 824-1100,,,,,,,0,1,0
331317,LEWIS COUNTY GENERAL HOSPITAL,7785 NORTH STATE STREET,LOWVILLE,NY,13367,LEWIS,(315) 376-5200,,,,,,,0,1,0
331318,"CARTHAGE AREA HOSPITAL, INC",1001 WEST STREET,CARTHAGE,NY,13619,JEFFERSON,(315) 493-1000,,,,,,,0,1,0
331319,MEDINA MEMORIAL HOSPITAL,200 OHIO STREET,MEDINA,NY,14103,ORLEANS,(585) 798-8111,,,,,,,0,1,0
331320,COBLESKILL REGIONAL HOSPITAL,178 GRANDVIEW DRIVE,COBLESKILL,NY,12043,SCHOHARIE,(518) 254-3456,,,,,,,0,1,0
331321,THE UNIVERSITY OF VERMONT HEALTH NETWORK-ALICE HY,"133 PARK STREET, PO BOX 729",MALONE,NY,12953,FRANKLIN,(518) 481-2458,,,,,,,0,1,0
331322,"SLHS MASSENA, INC",1 HOSPITAL DRIVE,MASSENA,NY,13662,ST. LAWRENCE,(315) 769-4234,,,,,,,0,1,0
331323,WYOMING COUNTY,400 NORTH MAIN STREET,WARSAW,NY,14569,WYOMING,(585) 786-8940,,,,,,,0,1,0
333301,BLYTHEDALE CHILDREN'S HOSPITAL,95 BRADHURST AVENUE,VALHALLA,NY,10595,WESTCHESTER,(914) 592-7555,,,,,,,0,1,0
340001,CAROLINAS MEDICAL CENTER-NORTHEAST,920 CHURCH ST N,CONCORD,NC,28025,CABARRUS,(704) 783-3000,Acute Care Hospitals,Government - Hospital District or Authority,1.0,,,,1,1,0
340002,MEMORIAL MISSION HOSPITAL AND ASHEVILLE SURGERY CE,509 BILTMORE AVE,ASHEVILLE,NC,28801,BUNCOMBE,(828) 213-1111,Acute Care Hospitals,Voluntary Non-Profit - Private,1.0,,,,1,1,0
340003,NORTHERN REGIONAL HOSPITAL,830 ROCKFORD ST,MOUNT AIRY,NC,27030,SURRY,(336) 719-7000,Acute Care Hospitals,Government - Hospital District or Authority,1.0,,,,1,1,0
340004,HIGH POINT REGIONAL HEALTH SYSTEM,601 N ELM ST,HIGH POINT,NC,27261,GUILFORD,(336) 878-6000,Acute Care Hospitals,Voluntary Non-Profit - Private,1.0,,,,1,1,0
340008,SCOTLAND MEMORIAL HOSPITAL,500 LAUCHWOOD DR,LAURINBURG,NC,28352,SCOTLAND,(910) 291-7000,Acute Care Hospitals,Voluntary Non-Profit - Private,1.0,,,,1,1,0
340010,UNC HEALTH CARE WAYNE,2700 WAYNE MEMORIAL DR,GOLDSBORO,NC,27534,WAYNE,(919) 736-1110,Acute Care Hospitals,Voluntary Non-Profit - Private,1.0,,,,1,1,0
340011,SPRUCE PINE COMMUNITY HOSPITAL,125 HOSPITAL DR,SPRUCE PINE,NC,28777,MITCHELL,8287654201,Acute Care Hospitals,Voluntary Non-Profit - Other,1.0,,,,1,0,0
340013,RUTHERFORD REGIONAL MEDICAL CENTER,288 SOUTH RIDGECREST AVE,RUTHERFORDTON,NC,28139,RUTHERFORD,(828) 286-5000,Acute Care Hospitals,Voluntary Non-Profit - Private,1.0,,,,1,1,0
340014,NOVANT HEALTH FORSYTH MEDICAL CENTER,3333 SILAS CREEK PARKWAY,WINSTON-SALEM,NC,27103,FORSYTH,(336) 718-5000,Acute Care Hospitals,Voluntary Non-Profit - Private,1.0,,,,1,1,0
340015,NOVANT HEALTH ROWAN MEDICAL CENTER,612 MOCKSVILLE AVE,SALISBURY,NC,28144,ROWAN,(704) 210-5000,Acute Care Hospitals,Voluntary Non-Profit - Private,1.0,,,,1,1,0
340016,HARRIS REGIONAL HOSPITAL,68 HOSPITAL RD,SYLVA,NC,28779,JACKSON,(828) 586-7000,Acute Care Hospitals,Voluntary Non-Profit - Private,1.0,,,,1,1,0
340017,PARDEE HOSPITAL HENDERSON COUNTY,800 N JUSTICE ST,HENDERSONVILLE,NC,28791,HENDERSON,(828) 696-1000,Acute Care Hospitals,Government - Local,1.0,,,,1,1,0
340020,CENTRAL CAROLINA HOSPITAL,1135 CARTHAGE ST,SANFORD,NC,27330,LEE,(919) 774-2100,Acute Care Hospitals,Proprietary,1.0,,,,1,1,0
340021,ATRIUM HEALTH CLEVELAND,201 E GROVER ST,SHELBY,NC,28150,CLEVELAND,(704) 487-3000,Acute Care Hospitals,Government - Hospital District or Authority,1.0,,,,1,1,0
340023,ADVENTHEALTH HENDERSONVILLE,100 HOSPITAL DRIVE,HENDERSONVILLE,NC,28792,HENDERSON,(828) 684-8501,Acute Care Hospitals,Voluntary Non-Profit - Other,1.0,,,,1,1,0
340024,SAMPSON REGIONAL MEDICAL CENTER,607 BEAMAN ST,CLINTON,NC,28328,SAMPSON,(910) 592-8511,Acute Care Hospitals,Government - Local,1.0,,,,1,1,0
340027,UNC LENOIR HEALTH CARE,100 AIRPORT RD,KINSTON,NC,28501,LENOIR,(252) 522-7000,Acute Care Hospitals,Voluntary Non-Profit - Private,1.0,,,,1,1,0
340028,CAPE FEAR VALLEY MEDICAL CENTER,1638 OWEN DRIVE P O BOX 2000,FAYETTEVILLE,NC,28302,CUMBERLAND,(910) 609-4000,Acute Care Hospitals,Voluntary Non-Profit - Private,1.0,,,,1,1,0
340030,DUKE UNIVERSITY HOSPITAL,2301  ERWIN RD,DURHAM,NC,27705,DURHAM,(919) 684-8111,Acute Care Hospitals,Voluntary Non-Profit - Private,1.0,,,,1,1,0
340032,CAROMONT REGIONAL MEDICAL CENTER,2525 COURT DR,GASTONIA,NC,28052,GASTON,(704) 834-4891,Acute Care Hospitals,Government - Local,1.0,,,,1,1,0
340036,FRANKLIN REGIONAL MEDICAL CENTER,100 HOSPITAL DR BOX 609,LOUISBURG,NC,27549,FRANKLIN,9194965131,Acute Care Hospitals,Voluntary Non-Profit - Private,1.0,,,,1,0,0
340037,KINGS MOUNTAIN HOSPITAL INC,706 W KING ST,KINGS MOUNTAIN,NC,28086,CLEVELAND,7047393601,Acute Care Hospitals,Government - Hospital District or Authority,1.0,,,,1,0,0
340038,BEAUFORT COUNTY MEDICAL CENTER,628 E 12TH ST,WASHINGTON,NC,27889,BEAUFORT,2529754100,Acute Care Hospitals,Government - Hospital District or Authority,,,,,1,0,0
340039,IREDELL MEMORIAL HOSPITAL INC,557 BROOKDALE DR,STATESVILLE,NC,28677,IREDELL,(704) 878-5661,Acute Care Hospitals,Voluntary Non-Profit - Other,1.0,,,,1,1,0
340040,ECU HEALTH MEDICAL CENTER,2100 STANTONSBURG RD,GREENVILLE,NC,27834,PITT,(252) 847-4100,Acute Care Hospitals,Voluntary Non-Profit - Private,1.0,,,,1,1,0
340041,CALDWELL MEMORIAL HOSPITAL,321 MULBERRY ST SW,LENOIR,NC,28645,CALDWELL,(828) 757-5100,Acute Care Hospitals,Voluntary Non-Profit - Other,1.0,,,,1,1,0
340042,ONSLOW MEMORIAL HOSPITAL,317 WESTERN BOULEVARD,JACKSONVILLE,NC,28546,ONSLOW,(910) 577-2345,Acute Care Hospitals,Government - Hospital District or Authority,1.0,,,,1,1,0
340047,NORTH CAROLINA BAPTIST HOSPITAL,MEDICAL CENTER BOULEVARD,WINSTON-SALEM,NC,27157,FORSYTH,(336) 716-2011,Acute Care Hospitals,Voluntary Non-Profit - Private,1.0,,,,1,1,0
340049,NORTH CAROLINA SPECIALTY HOSPITAL,3916 BEN FRANKLIN BOULEVARD,DURHAM,NC,27704,DURHAM,(919) 956-9300,Acute Care Hospitals,Proprietary,0.0,,,,1,1,0
340050,SOUTHEASTERN REGIONAL MEDICAL CENTER,300 W 27 ST  PO BOX 1408,LUMBERTON,NC,28359,ROBESON,(910) 671-5000,Acute Care Hospitals,Voluntary Non-Profit - Private,1.0,,,,1,1,0
340051,WATAUGA MEDICAL CENTER,336 DEERFIELD ROAD,BOONE,NC,28607,WATAUGA,(828) 262-4100,Acute Care Hospitals,Government - Local,1.0,,,,1,1,0
340053,NOVANT HEALTH PRESBYTERIAN MEDICAL CENTER,200 HAWTHORNE LANE BOX 33549,CHARLOTTE,NC,28233,MECKLENBURG,(704) 384-4000,Acute Care Hospitals,Voluntary Non-Profit - Private,1.0,,,,1,1,0
340055,VALDESE GENERAL HOSPITAL INC,720 MALCOLM BLVD,VALDESE,NC,28690,BURKE,8288742251,Acute Care Hospitals,Government - Hospital District or Authority,1.0,,,,1,0,0
340060,UNC ROCKINGHAM,117 E KINGS HIGHWAY,EDEN,NC,27288,ROCKINGHAM,(336) 623-9711,Acute Care Hospitals,Voluntary Non-Profit - Private,1.0,,,,1,1,0
340061,UNC HOSPITALS,101 MANNING DRIVE,CHAPEL HILL,NC,27514,ORANGE,(919) 966-4141,Acute Care Hospitals,Government - State,1.0,,,,1,1,0
340064,WILKES REGIONAL MEDICAL CENTER,1370 WEST D ST,NORTH WILKESBORO,NC,28659,WILKES,(336) 651-8100,Acute Care Hospitals,Government - Local,1.0,,,,1,1,0
340068,COLUMBUS REGIONAL HEALTHCARE SYSTEM,500 JEFFERSON ST,WHITEVILLE,NC,28472,COLUMBUS,(910) 642-8011,Acute Care Hospitals,Voluntary Non-Profit - Other,1.0,,,,1,1,0
340069,"WAKEMED, RALEIGH CAMPUS",3000 NEW BERN AVE,RALEIGH,NC,27610,WAKE,(919) 350-8000,Acute Care Hospitals,Voluntary Non-Profit - Private,1.0,,,,1,1,0
340070,ALAMANCE REGIONAL MEDICAL CENTER,1240 HUFFMAN MILL RD,BURLINGTON,NC,27216,ALAMANCE,(336) 538-7000,Acute Care Hospitals,Voluntary Non-Profit - Private,1.0,,,,1,1,0
340071,BETSY JOHNSON REGIONAL HOSPITAL,800 TILGHMAN DR,DUNN,NC,28334,HARNETT,(910) 892-7161,Acute Care Hospitals,Voluntary Non-Profit - Private,1.0,,,,1,1,0
340073,DUKE HEALTH RALEIGH HOSPITAL,3400 WAKE FOREST RD,RALEIGH,NC,27609,WAKE,9199543000,Acute Care Hospitals,Voluntary Non-Profit - Private,1.0,,,,1,0,0
340075,"BLUE RIDGE HEALTHCARE HOSPITALS, INC",2201 S STERLING ST,MORGANTON,NC,28655,BURKE,(828) 580-5000,Acute Care Hospitals,Proprietary,1.0,,,,1,1,0
340084,ATRIUM HEALTH ANSON,2301 US HIGHWAY 74 WEST,WADESBORO,NC,28170,ANSON,(704) 694-5131,Acute Care Hospitals,Government - Hospital District or Authority,1.0,,,,1,1,0
340085,NOVANT HEALTH THOMASVILLE MEDICAL CENTER,207 OLD LEXINGTON RD BOX 789,THOMASVILLE,NC,27360,DAVIDSON,(336) 472-2000,Acute Care Hospitals,Voluntary Non-Profit - Private,1.0,,,,1,1,0
340087,THE MCDOWELL HOSPITAL,430 RANKIN DRIVE P O BOX 730,MARION,NC,28752,MC DOWELL,(828) 659-5000,Acute Care Hospitals,Voluntary Non-Profit - Private,1.0,,,,1,1,0
340090,JOHNSTON HEALTH,509 BRIGHT LEAF BLVD,SMITHFIELD,NC,27577,JOHNSTON,(919) 934-8171,Acute Care Hospitals,Government - Hospital District or Authority,1.0,,,,1,1,0
340091,"MOSES H. CONE MEMORIAL HOSPITAL, THE",1200 N ELM ST,GREENSBORO,NC,27401,GUILFORD,(336) 832-7000,Acute Care Hospitals,Voluntary Non-Profit - Private,1.0,,,,1,1,0
340096,LEXINGTON MEMORIAL HOSPITAL INC,250 HOSPITAL DRIVE PO BOX 1817,LEXINGTON,NC,27293,DAVIDSON,(336) 248-5161,Acute Care Hospitals,Voluntary Non-Profit - Private,1.0,,,,1,1,0
340097,HUGH CHATHAM MEMORIAL HOSPITAL,180 PARKWOOD DR,ELKIN,NC,28621,SURRY,(336) 527-7000,Acute Care Hospitals,Voluntary Non-Profit - Private,1.0,,,,1,1,0
340098,ATRIUM HEALTH PINEVILLE,10628 PARK RD,CHARLOTTE,NC,28210,MECKLENBURG,(704) 379-5000,Acute Care Hospitals,Government - Hospital District or Authority,1.0,,,,1,1,0
340099,VIDANT ROANOKE CHOWAN HOSPITAL,500 S ACADEMY ST,AHOSKIE,NC,27910,HERTFORD,(252) 209-3000,Acute Care Hospitals,Voluntary Non-Profit - Private,1.0,,,,1,1,0
340106,SANDHILLS REGIONAL MEDICAL CENTER,1000 WEST HAMLET AVENUE,HAMLET,NC,28345,RICHMOND,9109582361,Acute Care Hospitals,Proprietary,1.0,,,,1,0,0
340107,VIDANT EDGECOMBE HOSPITAL,111 HOSPITAL DR,TARBORO,NC,27886,EDGECOMBE,(252) 641-7700,Acute Care Hospitals,Government - Local,1.0,,,,1,1,0
340109,SENTARA ALBEMARLE MEDICAL CENTER,3050 HALSTEAD BLVD EXT,ELIZABETH CITY,NC,27909,PASQUOTANK,(252) 335-0531,Acute Care Hospitals,Government - Hospital District or Authority,1.0,,,,1,1,0
340113,CAROLINAS MEDICAL CENTER/BEHAV HEALTH,1000 BLYTHE BLVD,CHARLOTTE,NC,28203,MECKLENBURG,(704) 355-2000,Acute Care Hospitals,Government - Hospital District or Authority,1.0,,,,1,1,0
340114,REX HOSPITAL,4420 LAKE BOONE TRAIL,RALEIGH,NC,27607,WAKE,(919) 784-3100,Acute Care Hospitals,Voluntary Non-Profit - Private,1.0,,,,1,1,0
340115,FIRSTHEALTH MOORE REGIONAL HOSPITAL,155 MEMORIAL DRIVE,PINEHURST,NC,28374,MOORE,(910) 715-1000,Acute Care Hospitals,Voluntary Non-Profit - Private,1.0,,,,1,1,0
340116,FRYE REGIONAL MEDICAL CENTER,420 N CENTER ST,HICKORY,NC,28601,CATAWBA,(828) 322-6070,Acute Care Hospitals,Proprietary,1.0,,,,1,1,0
340119,STANLY REGIONAL MEDICAL CENTER,301 YADKIN ST,ALBEMARLE,NC,28001,STANLY,(704) 984-4000,Acute Care Hospitals,Voluntary Non-Profit - Private,1.0,,,,1,1,0
34011F,NMC Camp Lejeune,100 Brewster Blvd,Camp Lejeune,NC,28547,ONSLOW,(910) 450-4300,,,,,,,0,1,0
340120,VIDANT DUPLIN HOSPITAL,401 N MAIN ST,KENANSVILLE,NC,28349,DUPLIN,(910) 296-0941,Acute Care Hospitals,Government - Local,1.0,,,,1,1,0
340123,RANDOLPH HOSPITAL,364 WHITE OAK STREET,ASHEBORO,NC,27203,RANDOLPH,(336) 625-5151,Acute Care Hospitals,Voluntary Non-Profit - Private,1.0,,,,1,1,0
340126,WILSON MEDICAL CENTER,1705 S TARBORO ST,WILSON,NC,27893,WILSON,(252) 399-8040,Acute Care Hospitals,Voluntary Non-Profit - Private,1.0,,,,1,1,0
340127,GRANVILLE HEALTH SYSTEMS,1010 COLLEGE ST,OXFORD,NC,27565,GRANVILLE,(919) 690-3000,Acute Care Hospitals,Government - Local,1.0,,,,1,1,0
340129,DUKE HEALTH LAKE NORMAN HOSPITAL,171 FAIRVIEW ROAD,MOORESVILLE,NC,28117,IREDELL,(704) 660-4000,Acute Care Hospitals,Proprietary,1.0,,,,1,1,0
34012F,DURHAM VA MEDICAL CENTER,508 FULTON STREET,DURHAM,NC,27705,DURHAM,(919) 286-0411,ACUTE CARE - VETERANS ADMINISTRATION,Government - Federal,1.0,,,,1,1,0
340130,ATRIUM HEALTH UNION,600 HOSPITAL DR,MONROE,NC,28112,UNION,(704) 283-3100,Acute Care Hospitals,Government - Hospital District or Authority,1.0,,,,1,1,0
340131,CAROLINA EAST MEDICAL CENTER,2000 NEUSE BLVD,NEW BERN,NC,28560,CRAVEN,(252) 633-8640,Acute Care Hospitals,Government - Hospital District or Authority,1.0,,,,1,1,0
340132,MARIA PARHAM MEDICAL CENTER,PO BOX 59,HENDERSON,NC,27536,VANCE,(252) 431-3708,Acute Care Hospitals,Voluntary Non-Profit - Other,1.0,,,,1,1,0
340133,MARTIN GENERAL HOSPITAL,310 S MCCASKEY RD P O BOX 1128,WILLIAMSTON,NC,27892,MARTIN,2528096179,Acute Care Hospitals,Government - Local,1.0,,,,1,0,0
34013F,FAYETTEVILLE NC VA MEDICAL CENTER,2300 RAMSEY STREET,FAYETTEVILLE,NC,28301,CUMBERLAND,(910) 488-2120,ACUTE CARE - VETERANS ADMINISTRATION,Government - Federal,1.0,,,,1,1,0
340141,NOVANT HEALTH NEW HANOVER REGIONAL MEDICAL CENTER,2131 S 17TH ST,WILMINGTON,NC,28402,NEW HANOVER,(910) 343-7000,Acute Care Hospitals,Government - Local,1.0,,,,1,1,0
340142,CARTERET GENERAL HOSPITAL,3500 ARENDELL ST,MOREHEAD CITY,NC,28557,CARTERET,(252) 808-6000,Acute Care Hospitals,Government - Local,1.0,,,,1,1,0
340143,CATAWBA VALLEY MEDICAL CENTER,810 FAIRGROVE CHURCH RD,HICKORY,NC,28602,CATAWBA,(828) 326-3809,Acute Care Hospitals,Voluntary Non-Profit - Other,1.0,,,,1,1,0
340144,DAVIS REGIONAL MEDICAL CENTER,218 OLD MOCKSBVILLE RD PO BOX 1823,STATESVILLE,NC,28687,IREDELL,7048730281,Acute Care Hospitals,Proprietary,1.0,,,,1,0,0
340145,ATRIUM HEALTH LINCOLN,433 MCALISTER RD,LINCOLNTON,NC,28092,LINCOLN,(980) 212-2000,Acute Care Hospitals,Government - Hospital District or Authority,1.0,,,,1,1,0
340147,UNC HEALTH NASH,2460 CURTIS ELLIS DRIVE,ROCKY MOUNT,NC,27804,NASH,(252) 443-8000,Acute Care Hospitals,Government - Hospital District or Authority,1.0,,,,1,1,0
340148,NOVANT HEALTH MEDICAL PARK HOSPITAL,1950 S HAWTHORNE RD,WINSTON-SALEM,NC,27103,FORSYTH,(336) 718-0600,Acute Care Hospitals,Voluntary Non-Profit - Other,0.0,,,,1,1,0
34014F,Womack AMC (FT Bragg),2817 Reilly Rd,Fort Bragg,NC,28310,CUMBERLAND,(910) 907-9262,,,,,,,0,1,0
340151,ECU HEALTH NORTH HOSPITAL,250 SMITH CHURCH ROAD,ROANOKE RAPIDS,NC,27870,HALIFAX,(252) 535-8005,Acute Care Hospitals,Voluntary Non-Profit - Private,1.0,,,,1,1,0
340153,PRESBYTERIAN-ORTHOPAEDIC HOSPITAL,1901 RANDOLPH RD,CHARLOTTE,NC,28207,MECKLENBURG,7043162000,Acute Care Hospitals,Voluntary Non-Profit - Other,1.0,,,,1,0,0
340155,DUKE REGIONAL HOSPITAL,3643 N ROXBORO STREET,DURHAM,NC,27704,DURHAM,(919) 470-4000,Acute Care Hospitals,Government - Local,1.0,,,,1,1,0
340156,CHEROKEE INDIAN HOSPITAL AUTHORITY,CALLER BOX C268,CHEROKEE,NC,28719,SWAIN,(828) 497-9163,Acute Care Hospitals,Government - Federal,1.0,,,,1,1,0
340158,NOVANT HEALTH BRUNSWICK MEDICAL CENTER,1 MEDICAL CENTER DR  PO BOX 139,SUPPLY,NC,28462,BRUNSWICK,(910) 755-8121,Acute Care Hospitals,Voluntary Non-Profit - Other,1.0,,,,1,1,0
340159,PERSON MEMORIAL HOSPITAL,615 RIDGE RD,ROXBORO,NC,27573,PERSON,(336) 599-2121,Acute Care Hospitals,Voluntary Non-Profit - Private,1.0,,,,1,1,0
340160,MURPHY MEDICAL CENTER INC,3990 EAST US HIGHWAY 64 ALT,MURPHY,NC,28906,CHEROKEE,8288378161,Acute Care Hospitals,Voluntary Non-Profit - Private,1.0,,,,1,0,0
340166,ATRIUM HEALTH UNIVERSITY CITY,8800 NORTH TYRON STREET,CHARLOTTE,NC,28262,MECKLENBURG,(704) 548-6000,Acute Care Hospitals,Government - Hospital District or Authority,1.0,,,,1,1,0
340168,WILMINGTON TREATMENT CENTER,2520 TROY DRIVE,WILMINGTON,NC,28401,NEW HANOVER,(910) 762-2727,,,,,,,0,1,0
340171,NOVANT HEALTH MATTHEWS MEDICAL CENTER,1500 MATTHEWS TWNSHP PRKWY BOX 3310,MATTHEWS,NC,28106,MECKLENBURG,(704) 384-6500,Acute Care Hospitals,Voluntary Non-Profit - Other,1.0,,,,1,1,0
340173,"WAKEMED, CARY HOSPITAL",1900 KILDARE FARM ROAD,CARY,NC,27518,WAKE,(919) 350-2550,Acute Care Hospitals,Voluntary Non-Profit - Private,1.0,,,,1,1,0
34017F,W.G. (BILL) HEFNER SALISBURY VA MEDICAL CENTER (SALSBURY),1601 BRENNER AVENUE,SALISBURY,NC,28144,ROWAN,(704) 638-9000,ACUTE CARE - VETERANS ADMINISTRATION,Government - Federal,1.0,,,,1,1,0
340183,NOVANT HEALTH HUNTERSVILLE MEDICAL CENTER,10030 GILEAD ROAD,HUNTERSVILLE,NC,28078,MECKLENBURG,(704) 316-4000,Acute Care Hospitals,Voluntary Non-Profit - Private,1.0,,,,1,1,0
340184,HAYWOOD REGIONAL MEDICAL CENTER,262 LEROY GEORGE DRIVE,CLYDE,NC,28721,HAYWOOD,(828) 456-7311,Acute Care Hospitals,Government - Hospital District or Authority,1.0,,,,1,1,0
340186,VIDANT BEAUFORT HOSPITAL,628 E 12TH ST,WASHINGTON,NC,27889,BEAUFORT,2529754100,Acute Care Hospitals,Voluntary Non-Profit - Private,1.0,,,,1,0,0
340188,CAPE FEAR VALLEY HOKE HOSPITAL,210 MEDICAL PAVILION DRIVE,RAEFORD,NC,28376,HOKE,(910) 904-8000,,,,,,,0,1,0
340190,NOVANT HEALTH MINT HILL MEDICAL CENTER,8201 HEALTHCARE LOOP,CHARLOTTE,NC,28215,MECKLENBURG,(704) 384-4089,,,,,,,0,1,0
340195,NOVANT HEALTH BALLANTYNE MEDICAL CENTER,10905 PROVIDENCE ROAD W,CHARLOTTE,NC,28277,MECKLENBURG,(704) 384-4000,,,,,,,0,1,0
34036F,ASHEVILLE-OTEEN VA MEDICAL CENTER,1100 TUNNEL ROAD,ASHEVILLE,NC,28805,BUNCOMBE,(828) 298-7911,ACUTE CARE - VETERANS ADMINISTRATION,Government - Federal,1.0,,,,1,1,0
341303,FIRSTHEALTH MONTGOMERY MEMORIAL HOSP,520 ALLEN STREET,TROY,NC,27371,MONTGOMERY,(910) 571-5000,Critical Access Hospitals,Voluntary Non-Profit - Private,1.0,,,,1,1,0
341304,ECU HEALTH BERTIE HOSPITAL,1403 S KING ST,WINDSOR,NC,27983,BERTIE,(252) 794-6600,Critical Access Hospitals,Voluntary Non-Profit - Private,1.0,,,,1,1,0
341305,DLP SWAIN COUNTY HOSPITAL LLC,45 PLATEAU STREET,BRYSON CITY,NC,28713,SWAIN,(828) 488-2155,,,,,,,0,1,0
341307,PENDER MEMORIAL HOSPITAL,507 E FREMONT ST,BURGAW,NC,28425,PENDER,(910) 300-4004,Critical Access Hospitals,Government - Local,1.0,,,,1,1,0
341308,YADKIN VALLEY COMMUNITY HOSPITAL,624 WEST MAIN ST,YADKINVILLE,NC,27055,YADKIN,3366792041,Critical Access Hospitals,Voluntary Non-Profit - Other,1.0,,,,1,0,0
341310,VIDANT PUNGO HOSPITAL,210 EAST WATER ST,BELHAVEN,NC,27810,BEAUFORT,2529432111,Critical Access Hospitals,Voluntary Non-Profit - Private,1.0,,,,1,0,0
341311,CHATHAM HOSPITAL INC,475 PROGRESS BLVD,SILER CITY,NC,27344,CHATHAM,(919) 799-4000,Critical Access Hospitals,Voluntary Non-Profit - Private,1.0,,,,1,1,0
341313,DAVIE COUNTY HOSPITAL,223 HOSPITAL ST,MOCKSVILLE,NC,27028,DAVIE,3367518100,Critical Access Hospitals,Voluntary Non-Profit - Other,1.0,,,,1,0,0
341314,WASHINGTON COUNTY HOSP INC,958 US HWY 64 EAST,PLYMOUTH,NC,27962,WASHINGTON,(252) 793-4135,Critical Access Hospitals,Voluntary Non-Profit - Private,1.0,,,,1,1,0
341315,CAPE FEAR VALLEY-BLADEN COUNTY HOSPITAL,501 SOUTH POPLAR STREET,ELIZABETHTOWN,NC,28337,BLADEN,(910) 862-5100,Critical Access Hospitals,Voluntary Non-Profit - Private,1.0,,,,1,1,0
341316,HIGHLANDS CASHIERS HOSPITAL,190 HOSPITAL DRIVE,HIGHLANDS,NC,28741,MACON,(828) 526-1200,Critical Access Hospitals,Voluntary Non-Profit - Private,1.0,,,,1,1,0
341317,LIFEBRITE COMMUNITY HOSPITAL OF STOKES,1570 NC 8 & 89 HWY NORTH,DANBURY,NC,27016,STOKES,(336) 593-2831,Critical Access Hospitals,Voluntary Non-Profit - Private,1.0,,,,1,1,0
341318,VIDANT CHOWAN HOSPITAL,211 VIRGINIA RD,EDENTON,NC,27932,CHOWAN,(252) 482-8451,Critical Access Hospitals,Government - Local,1.0,,,,1,1,0
341319,"TRANSYLVANIA REGIONAL HOSPITAL, INC",90 HOSPITAL DRIVE PO BOX 1116,BREVARD,NC,28712,TRANSYLVANIA,(828) 883-5302,Critical Access Hospitals,Voluntary Non-Profit - Private,1.0,,,,1,1,0
341320,ALLEGHANY  MEMORIAL HOSPITAL,233 DOCTORS STREET,SPARTA,NC,28675,ALLEGHANY,(336) 372-5511,Critical Access Hospitals,Voluntary Non-Profit - Private,1.0,,,,1,1,0
341321,BLOWING ROCK HOSPITAL,418 CHESTNUT DRIVE,BLOWING ROCK,NC,28605,WATAUGA,8282953136,Critical Access Hospitals,Voluntary Non-Profit - Private,1.0,,,,1,0,0
341322,ST LUKES HOSPITAL,101 HOSPITAL DRIVE,COLUMBUS,NC,28722,POLK,(828) 894-3311,Critical Access Hospitals,Voluntary Non-Profit - Private,1.0,,,,1,1,0
341323,CHARLES A CANNON JR MEMORIAL HOSPITAL,434 HOSPITAL DRIVE,LINVILLE,NC,28646,AVERY,(828) 737-7000,Critical Access Hospitals,Voluntary Non-Profit - Private,1.0,,,,1,1,0
341324,"THE OUTER BANKS HOSPITAL, INC",4800 SOUTH CROATAN HIGHWAY,NAGS HEAD,NC,27959,DARE,(252) 449-4500,Critical Access Hospitals,Voluntary Non-Profit - Private,1.0,,,,1,1,0
341325,ASHE MEMORIAL HOSPITAL,200 HOSPITAL AVE,JEFFERSON,NC,28640,ASHE,(336) 246-7101,Critical Access Hospitals,Voluntary Non-Profit - Private,1.0,,,,1,1,0
341326,ANGEL MEDICAL CENTER,124 CENTER COURT PO BOX 1209,FRANKLIN,NC,28734,MACON,(828) 524-8411,Critical Access Hospitals,Voluntary Non-Profit - Private,1.0,,,,1,1,0
341327,J ARTHUR DOSHER MEMORIAL HOSPITAL,924 HOWE ST,SOUTHPORT,NC,28461,BRUNSWICK,(910) 457-3800,Critical Access Hospitals,Voluntary Non-Profit - Other,1.0,,,,1,1,0
341328,ERLANGER MURPHY MEDICAL CENTER,3990 EAST US HIGHWAY 64 ALT,MURPHY,NC,28906,CHEROKEE,(828) 837-8161,,,,,,,0,1,0
341329,BLUE RIDGE REGIONAL HOSPITAL,125 HOSPITAL DRIVE,SPRUCE PINE,NC,28777,MITCHELL,(828) 765-4201,,,,,,,0,1,0
350002,CHI ST ALEXIUS HEALTH,900 E BROADWAY,BISMARCK,ND,58501,BURLEIGH,(701) 530-7000,Acute Care Hospitals,Voluntary Non-Profit - Church,1.0,,,,1,1,0
350006,TRINITY HOSPITALS,407 3RD ST SE,MINOT,ND,58701,WARD,(701) 857-5000,Acute Care Hospitals,Voluntary Non-Profit - Private,1.0,,,,1,1,0
350011,SANFORD MEDICAL CENTER FARGO,801 BROADWAY NORTH,FARGO,ND,58122,CASS,(701) 234-2000,Acute Care Hospitals,Voluntary Non-Profit - Private,1.0,,,,1,1,0
350015,SANFORD MEDICAL CENTER BISMARCK,300 N 7TH ST,BISMARCK,ND,58506,BURLEIGH,(701) 323-6000,Acute Care Hospitals,Voluntary Non-Profit - Private,1.0,,,,1,1,0
350019,ALTRU HOSPITAL,1200 S  COLUMBIA RD,GRAND FORKS,ND,58201,GRAND FORKS,(701) 780-5000,Acute Care Hospitals,Government - Local,1.0,,,,1,1,0
35002F,FARGO VA MEDICAL CENTER,2101 ELM STREET,FARGO,ND,58102,CASS,(701) 232-3241,ACUTE CARE - VETERANS ADMINISTRATION,Government - Federal,1.0,,,,1,1,0
350063,P H S INDIAN HOSP AT BELCOURT-QUENTIN N BURDICK,PO BOX 160,BELCOURT,ND,58316,ROLETTE,(701) 477-6111,Acute Care Hospitals,Government - Federal,1.0,,,,1,1,0
350064,STANDING ROCK INDIAN HEALTH SERVICE HOSPITAL,10 NORTH RIVER ROAD,FORT YATES,ND,58538,SIOUX,7018543831,Acute Care Hospitals,Government - Federal,1.0,,,,1,0,0
350070,ESSENTIA HEALTH,3000 32ND AVE SOUTH,FARGO,ND,58104,CASS,(701) 364-8000,Acute Care Hospitals,Voluntary Non-Profit - Private,1.0,,,,1,1,0
351300,TIOGA MEDICAL CENTER,810 N WELO ST,TIOGA,ND,58852,WILLIAMS,(701) 664-3305,Critical Access Hospitals,Government - Local,1.0,,,,1,1,0
351301,MOUNTRAIL COUNTY MEDICAL CENTER INC,615 6TH ST SE,STANLEY,ND,58784,MOUNTRAIL,(701) 628-2424,Critical Access Hospitals,Voluntary Non-Profit - Other,1.0,,,,1,1,0
351302,MCKENZIE COUNTY HEALTHCARE SYSTEMS INC,709 4TH AVE NE,WATFORD CITY,ND,58854,MCKENZIE,(701) 842-3000,Critical Access Hospitals,Voluntary Non-Profit - Private,1.0,,,,1,1,0
351303,GARRISON MEMORIAL HOSPITAL,407 3RD AVE SE,GARRISON,ND,58540,MCLEAN,(701) 463-2275,Critical Access Hospitals,Voluntary Non-Profit - Church,1.0,,,,1,1,0
351304,CHI ST ALEXIUS HEALTH TURTLE LAKE,220 5TH AVE W,TURTLE LAKE,ND,58575,MCLEAN,(701) 448-2331,Critical Access Hospitals,Voluntary Non-Profit - Church,1.0,,,,1,1,0
351305,TRINITY KENMARE COMMUNITY HOSPITAL,PO BOX 697,KENMARE,ND,58746,WARD,(701) 385-4296,Critical Access Hospitals,Voluntary Non-Profit - Private,1.0,,,,1,1,0
351306,COOPERSTOWN MEDICAL CENTER,1200 ROBERTS AVE NE,COOPERSTOWN,ND,58425,GRIGGS,(701) 797-2221,Critical Access Hospitals,Government - Local,1.0,,,,1,1,0
351307,ST ANDREW'S HOSPITAL,316 OHMER STREET,BOTTINEAU,ND,58318,BOTTINEAU,(701) 228-9300,Critical Access Hospitals,Voluntary Non-Profit - Church,1.0,,,,1,1,0
351308,NELSON COUNTY HEALTH SYSTEM,200 N MAIN ST,MCVILLE,ND,58254,NELSON,(701) 322-4328,Critical Access Hospitals,Voluntary Non-Profit - Other,1.0,,,,1,1,0
351309,SANFORD MAYVILLE,42 6TH AVENUE SE,MAYVILLE,ND,58257,TRAILL,(701) 788-3800,Critical Access Hospitals,Voluntary Non-Profit - Other,1.0,,,,1,1,0
351310,SAKAKAWEA MEDICAL CENTER - CAH,510 8TH AVENUE NE,HAZEN,ND,58545,MERCER,(701) 748-2225,Critical Access Hospitals,Voluntary Non-Profit - Other,1.0,,,,1,1,0
351311,LISBON AREA HEALTH SERVICES,905 MAIN ST,LISBON,ND,58054,RANSOM,(701) 683-6400,Critical Access Hospitals,Voluntary Non-Profit - Private,1.0,,,,1,1,0
351312,NORTHWOOD DEACONESS HEALTH CENTER,PO BOX 190,NORTHWOOD,ND,58267,GRAND FORKS,(701) 587-6060,Critical Access Hospitals,Voluntary Non-Profit - Church,1.0,,,,1,1,0
351313,SOUTHWEST HEALTHCARE SERVICES,802 2ND ST NW,BOWMAN,ND,58623,BOWMAN,(701) 523-6555,Critical Access Hospitals,Voluntary Non-Profit - Private,1.0,,,,1,1,0
351314,JACOBSON MEMORIAL HOSPITAL CARE CENTER,601 EAST ST N,ELGIN,ND,58533,GRANT,(701) 584-2792,Critical Access Hospitals,Voluntary Non-Profit - Private,1.0,,,,1,1,0
351315,CHI OAKES HOSPITAL,1200 N 7TH ST,OAKES,ND,58474,DICKEY,(701) 742-3291,Critical Access Hospitals,Voluntary Non-Profit - Private,1.0,,,,1,1,0
351316,PRESENTATION MEDICAL CENTER,213 SECOND AVE NE,ROLLA,ND,58367,ROLETTE,(701) 477-3161,Critical Access Hospitals,Voluntary Non-Profit - Private,1.0,,,,1,1,0
351318,CARRINGTON HEALTH CENTER,PO BOX 461,CARRINGTON,ND,58421,FOSTER,(701) 652-3141,Critical Access Hospitals,Voluntary Non-Profit - Private,1.0,,,,1,1,0
351319,PEMBINA COUNTY MEMORIAL HOSPITAL,BOX 380,CAVALIER,ND,58220,PEMBINA,(701) 265-8461,Critical Access Hospitals,Voluntary Non-Profit - Private,1.0,,,,1,1,0
351320,UNITY MEDICAL CENTER,164 W 13TH STREET,GRAFTON,ND,58237,WALSH,(701) 352-1620,Critical Access Hospitals,Voluntary Non-Profit - Other,1.0,,,,1,1,0
351321,SOUTH CENTRAL HEALTH,1007 4TH AVE S,WISHEK,ND,58495,MCINTOSH,(701) 452-2326,Critical Access Hospitals,Voluntary Non-Profit - Private,1.0,,,,1,1,0
351322,ASHLEY MEDICAL CENTER,612 CENTER AVENUE N,ASHLEY,ND,58413,MCINTOSH,(701) 288-3433,Critical Access Hospitals,Voluntary Non-Profit - Private,1.0,,,,1,1,0
351323,CAVALIER COUNTY MEMORIAL HOSPITAL ASSOCIATION,909 2ND ST,LANGDON,ND,58249,CAVALIER,(701) 256-6100,Critical Access Hospitals,Voluntary Non-Profit - Other,1.0,,,,1,1,0
351324,CHI MERCY HEALTH,570 CHAUTAUQUA BLVD,VALLEY CITY,ND,58072,BARNES,(701) 845-6400,Critical Access Hospitals,Voluntary Non-Profit - Church,1.0,,,,1,1,0
351325,ST LUKE'S HOSPITAL,702 1ST ST SW,CROSBY,ND,58730,DIVIDE,(701) 965-6384,Critical Access Hospitals,Voluntary Non-Profit - Private,1.0,,,,1,1,0
351326,FIRST CARE HEALTH CENTER,115 VIVIAN ST,PARK RIVER,ND,58270,WALSH,(701) 284-7500,Critical Access Hospitals,Voluntary Non-Profit - Private,1.0,,,,1,1,0
351327,SMP HEALTH ST ALOISIUS,325 E BREWSTER ST,HARVEY,ND,58341,WELLS,(701) 324-4651,Critical Access Hospitals,Voluntary Non-Profit - Church,1.0,,,,1,1,0
351328,LINTON HOSPITAL - CAH,111 ELM AVE W,LINTON,ND,58552,EMMONS,(701) 254-4511,Critical Access Hospitals,Voluntary Non-Profit - Private,1.0,,,,1,1,0
351329,SANFORD HILLSBORO,12 THIRD STREET SE,HILLSBORO,ND,58045,TRAILL,(701) 636-3200,Critical Access Hospitals,Voluntary Non-Profit - Private,1.0,,,,1,1,0
351330,WEST RIVER REGIONAL MEDICAL CENTER,1000 HIGHWAY 12,HETTINGER,ND,58639,ADAMS,(701) 567-4561,Critical Access Hospitals,Voluntary Non-Profit - Private,1.0,,,,1,1,0
351331,TOWNER COUNTY MEDICAL CENTER,7448 HWY 281 N,CANDO,ND,58324,TOWNER,(701) 968-4411,Critical Access Hospitals,Voluntary Non-Profit - Private,1.0,,,,1,1,0
351332,HEART OF AMERICA MEDICAL CENTER,800 S MAIN AVE,RUGBY,ND,58368,PIERCE,(701) 776-5261,Critical Access Hospitals,Voluntary Non-Profit - Other,1.0,,,,1,1,0
351333,CHI ST ALEXIUS HEALTH DEVILS LAKE,1031 7TH ST NE,DEVILS LAKE,ND,58301,RAMSEY,(701) 662-2131,,,,,,,0,1,0
351334,CHI ST ALEXIUS HEALTH WILLISTON,1301 15TH AVE W,WILLISTON,ND,58801,WILLIAMS,(701) 774-7400,Critical Access Hospitals,Voluntary Non-Profit - Church,1.0,,,,1,1,0
351335,JAMESTOWN REGIONAL MEDICAL CENTER,2422 20TH ST SW,JAMESTOWN,ND,58401,STUTSMAN,(701) 252-1050,Critical Access Hospitals,Voluntary Non-Profit - Other,1.0,,,,1,1,0
351336,CHI ST ALEXIUS HEALTH DICKINSON,2500 FAIRWAY STREET,DICKINSON,ND,58601,STARK,(701) 456-4000,Critical Access Hospitals,Voluntary Non-Profit - Church,1.0,,,,1,1,0
351364,STANDING ROCK SERVICE UNIT,10 NORTH RIVER ROAD,"FORT YATES,",ND,58538,SIOUX,(701) 854-3831,,,,,,,0,1,0
360001,MERCY HEALTH-ANDERSON HOSPITAL,7500 STATE ROAD,CINCINNATI,OH,45255,HAMILTON,(513) 624-4500,Acute Care Hospitals,Voluntary Non-Profit - Church,1.0,,,,1,1,0
360002,UNIVERSITY HOSPITALS SAMARITAN MEDICAL CENTER,1025 CENTER ST,ASHLAND,OH,44805,ASHLAND,(419) 289-0491,Acute Care Hospitals,Voluntary Non-Profit - Other,1.0,,,,1,1,0
360003,"UNIVERSITY OF CINCINNATI MEDICAL CENTER, LLC",3188 BELLEVUE AVENUE,CINCINNATI,OH,45219,HAMILTON,(513) 584-1000,Acute Care Hospitals,Voluntary Non-Profit - Private,1.0,,,,1,1,0
360006,RIVERSIDE METHODIST HOSPITAL,3535 OLENTANGY RIVER RD,COLUMBUS,OH,43214,FRANKLIN,(614) 566-5000,Acute Care Hospitals,Voluntary Non-Profit - Private,1.0,,,,1,1,0
360008,SOUTHERN OHIO MEDICAL CENTER,1805 27TH STREET,PORTSMOUTH,OH,45662,SCIOTO,(740) 356-8435,Acute Care Hospitals,Voluntary Non-Profit - Other,1.0,,,,1,1,0
360009,LIMA MEMORIAL HEALTH SYSTEM,1001 BELLEFONTAINE AVENUE,LIMA,OH,45804,ALLEN,(419) 998-4731,Acute Care Hospitals,Voluntary Non-Profit - Other,1.0,,,,1,1,0
360010,UNION HOSPITAL,659 BOULEVARD,DOVER,OH,44622,TUSCARAWAS,(330) 343-3311,Acute Care Hospitals,Voluntary Non-Profit - Other,1.0,,,,1,1,0
360011,MARION GENERAL HOSPITAL,1000 MCKINLEY PARK DRIVE,MARION,OH,43302,MARION,(740) 383-8400,Acute Care Hospitals,Voluntary Non-Profit - Private,1.0,,,,1,1,0
360012,MOUNT CARMEL ST ANN'S,500 SOUTH CLEVELAND AVENUE,WESTERVILLE,OH,43081,FRANKLIN,(614) 546-4034,Acute Care Hospitals,Voluntary Non-Profit - Church,1.0,,,,1,1,0
360013,WILSON MEMORIAL HOSPITAL,915 WEST MICHIGAN STREET,SIDNEY,OH,45365,SHELBY,(937) 498-5405,Acute Care Hospitals,Voluntary Non-Profit - Other,1.0,,,,1,1,0
360014,OHIOHEALTH O'BLENESS HOSPITAL,55 HOSPITAL DRIVE,ATHENS,OH,45701,ATHENS,(740) 593-5551,Acute Care Hospitals,Voluntary Non-Profit - Other,1.0,,,,1,1,0
360016,THE JEWISH HOSPITAL-MERCY HEALTH,4777 EAST GALBRAITH ROAD,CINCINNATI,OH,45236,HAMILTON,(513) 686-3000,Acute Care Hospitals,Voluntary Non-Profit - Private,1.0,,,,1,1,0
360017,GRANT MEDICAL CENTER,111 SOUTH GRANT AVENUE,COLUMBUS,OH,43215,FRANKLIN,(614) 566-9164,Acute Care Hospitals,Voluntary Non-Profit - Church,1.0,,,,1,1,0
360019,SUMMA HEALTH SYSTEM BARBERTON HOSPITAL,155 5TH STREET N E,BARBERTON,OH,44203,SUMMIT,3306153000,Acute Care Hospitals,Proprietary,1.0,,,,1,0,0
36001F,LOUIS STOKES CLEVELAND VA MEDICAL CENTER,10701 EAST BLVD,CLEVELAND,OH,44106,CUYAHOGA,(216) 791-3800,ACUTE CARE - VETERANS ADMINISTRATION,Government - Federal,1.0,,,,1,1,0
360020,SUMMA HEALTH SYSTEM,525 EAST MARKET STREET,AKRON,OH,44309,SUMMIT,(330) 375-3000,Acute Care Hospitals,Voluntary Non-Profit - Other,1.0,,,,1,1,0
360025,FIRELANDS REGIONAL MEDICAL CENTER,1111 HAYES AVENUE,SANDUSKY,OH,44870,ERIE,(419) 557-7400,Acute Care Hospitals,Voluntary Non-Profit - Private,1.0,,,,1,1,0
360026,KETTERING HEALTH GREENE MEMORIAL,1141 NORTH MONROE DRIVE,XENIA,OH,45385,GREENE,(937) 352-2000,Acute Care Hospitals,Voluntary Non-Profit - Private,1.0,,,,1,1,0
360027,AKRON GENERAL MEDICAL CENTER,1 AKRON GENERAL AVENUE,AKRON,OH,44307,SUMMIT,(330) 344-6000,Acute Care Hospitals,Voluntary Non-Profit - Private,1.0,,,,1,1,0
360029,WOOD COUNTY HOSPITAL,950 WEST WOOSTER STREET,BOWLING GREEN,OH,43402,WOOD,(419) 354-8900,Acute Care Hospitals,Voluntary Non-Profit - Private,1.0,,,,1,1,0
360032,GRAND LAKE HEALTH SYSTEM,200 SAINT CLAIR STREET,SAINT MARYS,OH,45885,AUGLAIZE,(419) 394-3335,Acute Care Hospitals,Voluntary Non-Profit - Private,1.0,,,,1,1,0
360035,MOUNT CARMEL EAST & WEST,6001 EAST BROAD STREET,COLUMBUS,OH,43213,FRANKLIN,(614) 234-5000,Acute Care Hospitals,Voluntary Non-Profit - Other,1.0,,,,1,1,0
360036,WOOSTER COMMUNITY HOSPITAL,1761 BEALL AVENUE,WOOSTER,OH,44691,WAYNE,(330) 263-8348,Acute Care Hospitals,Government - Local,1.0,,,,1,1,0
360037,ST VINCENT CHARITY MEDICAL CENTER,2351 EAST 22ND STREET,CLEVELAND,OH,44115,CUYAHOGA,2168616200,Acute Care Hospitals,Voluntary Non-Profit - Private,1.0,,,,1,0,0
360038,DEACONESS HOSPITAL,311 STRAIGHT STREET,CINCINNATI,OH,45219,HAMILTON,5135592100,Acute Care Hospitals,Voluntary Non-Profit - Private,,,,,1,0,0
360039,GENESIS HOSPITAL,2951 MAPLE AVENUE,ZANESVILLE,OH,43701,MUSKINGUM,(740) 454-5000,Acute Care Hospitals,Voluntary Non-Profit - Private,1.0,,,,1,1,0
36003F,CINCINNATI VA MEDICAL CENTER,3200 VINE STREET,CINCINNATI,OH,45220,HAMILTON,(513) 861-3100,ACUTE CARE - VETERANS ADMINISTRATION,Government - Federal,1.0,,,,1,1,0
360040,KNOX COMMUNITY HOSPITAL,1330 COSHOCTON ROAD,MOUNT VERNON,OH,43050,KNOX,(740) 393-9000,Acute Care Hospitals,Voluntary Non-Profit - Other,1.0,,,,1,1,0
360041,PARMA COMMUNITY GENERAL HOSPITAL,7007 POWERS BOULEVARD,PARMA,OH,44129,CUYAHOGA,(440) 743-3000,Acute Care Hospitals,Voluntary Non-Profit - Private,1.0,,,,1,1,0
360044,WAYNE HOSPITAL,835 SWEITZER STREET,GREENVILLE,OH,45331,DARKE,9375475926,Acute Care Hospitals,Voluntary Non-Profit - Private,1.0,,,,1,0,0
360046,MCCULLOUGH-HYDE MEMORIAL HOSPITAL,110 NORTH POPLAR STREET,OXFORD,OH,45056,BUTLER,(513) 523-2111,Acute Care Hospitals,Voluntary Non-Profit - Private,1.0,,,,1,1,0
360048,UNIVERSITY OF TOLEDO MEDICAL CENTER,3000 ARLINGTON AVENUE,TOLEDO,OH,43614,LUCAS,(419) 383-3407,Acute Care Hospitals,Government - State,1.0,,,,1,1,0
360051,MIAMI VALLEY HOSPITAL,ONE WYOMING STREET,DAYTON,OH,45409,MONTGOMERY,(937) 208-3023,Acute Care Hospitals,Voluntary Non-Profit - Private,1.0,,,,1,1,0
360052,GOOD SAMARITAN HOSPITAL,2222 PHILADELPHIA DRIVE,DAYTON,OH,45406,MONTGOMERY,9372782612,Acute Care Hospitals,Voluntary Non-Profit - Church,1.0,,,,1,0,0
360054,HOLZER MEDICAL CENTER,100 JACKSON PIKE,GALLIPOLIS,OH,45631,GALLIA,(740) 446-5030,Acute Care Hospitals,Voluntary Non-Profit - Private,1.0,,,,1,1,0
360055,INSIGHT HOSPITAL AND MEDICAL CENTER TRUMBULL,1350 EAST MARKET STREET,WARREN,OH,44482,TRUMBULL,(330) 841-9011,Acute Care Hospitals,Proprietary,1.0,,,,1,1,0
360056,MERCY HEALTH - FAIRFIELD HOSPITAL,3000 MACK ROAD,FAIRFIELD,OH,45014,BUTLER,(513) 870-7000,Acute Care Hospitals,Voluntary Non-Profit - Church,1.0,,,,1,1,0
360058,MERCER COUNTY JOINT TOWNSHIP COMMUNITY HOSPITAL,800 WEST MAIN STREET,COLDWATER,OH,45828,MERCER,(419) 678-4843,Acute Care Hospitals,Government - Hospital District or Authority,1.0,,,,1,1,0
360059,METROHEALTH SYSTEM,2500 METROHEALTH DRIVE,CLEVELAND,OH,44109,CUYAHOGA,(216) 778-7089,Acute Care Hospitals,Government - Local,1.0,,,,1,1,0
360064,ST ELIZABETH YOUNGSTOWN HOSPITAL,1044 BELMONT AVENUE,YOUNGSTOWN,OH,44501,MAHONING,(330) 480-3022,Acute Care Hospitals,Voluntary Non-Profit - Church,1.0,,,,1,1,0
360065,FISHER-TITUS HOSPITAL,272 BENEDICT AVENUE,NORWALK,OH,44857,HURON,(419) 668-8101,Acute Care Hospitals,Voluntary Non-Profit - Private,1.0,,,,1,1,0
360066,MERCY HEALTH-ST RITA'S MEDICAL CENTER,730 WEST MARKET STREET,LIMA,OH,45801,ALLEN,(419) 227-3361,Acute Care Hospitals,Voluntary Non-Profit - Church,1.0,,,,1,1,0
360068,PROMEDICA TOLEDO HOSPITAL,2142 NORTH COVE BOULEVARD,TOLEDO,OH,43606,LUCAS,(419) 291-7463,Acute Care Hospitals,Voluntary Non-Profit - Private,1.0,,,,1,1,0
36006F,88th Medical Group (Wright-Patterson AFB),88 MDG 4881 Sugar Maple Dr,Wright-Patterson AFB,OH,45433,GREENE,(937) 257-9926,,,,,,,0,1,0
360070,MERCY MEDICAL CENTER,1320 MERCY DRIVE NW,CANTON,OH,44708,STARK,(330) 489-1111,Acute Care Hospitals,Voluntary Non-Profit - Church,1.0,,,,1,1,0
360071,VAN WERT COUNTY HOSPITAL,1250 S WASHINGTON STREET,VAN WERT,OH,45891,VAN WERT,(419) 238-8627,Acute Care Hospitals,Voluntary Non-Profit - Private,1.0,,,,1,1,0
360072,FAIRFIELD MEDICAL CENTER,401 NORTH EWING STREET,LANCASTER,OH,43130,FAIRFIELD,(740) 687-8000,Acute Care Hospitals,Voluntary Non-Profit - Other,1.0,,,,1,1,0
360074,FLOWER HOSPITAL,5200 HARROUN ROAD,SYLVANIA,OH,43560,LUCAS,4198241444,Acute Care Hospitals,Voluntary Non-Profit - Private,1.0,,,,1,0,0
360075,UH REGIONAL HOSPITALS,13207 RAVENNA ROAD,CHARDON,OH,44024,GEAUGA,(440) 285-6246,Acute Care Hospitals,Proprietary,1.0,,,,1,1,0
360076,ATRIUM MEDICAL CENTER,ONE MEDICAL CENTER DRIVE,FRANKLIN,OH,45005,WARREN,(513) 420-5102,Acute Care Hospitals,Voluntary Non-Profit - Private,1.0,,,,1,1,0
360077,FAIRVIEW HOSPITAL,18101 LORAIN AVENUE,CLEVELAND,OH,44111,CUYAHOGA,(216) 476-7000,Acute Care Hospitals,Voluntary Non-Profit - Private,1.0,,,,1,1,0
360078,UNIVERSITY HOSPITALS PORTAGE MEDICAL CENTER,6847 N CHESTNUT,RAVENNA,OH,44266,PORTAGE,(330) 297-2300,Acute Care Hospitals,Government - Local,1.0,,,,1,1,0
360079,KETTERING HEALTH MAIN CAMPUS,3535 SOUTHERN BOULEVARD,KETTERING,OH,45429,MONTGOMERY,(937) 298-4331,Acute Care Hospitals,Voluntary Non-Profit - Church,1.0,,,,1,1,0
36007F,DAYTON VA MEDICAL CENTER,4100 WEST THIRD STREET,DAYTON,OH,45428,MONTGOMERY,(937) 268-6511,ACUTE CARE - VETERANS ADMINISTRATION,Government - Federal,1.0,,,,1,1,0
360080,EAST OHIO REGIONAL HOSPITAL,90 NORTH FOURTH STREET,MARTINS FERRY,OH,43935,BELMONT,(740) 633-1100,Acute Care Hospitals,Voluntary Non-Profit - Other,1.0,,,,1,1,0
360081,MERCY ST CHARLES HOSPITAL,2600 NAVARRE AVENUE,OREGON,OH,43616,LUCAS,4196967200,Acute Care Hospitals,Voluntary Non-Profit - Church,1.0,,,,1,0,0
360082,EUCLID HOSPITAL,18901 LAKE SHORE BOULEVARD,EUCLID,OH,44119,CUYAHOGA,(216) 531-9000,Acute Care Hospitals,Voluntary Non-Profit - Other,1.0,,,,1,1,0
360084,AULTMAN HOSPITAL,2600 SIXTH STREET SW,CANTON,OH,44710,STARK,(330) 363-9911,Acute Care Hospitals,Voluntary Non-Profit - Other,1.0,,,,1,1,0
360085,OHIO STATE UNIVERSITY STATE HEALTH SYSTEM,410 WEST 10TH AVENUE,COLUMBUS,OH,43210,FRANKLIN,(614) 293-9700,Acute Care Hospitals,Government - State,1.0,,,,1,1,0
360086,SPRINGFIELD REGIONAL MEDICAL CENTER,100 MEDICAL CENTER DRIVE,SPRINGFIELD,OH,45504,CLARK,(937) 523-5500,Acute Care Hospitals,Voluntary Non-Profit - Church,1.0,,,,1,1,0
360087,LUTHERAN HOSPITAL,1730 WEST 25TH STREET,CLEVELAND,OH,44113,CUYAHOGA,(216) 696-4300,Acute Care Hospitals,Voluntary Non-Profit - Private,1.0,,,,1,1,0
360089,MERCY HEALTH - TIFFIN HOSPITAL,45 ST LAWRENCE DRIVE,TIFFIN,OH,44883,SENECA,(419) 455-7000,Acute Care Hospitals,Voluntary Non-Profit - Private,1.0,,,,1,1,0
36008F,CHILLICOTHE VA MEDICAL CENTER,17273 STATE ROUTE 104,CHILLICOTHE,OH,45601,ROSS,(740) 773-1141,ACUTE CARE - VETERANS ADMINISTRATION,Government - Federal,1.0,,,,1,1,0
360090,ST LUKE'S HOSPITAL,5901 MONCLOVA ROAD,MAUMEE,OH,43537,LUCAS,4198935900,Acute Care Hospitals,Voluntary Non-Profit - Other,1.0,,,,1,0,0
360091,MEDINA HOSPITAL,1000 EAST WASHINGTON STREET,MEDINA,OH,44256,MEDINA,(330) 725-1000,Acute Care Hospitals,Voluntary Non-Profit - Private,1.0,,,,1,1,0
360092,MEMORIAL HOSPITAL,500 LONDON AVENUE,MARYSVILLE,OH,43040,UNION,(937) 644-6115,Acute Care Hospitals,Government - Local,1.0,,,,1,1,0
360095,BLANCHARD VALLEY HOSPITAL,1900 SOUTH MAIN STREET,FINDLAY,OH,45840,HANCOCK,(419) 423-4500,Acute Care Hospitals,Voluntary Non-Profit - Other,1.0,,,,1,1,0
360096,EAST LIVERPOOL CITY HOSPITAL,425 WEST 5TH STREET,EAST LIVERPOOL,OH,43920,COLUMBIANA,(330) 385-7200,Acute Care Hospitals,Voluntary Non-Profit - Private,1.0,,,,1,1,0
360098,LAKE HEALTH,7590 AUBURN ROAD,CONCORD,OH,44077,LAKE,(440) 953-9600,Acute Care Hospitals,Voluntary Non-Profit - Private,1.0,,,,1,1,0
360101,HURON HOSPITAL,13951 TERRACE ROAD,CLEVELAND,OH,44112,CUYAHOGA,2167613300,Acute Care Hospitals,Voluntary Non-Profit - Private,,,,,1,0,0
360107,BELLEVUE HOSPITAL,1400 WEST MAIN STREET,BELLEVUE,OH,44811,SANDUSKY,(419) 483-4040,Acute Care Hospitals,Voluntary Non-Profit - Other,1.0,,,,1,1,0
360109,COSHOCTON REGIONAL MEDICAL CENTER,1460 ORANGE STREET,COSHOCTON,OH,43812,COSHOCTON,(740) 622-6411,Acute Care Hospitals,Voluntary Non-Profit - Private,1.0,,,,1,1,0
360112,MERCY ST VINCENT MEDICAL CENTER,2213 CHERRY STREET,TOLEDO,OH,43608,LUCAS,(419) 251-3232,Acute Care Hospitals,Voluntary Non-Profit - Church,1.0,,,,1,1,0
360113,MERCY FRANCISCAN HOSPITAL WESTERN HILLS,3131 QUEEN CITY AVENUE,CINCINNATI,OH,45238,HAMILTON,5133895915,Acute Care Hospitals,Voluntary Non-Profit - Private,1.0,,,,1,0,0
360115,UHHS BEDFORD MEDICAL CENTER,44 BLAINE AVENUE,BEDFORD,OH,44146,CUYAHOGA,4407353628,Acute Care Hospitals,Voluntary Non-Profit - Private,1.0,,,,1,0,0
360116,SOUTHWEST REGIONAL MEDICAL CENTER,425 HOME STREET,GEORGETOWN,OH,45121,BROWN,5133787800,Acute Care Hospitals,Proprietary,1.0,,,,1,0,0
360118,OHIOHEALTH MANSFIELD HOSPITAL,335 GLESSNER AVENUE,MANSFIELD,OH,44903,RICHLAND,(419) 526-8000,Acute Care Hospitals,Voluntary Non-Profit - Private,1.0,,,,1,1,0
360121,COMMUNITY HOSPITALS AND WELLNESS CENTERS,433 WEST HIGH STREET,BRYAN,OH,43506,WILLIAMS,(419) 636-1131,Acute Care Hospitals,Voluntary Non-Profit - Other,1.0,,,,1,1,0
360123,UH ST JOHN MEDICAL CENTER,29000 CENTER RIDGE ROAD,WESTLAKE,OH,44145,CUYAHOGA,(440) 835-8000,Acute Care Hospitals,Voluntary Non-Profit - Private,1.0,,,,1,1,0
360125,ASHTABULA COUNTY MEDICAL CENTER,2420 LAKE AVENUE,ASHTABULA,OH,44004,ASHTABULA,(440) 997-2262,Acute Care Hospitals,Voluntary Non-Profit - Private,1.0,,,,1,1,0
360130,AMHERST HOSPITAL,254 CLEVELAND AVENUE,AMHERST,OH,44001,LORAIN,4409886000,Acute Care Hospitals,Voluntary Non-Profit - Private,,,,,1,0,0
360131,ALLIANCE COMMUNITY HOSPITAL,200 EAST STATE STREET,ALLIANCE,OH,44601,STARK,(330) 596-6000,Acute Care Hospitals,Voluntary Non-Profit - Other,1.0,,,,1,1,0
360132,FORT HAMILTON HUGHES MEMORIAL HOSPITAL,630 EATON AVENUE,HAMILTON,OH,45013,BUTLER,(513) 867-2123,Acute Care Hospitals,Voluntary Non-Profit - Private,1.0,,,,1,1,0
360133,KETTERING HEALTH DAYTON,405 GRAND AVENUE,DAYTON,OH,45405,MONTGOMERY,(937) 723-3410,Acute Care Hospitals,Voluntary Non-Profit - Other,1.0,,,,1,1,0
360134,GOOD SAMARITAN HOSPITAL,375 DIXMYTH AVENUE,CINCINNATI,OH,45220,HAMILTON,(513) 862-2601,Acute Care Hospitals,Voluntary Non-Profit - Church,1.0,,,,1,1,0
360137,UH CLEVELAND MEDICAL CENTER,11100 EUCLID AVENUE,CLEVELAND,OH,44106,CUYAHOGA,(216) 844-1000,Acute Care Hospitals,Voluntary Non-Profit - Private,1.0,,,,1,1,0
360141,NORTHSIDE MEDICAL CENTER,500 GYPSY LANE,YOUNGSTOWN,OH,44501,MAHONING,3308841000,Acute Care Hospitals,Proprietary,1.0,,,,1,0,0
360143,MARYMOUNT HOSPITAL,12300 MCCRACKEN ROAD,GARFIELD HEIGHTS,OH,44125,CUYAHOGA,(216) 587-8210,Acute Care Hospitals,Voluntary Non-Profit - Church,1.0,,,,1,1,0
360144,SOUTH POINTE HOSPITAL,20000 HARVARD ROAD,WARRENSVILLE HEIGHTS,OH,44122,CUYAHOGA,(216) 491-6523,Acute Care Hospitals,Voluntary Non-Profit - Other,1.0,,,,1,1,0
360145,UNIVERSITY HOSPITALS - ELYRIA MEDICAL CENTER,630 EAST RIVER STREET,ELYRIA,OH,44035,LORAIN,(440) 329-7500,Acute Care Hospitals,Voluntary Non-Profit - Private,1.0,,,,1,1,0
360147,MARIETTA MEMORIAL HOSPITAL,401 MATTHEW STREET,MARIETTA,OH,45750,WASHINGTON,(740) 374-1400,Acute Care Hospitals,Voluntary Non-Profit - Other,1.0,,,,1,1,0
360148,POMERENE HOSPITAL,981 WOOSTER ROAD,MILLERSBURG,OH,44654,HOLMES,(330) 674-1015,Acute Care Hospitals,Government - Local,1.0,,,,1,1,0
360150,SUMMA WESTERN RESERVE HOSPITAL,1900 23RD STREET,CUYAHOGA FALLS,OH,44223,SUMMIT,(330) 971-7000,Acute Care Hospitals,Voluntary Non-Profit - Other,1.0,,,,1,1,0
360151,AFFINITY MEDICAL CENTER,875 EIGHTH STREET NE,MASSILLON,OH,44646,STARK,3308376863,Acute Care Hospitals,Proprietary,1.0,,,,1,0,0
360152,DOCTORS HOSPITAL,5100 WEST  BROAD STREET,COLUMBUS,OH,43228,FRANKLIN,(614) 544-2136,Acute Care Hospitals,Voluntary Non-Profit - Church,1.0,,,,1,1,0
360153,BELMONT COMMUNITY HOSPITAL,4697 HARRISON STREET,BELLAIRE,OH,43906,BELMONT,7406711200,Acute Care Hospitals,Voluntary Non-Profit - Other,1.0,,,,1,0,0
360155,SOUTHWEST GENERAL HEALTH CENTER,18697 BAGLEY ROAD,MIDDLEBURG HEIGHTS,OH,44130,CUYAHOGA,(440) 816-8000,Acute Care Hospitals,Voluntary Non-Profit - Private,1.0,,,,1,1,0
360156,MEMORIAL HOSPITAL,715 SOUTH TAFT AVENUE,FREMONT,OH,43420,SANDUSKY,(419) 334-6617,Acute Care Hospitals,Voluntary Non-Profit - Other,1.0,,,,1,1,0
360159,ADENA REGIONAL MEDICAL CENTER,272 HOSPITAL ROAD,CHILLICOTHE,OH,45601,ROSS,(740) 779-7500,Acute Care Hospitals,Voluntary Non-Profit - Private,1.0,,,,1,1,0
360161,MH ST JOSEPH WARREN HOSPITAL,667 EASTLAND AVE SE,WARREN,OH,44484,TRUMBULL,(330) 841-4016,Acute Care Hospitals,Voluntary Non-Profit - Other,1.0,,,,1,1,0
360163,CHRIST HOSPITAL,2139 AUBURN AVENUE,CINCINNATI,OH,45219,HAMILTON,(513) 585-2000,Acute Care Hospitals,Voluntary Non-Profit - Private,1.0,,,,1,1,0
360170,BERGER HOSPITAL,600 NORTH PICKAWAY STREET,CIRCLEVILLE,OH,43113,PICKAWAY,(740) 420-8008,Acute Care Hospitals,Government - Local,1.0,,,,1,1,0
360172,MERCY REGIONAL MEDICAL CENTER,3700 KOLBE ROAD,LORAIN,OH,44053,LORAIN,(440) 960-4000,Acute Care Hospitals,Voluntary Non-Profit - Church,1.0,,,,1,1,0
360174,UPPER VALLEY MEDICAL CENTER,3130 N DIXIE HIGHWAY,TROY,OH,45373,MIAMI,(937) 440-7853,Acute Care Hospitals,Voluntary Non-Profit - Private,1.0,,,,1,1,0
360175,CLINTON MEMORIAL HOSPITAL,610 WEST MAIN STREET,WILMINGTON,OH,45177,CLINTON,(937) 382-9335,Acute Care Hospitals,Government - Local,1.0,,,,1,1,0
360179,BETHESDA NORTH,10500 MONTGOMERY ROAD,CINCINNATI,OH,45242,HAMILTON,(513) 865-5544,Acute Care Hospitals,Voluntary Non-Profit - Church,1.0,,,,1,1,0
360180,CLEVELAND CLINIC,9500 EUCLID AVENUE,CLEVELAND,OH,44195,CUYAHOGA,(216) 952-9829,Acute Care Hospitals,Voluntary Non-Profit - Private,1.0,,,,1,1,0
360185,SALEM REGIONAL MEDICAL CENTER,1995 EAST STATE STREET,SALEM,OH,44460,COLUMBIANA,(330) 332-7214,Acute Care Hospitals,Voluntary Non-Profit - Private,1.0,,,,1,1,0
360189,MADISON HEALTH,210 NORTH MAIN STREET,LONDON,OH,43140,MADISON,(740) 845-7000,Acute Care Hospitals,Voluntary Non-Profit - Other,1.0,,,,1,1,0
360192,UH GEAUGA MEDICAL CENTER,13207 RAVENNA RD,CHARDON,OH,44024,GEAUGA,4402696000,Acute Care Hospitals,Voluntary Non-Profit - Private,1.0,,,,1,0,0
360195,SUMMA WADSWORTH-RITTMAN HOSPITAL,195 WADSWORTH ROAD,WADSWORTH,OH,44281,MEDINA,3303341504,Acute Care Hospitals,Voluntary Non-Profit - Private,1.0,,,,1,0,0
360197,MARY RUTAN HOSPITAL,205 PALMER AVENUE,BELLEFONTAINE,OH,43311,LOGAN,(937) 651-3257,Acute Care Hospitals,Voluntary Non-Profit - Private,1.0,,,,1,1,0
360203,SOUTHEASTERN OHIO REGIONAL MEDICAL CENTER,1341 NORTH CLARK STREET,CAMBRIDGE,OH,43725,GUERNSEY,(740) 439-8000,Acute Care Hospitals,Voluntary Non-Profit - Private,1.0,,,,1,1,0
360210,GRADY MEMORIAL HOSPITAL,561 WEST CENTRAL AVENUE,DELAWARE,OH,43015,DELAWARE,(740) 368-5145,Acute Care Hospitals,Voluntary Non-Profit - Private,1.0,,,,1,1,0
360211,TRINITY MEDICAL CTR EAST &TRINITY MEDICAL CTR WEST,380 SUMMIT AVENUE,STEUBENVILLE,OH,43952,JEFFERSON,(740) 264-7212,Acute Care Hospitals,Voluntary Non-Profit - Other,1.0,,,,1,1,0
360212,LAKEWOOD HOSPITAL,14519 DETROIT AVENUE,LAKEWOOD,OH,44107,CUYAHOGA,2165214200,Acute Care Hospitals,Voluntary Non-Profit - Private,1.0,,,,1,0,0
360218,LICKING MEMORIAL HOSPITAL,1320 WEST MAIN STREET,NEWARK,OH,43055,LICKING,(740) 348-4000,Acute Care Hospitals,Voluntary Non-Profit - Private,1.0,,,,1,1,0
360230,HILLCREST HOSPITAL,6780 MAYFIELD ROAD,MAYFIELD HEIGHTS,OH,44124,CUYAHOGA,(440) 312-4500,Acute Care Hospitals,Voluntary Non-Profit - Private,1.0,,,,1,1,0
360234,MERCY HEALTH - WEST HOSPITAL,3300 MERCY HEALTH BLVD,CINCINNATI,OH,45211,HAMILTON,(513) 215-5000,Acute Care Hospitals,Voluntary Non-Profit - Private,1.0,,,,1,1,0
360236,MERCY HEALTH - CLERMONT HOSPITAL,3000 HOSPITAL DRIVE,BATAVIA,OH,45103,CLERMONT,(513) 732-8278,Acute Care Hospitals,Voluntary Non-Profit - Church,1.0,,,,1,1,0
360239,KETTERING HEALTH MIAMISBURG,4000 MIAMISBURG-CENTERVILLE ROAD,MIAMISBURG,OH,45342,MONTGOMERY,(937) 384-8760,Acute Care Hospitals,Voluntary Non-Profit - Church,1.0,,,,1,1,0
360241,EDWIN SHAW REHABILITATION INSTITUTE,330 BROADWAY EAST,CUYAHOGA FALLS,OH,44221,SUMMIT,3304360910,Acute Care Hospitals,Government - Local,0.0,,,,1,0,0
360245,GLENBEIGH HEALTH SOURCES,2863 STATE ROUTE 45,ROCK CREEK,OH,44084,ASHTABULA,(440) 563-3400,Acute Care Hospitals,Voluntary Non-Profit - Private,0.0,,,,1,1,0
360259,BAY PARK COMMUNITY HOSPITAL,2801 BAY PARK DRIVE,OREGON,OH,43616,LUCAS,(419) 690-7706,Acute Care Hospitals,Voluntary Non-Profit - Other,1.0,,,,1,1,0
360261,THREE GABLES SURGERY CENTER,5897 COUNTY ROAD 107,PROCTORVILLE,OH,45669,LAWRENCE,7408869911,Acute Care Hospitals,Proprietary,0.0,,,,1,0,0
360262,MERCY ST ANNE HOSPITAL,3404 SYLVANIA AVENUE,TOLEDO,OH,43623,LUCAS,4194072663,Acute Care Hospitals,Voluntary Non-Profit - Church,1.0,,,,1,0,0
360263,INSTITUTE FOR ORTHOPAEDIC SURGERY,"801 MEDICAL DRIVE, SUITE B",LIMA,OH,45804,ALLEN,(419) 224-7586,Acute Care Hospitals,Proprietary,0.0,,,,1,1,0
360266,MOUNT CARMEL NEW ALBANY SURGICAL HOSPITAL,7333 SMITH'S MILL ROAD,NEW ALBANY,OH,43054,FRANKLIN,(614) 775-6600,Acute Care Hospitals,Proprietary,0.0,,,,1,1,0
360269,BUTLER COUNTY MEDICAL CENTER,3125 HAMILTON MASON ROAD,HAMILTON,OH,45011,BUTLER,5138948888,Acute Care Hospitals,Proprietary,0.0,,,,1,0,0
360270,MERCY HEALTH - DEFIANCE HOSPITAL,1404 EAST SECOND STREET,DEFIANCE,OH,43512,DEFIANCE,(419) 782-8444,Acute Care Hospitals,Proprietary,1.0,,,,1,1,0
360271,UNIVERSITY POINTE SURGICAL HOSPITAL,7750 UNIVERSITY COURT,WEST CHESTER,OH,45069,BUTLER,5134758300,Acute Care Hospitals,Voluntary Non-Profit - Other,0.0,,,,1,0,0
360274,MEDICAL CENTER AT ELIZABETH PLACE,ONE ELIZABETH PLACE,DAYTON,OH,45408,MONTGOMERY,9378531053,Acute Care Hospitals,Government - Federal,1.0,,,,1,0,0
360276,HMHP ST ELIZABETH BOARDMAN HEALTH CENTER,8401 MARKET STREET,BOARDMAN,OH,44512,MAHONING,(330) 729-2929,Acute Care Hospitals,Voluntary Non-Profit - Church,1.0,,,,1,1,0
360347,MEDICAL CENTER OF NEWARK LLC,2000 TAMARACK ROAD,NEWARK,OH,43055,LICKING,7405227800,Acute Care Hospitals,Voluntary Non-Profit - Private,0.0,,,,1,0,0
360348,DUBLIN METHODIST HOSPITAL,7500 HOSPITAL AVENUE,DUBLIN,OH,43016,FRANKLIN,(614) 544-8273,Acute Care Hospitals,Voluntary Non-Profit - Church,1.0,,,,1,1,0
360350,EVENDALE MEDICAL CENTER,3155 GLENDALE-MILFORD ROAD,CINCINNATI,OH,45241,HAMILTON,5134542222,Acute Care Hospitals,Proprietary,0.0,,,,1,0,0
360351,CRYSTAL CLINIC ORTHOPAEDIC CENTER,444 NORTH MAIN STREET,AKRON,OH,44310,SUMMIT,(330) 670-4152,Acute Care Hospitals,Proprietary,0.0,,,,1,1,0
360352,SURGICAL HOSPITAL AT SOUTHWOODS,7630 SOUTHERN BLVD,YOUNGSTOWN,OH,44512,MAHONING,(330) 729-8000,Acute Care Hospitals,Voluntary Non-Profit - Private,0.0,,,,1,1,0
360354,WEST CHESTER HOSPITAL,7700 UNIVERSITY DRIVE,WEST CHESTER,OH,45069,BUTLER,(513) 298-7701,Acute Care Hospitals,Voluntary Non-Profit - Private,1.0,,,,1,1,0
360355,OHIO VALLEY SURGICAL HOSPITAL,100 WEST MAIN STREET,SPRINGFIELD,OH,45502,CLARK,(937) 521-3900,Acute Care Hospitals,Voluntary Non-Profit - Private,0.0,,,,1,1,0
360356,"PHYSICIAN'S CHOICE HOSPITAL - FREMONT, LLC",2390 ENTERPRISE DRIVE,FREMONT,OH,43420,SANDUSKY,4194611057,Acute Care Hospitals,Voluntary Non-Profit - Private,1.0,,,,1,0,0
360358,DILEY RIDGE MEDICAL CENTER,7911 DILEY ROAD,CANAL WINCHESTER,OH,43110,FRANKLIN,(614) 838-7911,Acute Care Hospitals,Voluntary Non-Profit - Private,1.0,,,,1,1,0
360359,UNIVERSITY HOSPITALS AHUJA MEDICAL CENTER,3999 RICHMOND ROAD,BEACHWOOD,OH,44122,CUYAHOGA,(216) 593-5511,Acute Care Hospitals,Voluntary Non-Profit - Private,1.0,,,,1,1,0
360360,SOIN MEDICAL CENTER,3535 PENTAGON PARK BLVD,BEAVER CREEK,OH,45431,GREENE,(937) 702-4000,,,,,,,0,1,0
360361,KINGS DAUGHTERS MEDICAL CENTER OHIO,1901 ARGONNE ROAD,PORTSMOUTH,OH,45662,SCIOTO,(740) 991-4000,,,,,,,0,1,0
360364,CLEVELAND CLINIC AVON HOSPITAL,33300 CLEVELAND CLINIC BLVD,AVON,OH,44011,LORAIN,(440) 695-5000,,,,,,,0,1,0
360365,AVITA ONTARIO,715 RICHLAND MALL,ONTARIO,OH,44906,RICHLAND,(419) 462-4534,,,,,,,0,1,0
360367,LAKE HEALTH BEACHWOOD MEDICAL CENTER,25501 CHAGRIN BOULEVARD,BEACHWOOD,OH,44122,CUYAHOGA,(216) 545-4800,,,,,,,0,1,0
360368,KETTERING HEALTH TROY,600 WEST MAIN STREET,TROY,OH,45373,MIAMI,(937) 980-7000,,,,,,,0,1,0
360374,MERCY HEALTH KINGS MILLS HOSPITAL LLC,5440 KINGS ISLAND DRIVE,MASON,OH,45040,WARREN,(513) 637-9999,,,,,,,0,1,0
360375,MOUNT CARMEL DUBLIN,4105 EMERALD PKWY,DUBLIN,OH,43016,FRANKLIN,(380) 898-9000,,,,,,,0,1,0
361300,PAULDING COUNTY HOSPITAL,1035 WEST WAYNE ST.,PAULDING,OH,45879,PAULDING,(419) 399-4080,Critical Access Hospitals,Government - Local,1.0,,,,1,1,0
361301,COMMUNITY MEMORIAL HOSPITAL,208 N COLUMBUS ST,HICKSVILLE,OH,43526,DEFIANCE,4195426692,Critical Access Hospitals,Government - Hospital District or Authority,1.0,,,,1,0,0
361302,TWIN CITY MEDICAL CENTER,819 NORTH FIRST STREET,DENNISON,OH,44621,TUSCARAWAS,(740) 922-2800,Critical Access Hospitals,Voluntary Non-Profit - Other,1.0,,,,1,1,0
361303,LODI COMMUNITY HOSPITAL,225 ELYRIA STREET,LODI,OH,44254,MEDINA,(330) 948-1222,Critical Access Hospitals,Voluntary Non-Profit - Private,1.0,,,,1,1,0
361304,GREENFIELD AREA MEDICAL CENTER,550 MIRABEAU STREET,GREENFIELD,OH,45123,HIGHLAND,(937) 981-9400,Critical Access Hospitals,Voluntary Non-Profit - Private,1.0,,,,1,1,0
361305,DOCTORS HOSPITAL OF NELSONVILLE,1950 MOUNT ST MARYS DRIVE,NELSONVILLE,OH,45764,ATHENS,7407537300,Critical Access Hospitals,Voluntary Non-Profit - Private,1.0,,,,1,0,0
361306,MERCY ALLEN HOSPITAL,200 WEST LORAIN STREET,OBERLIN,OH,44074,LORAIN,(440) 334-7039,Critical Access Hospitals,Voluntary Non-Profit - Private,1.0,,,,1,1,0
361307,UHHS MEMORIAL HOSPITAL OF GENEVA,870 WEST MAIN STREET,GENEVA,OH,44041,ASHTABULA,(440) 415-0151,Critical Access Hospitals,Voluntary Non-Profit - Private,1.0,,,,1,1,0
361308,UNIVERSITY HOSPITALS CONNEAUT MEDICAL CENTER,158 WEST MAIN ROAD,CONNEAUT,OH,44030,ASHTABULA,(440) 593-1131,Critical Access Hospitals,Voluntary Non-Profit - Other,1.0,,,,1,1,0
361309,"HENRY COUNTY HOSPITAL, INC",1600 EAST RIVERVIEW AVENUE,NAPOLEON,OH,43545,HENRY,(419) 592-4015,Critical Access Hospitals,Voluntary Non-Profit - Private,1.0,,,,1,1,0
361310,MERCY HEALTH - WILLARD HOSPITAL,1100 NEAL ZICK ROAD,WILLARD,OH,44890,HURON,(419) 964-5000,Critical Access Hospitals,Voluntary Non-Profit - Other,1.0,,,,1,1,0
361311,HARRISON COMMUNITY HOSPITAL,951 EAST MARKET STREET,CADIZ,OH,43907,HARRISON,(740) 942-8625,Critical Access Hospitals,Voluntary Non-Profit - Private,1.0,,,,1,1,0
361312,MERCY HEALTH - URBANA HOSPITAL,904 SCIOTO STREET,URBANA,OH,43078,CHAMPAIGN,(937) 653-5231,Critical Access Hospitals,Voluntary Non-Profit - Private,1.0,,,,1,1,0
361313,OHIOHEALTH MORROW COUNTY HOSPITAL,651 WEST MARION ROAD,MOUNT GILEAD,OH,43338,MORROW,(419) 946-5015,Critical Access Hospitals,Government - Local,1.0,,,,1,1,0
361314,MAGRUDER HOSPITAL,615 FULTON ST,PORT CLINTON,OH,43452,OTTAWA,(419) 734-3131,Critical Access Hospitals,Voluntary Non-Profit - Private,1.0,,,,1,1,0
361315,HARDIN MEMORIAL HOSPITAL,921 EAST FRANKLIN STREET,KENTON,OH,43326,HARDIN,(419) 673-0761,Critical Access Hospitals,Voluntary Non-Profit - Other,1.0,,,,1,1,0
361316,BUCYRUS COMMUNITY HOSPITAL,629 NORTH SANDUSKY AVENUE,BUCYRUS,OH,44820,CRAWFORD,(419) 563-9376,Critical Access Hospitals,Voluntary Non-Profit - Other,1.0,,,,1,1,0
361318,FOSTORIA COMMUNITY HOSPITAL,501 VAN BUREN STREET,FOSTORIA,OH,44830,SENECA,(419) 435-7734,Critical Access Hospitals,Voluntary Non-Profit - Private,1.0,,,,1,1,0
361319,SELBY GENERAL HOSPITAL,1106 COLEGATE DRIVE,MARIETTA,OH,45750,WASHINGTON,(740) 568-2000,Critical Access Hospitals,Voluntary Non-Profit - Private,1.0,,,,1,1,0
361320,HOLZER MEDICAL CENTER JACKSON,500 BURLINGTON ROAD,JACKSON,OH,45640,JACKSON,(740) 395-8500,Critical Access Hospitals,Voluntary Non-Profit - Private,1.0,,,,1,1,0
361321,"BARNESVILLE HOSPITAL ASSOCIATION, INC",639 WEST MAIN STREET,BARNESVILLE,OH,43713,BELMONT,(740) 425-3941,Critical Access Hospitals,Voluntary Non-Profit - Private,1.0,,,,1,1,0
361322,BLUFFTON HOSPITAL,139 GARAU STREET,BLUFFTON,OH,45817,ALLEN,(419) 358-9010,Critical Access Hospitals,Voluntary Non-Profit - Private,1.0,,,,1,1,0
361323,AULTMAN ORRVILLE HOSPITAL,832 SOUTH MAIN STREET,ORRVILLE,OH,44667,WAYNE,(330) 682-3010,Critical Access Hospitals,Voluntary Non-Profit - Private,1.0,,,,1,1,0
361324,OHIOHEALTH SHELBY HOSPITAL,199 WEST MAIN STREET,SHELBY,OH,44875,RICHLAND,(419) 342-5015,Critical Access Hospitals,Voluntary Non-Profit - Private,1.0,,,,1,1,0
361325,GALION COMMUNITY HOSPITAL,269 PORTLAND WAY SOUTH,GALION,OH,44833,CRAWFORD,(419) 468-4841,Critical Access Hospitals,Voluntary Non-Profit - Church,1.0,,,,1,1,0
361326,ADAMS COUNTY REGIONAL MEDICAL CENTER,230 MEDICAL CENTER DRIVE,SEAMAN,OH,45679,ADAMS,(937) 386-3400,Critical Access Hospitals,Government - Local,1.0,,,,1,1,0
361327,COMMUNITY HOSPITALS AND WELLNESS CENTERS,909 EAST SNYDER AVENUE,MONTPELIER,OH,43543,WILLIAMS,(419) 636-1131,,,,,,,0,1,0
361328,PROMEDICA DEFIANCE REGIONAL HOSPITAL,1200 RALSTON AVENUE,DEFIANCE,OH,43512,DEFIANCE,(419) 783-6955,Critical Access Hospitals,Voluntary Non-Profit - Private,1.0,,,,1,1,0
361329,WYANDOT MEMORIAL HOSPITAL,885 NORTH SANDUSKY AVENUE,UPPER SANDUSKY,OH,43351,WYANDOT,(419) 294-4991,Critical Access Hospitals,Government - Hospital District or Authority,1.0,,,,1,1,0
361330,HOCKING VALLEY COMMUNITY HOSPITAL,601 STATE ROUTE 664N,LOGAN,OH,43138,HOCKING,(740) 380-8000,Critical Access Hospitals,Voluntary Non-Profit - Other,1.0,,,,1,1,0
361331,ADENA FAYETTE MEDICAL CENTER,1430 COLUMBUS AVENUE,WASHINGTON CH,OH,43160,FAYETTE,(740) 335-1210,Critical Access Hospitals,Government - Local,1.0,,,,1,1,0
361332,HIGHLAND DISTRICT HOSPITAL,1275 NORTH HIGH STREET,HILLSBORO,OH,45133,HIGHLAND,(937) 393-6100,Critical Access Hospitals,Government - Hospital District or Authority,1.0,,,,1,1,0
361333,FULTON COUNTY HEALTH CENTER,725 SOUTH SHOOP AVENUE,WAUSEON,OH,43567,FULTON,(419) 335-2015,Critical Access Hospitals,Voluntary Non-Profit - Private,1.0,,,,1,1,0
361334,ADENA PIKE MEDICAL CENTER,100 DAWN LANE,WAVERLY,OH,45690,PIKE,(740) 947-2186,Critical Access Hospitals,Voluntary Non-Profit - Private,1.0,,,,1,1,0
361335,WAYNE HOSPITAL,835 SWEITZER ST,GREENVILLE,OH,45331,DARKE,(937) 548-1141,,,,,,,0,1,0
363300,CINCINNATI CHILDREN'S HOSPITAL MEDICAL CENTER,3333 BURNET AVENUE,CINCINNATI,OH,45229,HAMILTON,(513) 636-3333,,,,,,,0,1,0
363302,RAINBOW BABIES AND CHILDRENS HOSPITAL,11100 EUCLID AVENUE,CLEVELAND,OH,44106,CUYAHOGA,(216) 844-1000,,,,,,,0,1,0
363303,AKRON CHILDREN'S HOSPITAL,1 PERKINS SQUARE,AKRON,OH,44308,SUMMIT,(330) 543-8290,,,,,,,0,1,0
363304,CLEVELAND CLINIC CHILDREN'S HOSPITAL FOR REHAB,"2801 MARTIN LUTHER KING, JR DRIVE",CLEVELAND,OH,44104,CUYAHOGA,(216) 448-6400,,,,,,,0,1,0
363305,NATIONWIDE CHILDREN'S HOSPITAL,700 CHILDREN'S DRIVE,COLUMBUS,OH,43205,FRANKLIN,(614) 722-2000,,,,,,,0,1,0
363306,DAYTON CHILDRENS HOSPITAL,1 CHILDRENS PLZ,DAYTON,OH,45404,MONTGOMERY,(937) 641-5509,,,,,,,0,1,0
363308,SHRINERS HOSPITALS FOR CHILDREN,"1 CHILDREN'S PLAZA, 2 WEST",DAYTON,OH,45404,MONTGOMERY,(513) 872-6000,,,,,,,0,1,0
363309,"NATIONWIDE CHILDREN'S HOSPITAL TOLEDO, LLC",2213 CHERRY STREET,TOLEDO,OH,43608,LUCAS,(419) 251-3232,,,,,,,0,1,0
370001,HILLCREST MEDICAL CENTER,1120 SOUTH UTICA AVENUE,TULSA,OK,74104,TULSA,(918) 579-1000,Acute Care Hospitals,Voluntary Non-Profit - Other,1.0,,,,1,1,0
370002,ALLIANCEHEALTH WOODWARD,900 17TH STREET,WOODWARD,OK,73801,WOODWARD,(580) 256-5511,Acute Care Hospitals,Proprietary,1.0,,,,1,1,0
370004,INTEGRIS MIAMI HOSPITAL,200 SECOND AVENUE SOUTHWEST,MIAMI,OK,74355,OTTAWA,(918) 542-6611,Acute Care Hospitals,Voluntary Non-Profit - Other,1.0,,,,1,1,0
370006,INTEGRIS HEALTH PONCA CITY,1900 NORTH 14TH STREET,PONCA CITY,OK,74601,KAY,(580) 765-3321,Acute Care Hospitals,Proprietary,1.0,,,,1,1,0
370007,NEWMAN MEMORIAL HOSPITAL,905 SOUTH MAIN STREET,SHATTUCK,OK,73858,ELLIS,5809382551,Acute Care Hospitals,Government - Hospital District or Authority,1.0,,,,1,0,0
370008,NORMAN REGIONAL,3300 HEALTHPLEX PKWY,NORMAN,OK,73072,CLEVELAND,(405) 307-1050,Acute Care Hospitals,Government - Local,1.0,,,,1,1,0
370011,MERCY HOSPITAL EL RENO,2115 PARK VIEW DRIVE,EL RENO,OK,73036,CANADIAN,4052622640,Acute Care Hospitals,Government - Local,1.0,,,,1,0,0
370013,"MERCY HOSPITAL OKLAHOMA CITY, INC",4300 WEST MEMORIAL ROAD,OKLAHOMA CITY,OK,73120,OKLAHOMA,(405) 755-1515,Acute Care Hospitals,Voluntary Non-Profit - Church,1.0,,,,1,1,0
370014,ALLIANCEHEALTH DURANT,1800 UNIVERSITY BOULEVARD,DURANT,OK,74702,BRYAN,(405) 924-3080,Acute Care Hospitals,Proprietary,1.0,,,,1,1,0
370015,HILLCREST HOSPITAL PRYOR,111 NORTH BAILEY STREET,PRYOR,OK,74361,MAYES,(918) 825-1600,Acute Care Hospitals,Voluntary Non-Profit - Other,1.0,,,,1,1,0
370016,INTEGRIS HEALTH ENID HOSPITAL,600 SOUTH MONROE,ENID,OK,73701,GARFIELD,(580) 233-2300,Acute Care Hospitals,Voluntary Non-Profit - Private,1.0,,,,1,1,0
370018,ASCENSION ST JOHN JANE PHILLIPS,3500 EAST FRANK PHILLIPS BOULEVARD,BARTLESVILLE,OK,74006,WASHINGTON,(918) 333-7200,Acute Care Hospitals,Voluntary Non-Profit - Church,0.0,,,,1,1,0
370019,GREAT PLAINS REGIONAL MEDICAL CENTER,1801 WEST 3RD STREET,ELK CITY,OK,73644,BECKHAM,(580) 225-2511,Acute Care Hospitals,Voluntary Non-Profit - Private,1.0,,,,1,1,0
370020,MERCY HOSPITAL ADA,430 NORTH MONTE VISTA,ADA,OK,74820,PONTOTOC,(580) 332-2323,Acute Care Hospitals,Voluntary Non-Profit - Private,1.0,,,,1,1,0
370022,JACKSON COUNTY MEMORIAL HOSPITAL AUTHORITY,1200 EAST PECAN ST,ALTUS,OK,73521,JACKSON,(580) 379-5500,Acute Care Hospitals,Government - Hospital District or Authority,0.0,,,,1,1,0
370023,"DUNCAN REGIONAL HOSPITAL, INC",1407 WHISENANT DRIVE,DUNCAN,OK,73533,STEPHENS,(580) 252-5300,Acute Care Hospitals,Proprietary,0.0,,,,1,1,0
370025,SAINT FRANCIS HOSPITAL MUSKOGEE,300 ROCKEFELLER DRIVE,MUSKOGEE,OK,74401,MUSKOGEE,(918) 682-5501,Acute Care Hospitals,Government - Hospital District or Authority,1.0,,,,1,1,0
370026,ST MARY'S REGIONAL MEDICAL CENTER,305 SOUTH 5TH STREET,ENID,OK,73701,GARFIELD,(580) 233-6100,Acute Care Hospitals,Proprietary,1.0,,,,1,1,0
370028,"INTEGRIS BAPTIST MEDICAL CENTER, INC",3300 NORTHWEST EXPRESSWAY,OKLAHOMA CITY,OK,73112,OKLAHOMA,(405) 949-3011,Acute Care Hospitals,Voluntary Non-Profit - Private,1.0,,,,1,1,0
370029,INTEGRIS CLINTON REGIONAL HOSPITAL,100 NORTH 30TH STREET,CLINTON,OK,73601,CUSTER,5803232363,Acute Care Hospitals,Government - Local,1.0,,,,1,0,0
370030,INTEGRIS BLACKWELL REGIONAL HOSPITAL,710 SOUTH 13TH STREET,BLACKWELL,OK,74631,KAY,5803632311,Acute Care Hospitals,Voluntary Non-Profit - Private,1.0,,,,1,0,0
370032,DEACONESS HOSPITAL,5501 NORTH PORTLAND AVENUE,OKLAHOMA CITY,OK,73112,OKLAHOMA,4056046109,Acute Care Hospitals,Proprietary,1.0,,,,1,0,0
370034,MCALESTER REGIONAL HEALTH CENTER,ONE CLARK BASS BOULEVARD,MCALESTER,OK,74501,PITTSBURG,(918) 426-1800,Acute Care Hospitals,Voluntary Non-Profit - Other,1.0,,,,1,1,0
370036,HARMON MEMORIAL HOSPITAL,400 EAST CHESTNUT STREET,HOLLIS,OK,73550,HARMON,5806883363,Acute Care Hospitals,Voluntary Non-Profit - Other,1.0,,,,1,0,0
370037,SSM HEALTH ST ANTHONY HOSPITAL - OKLAHOMA CITY,1000 NORTH LEE AVENUE,OKLAHOMA CITY,OK,73101,OKLAHOMA,(405) 272-7000,Acute Care Hospitals,Voluntary Non-Profit - Church,1.0,,,,1,1,0
370039,HILLCREST HOSPITAL CLAREMORE,1202 N MUSKOGEE PLACE,CLAREMORE,OK,74017,ROGERS,(918) 341-2556,Acute Care Hospitals,Proprietary,0.0,,,,1,1,0
370040,EASTERN OKLAHOMA MEDICAL CENTER,105 WALL STREET,POTEAU,OK,74953,LE FLORE,9186478161,Acute Care Hospitals,Voluntary Non-Profit - Other,1.0,,,,1,0,0
370041,BRISTOW MEDICAL CENTER,700 W. 7TH,BRISTOW,OK,74010,CREEK,9183672215,Acute Care Hospitals,Proprietary,1.0,,,,1,0,0
370047,"MERCY HOSPITAL ARDMORE, INC",1011 14TH AVE NW,ARDMORE,OK,73401,CARTER,(580) 223-5400,Acute Care Hospitals,Voluntary Non-Profit - Private,1.0,,,,1,1,0
370048,MCCURTAIN MEMORIAL HOSPITAL,1301 LINCOLN ROAD,IDABEL,OK,74745,MCCURTAIN,5802867623,Acute Care Hospitals,Voluntary Non-Profit - Private,1.0,,,,1,0,0
370049,STILLWATER MEDICAL CENTER,1323 WEST 6TH STREET,STILLWATER,OK,74076,PAYNE,(405) 372-1480,Acute Care Hospitals,Government - Hospital District or Authority,1.0,,,,1,1,0
370051,MEMORIAL HOSPITAL & PHYSICIAN GROUP,319 EAST JOSEPHINE,FREDERICK,OK,73542,TILLMAN,5803357565,Acute Care Hospitals,Voluntary Non-Profit - Other,1.0,,,,1,0,0
370054,GRADY MEMORIAL HOSPITAL,2220 IOWA STREET,CHICKASHA,OK,73018,GRADY,(405) 224-2300,Acute Care Hospitals,Voluntary Non-Profit - Other,1.0,,,,1,1,0
370056,COMANCHE COUNTY MEMORIAL HOSPITAL,3401 WEST GORE BLVD,LAWTON,OK,73505,COMANCHE,(580) 355-8620,Acute Care Hospitals,Government - Hospital District or Authority,1.0,,,,1,1,0
370057,MUSCOGEE (CREEK) NATION MEDICAL CENTER,1401 MORRIS DRIVE,OKMULGEE,OK,74447,OKMULGEE,(918) 756-4233,Acute Care Hospitals,Voluntary Non-Profit - Private,1.0,,,,1,1,0
370065,CRAIG GENERAL HOSPITAL,735 NORTH FOREMAN,VINITA,OK,74301,CRAIG,9182567551,Acute Care Hospitals,Voluntary Non-Profit - Other,1.0,,,,1,0,0
370072,LATIMER COUNTY GENERAL HOSPITAL,806 STATE HIGHWAY 2 NORTH,WILBURTON,OK,74578,LATIMER,9184652391,Acute Care Hospitals,Voluntary Non-Profit - Other,1.0,,,,1,0,0
370078,OKLAHOMA STATE UNIVERSITY MEDICAL CENTER,744 WEST 9TH STREET,TULSA,OK,74127,TULSA,(918) 599-1000,Acute Care Hospitals,Proprietary,1.0,,,,1,1,0
370080,SHARE MEMORIAL HOSPITAL,800 SHARE DRIVE,ALVA,OK,73717,WOODS,5803272800,Acute Care Hospitals,Government - Local,1.0,,,,1,0,0
370083,PUSHMATAHA HOSPITAL,510 EAST MAIN STREET,ANTLERS,OK,74523,PUSHMATAHA,(580) 298-3341,Acute Care Hospitals,Government - Hospital District or Authority,1.0,,,,1,1,0
370089,NORTHEASTERN HEALTH SYSTEM,1400 EAST DOWNING STREET,TAHLEQUAH,OK,74465,CHEROKEE,(918) 456-0641,Acute Care Hospitals,Government - Hospital District or Authority,1.0,,,,1,1,0
370091,"SAINT FRANCIS HOSPITAL, INC",6161 SOUTH YALE,TULSA,OK,74136,TULSA,(918) 494-8467,Acute Care Hospitals,Voluntary Non-Profit - Other,1.0,,,,1,1,0
370093,O U MEDICAL CENTER,700 NE 13TH STREET,OKLAHOMA CITY,OK,73104,OKLAHOMA,(405) 271-5911,Acute Care Hospitals,Proprietary,1.0,,,,1,1,0
370094,SSM HEALTH ST ANTHONY HOSPITAL - MIDWEST,2825 PARKLAWN DRIVE,MIDWEST CITY,OK,73110,OKLAHOMA,(405) 610-4411,Acute Care Hospitals,Proprietary,1.0,,,,1,1,0
370097,SOUTHWESTERN MEDICAL CENTER,5602 SOUTHWEST LEE BOULEVARD,LAWTON,OK,73505,COMANCHE,(405) 531-4701,Acute Care Hospitals,Proprietary,1.0,,,,1,1,0
370099,HILLCREST HOSPITAL CUSHING,1027 EAST CHERRY STREET,CUSHING,OK,74023,PAYNE,(918) 225-8152,Acute Care Hospitals,Proprietary,1.0,,,,1,1,0
370100,CHOCTAW MEMORIAL HOSPITAL,1405 EAST KIRK ROAD,HUGO,OK,74743,CHOCTAW,(580) 317-9500,Acute Care Hospitals,Voluntary Non-Profit - Other,1.0,,,,1,1,0
370103,"SAYRE MEMORIAL HOSPITAL, INC",911 HOSPITAL DRIVE,SAYRE,OK,73662,BECKHAM,5809285541,Acute Care Hospitals,Government - Hospital District or Authority,1.0,,,,1,0,0
370106,INTEGRIS SOUTHWEST MEDICAL CENTER,4401 SOUTH WESTERN AVENUE,OKLAHOMA CITY,OK,73109,OKLAHOMA,(405) 636-7000,Acute Care Hospitals,Voluntary Non-Profit - Private,1.0,,,,1,1,0
370112,SEQUOYAH COUNTY-CITY OF SALLISAW HOSPITAL AUTHORIT,213 EAST REDWOOD,SALLISAW,OK,74955,SEQUOYAH,(918) 774-1100,Acute Care Hospitals,Voluntary Non-Profit - Other,1.0,,,,1,1,0
370113,INTEGRIS GROVE HOSPITAL,1001 EAST 18TH STREET,GROVE,OK,74344,DELAWARE,(918) 786-2243,Acute Care Hospitals,Voluntary Non-Profit - Other,1.0,,,,1,1,0
370114,ASCENSION ST JOHN MEDICAL CENTER,1923 SOUTH UTICA AVENUE,TULSA,OK,74104,TULSA,(918) 744-2296,Acute Care Hospitals,Voluntary Non-Profit - Church,1.0,,,,1,1,0
37012F,MUSKOGEE VA MEDICAL CENTER,1011 HONOR HEIGHTS DRIVE,MUSKOGEE,OK,74401,MUSKOGEE,(918) 577-3000,ACUTE CARE - VETERANS ADMINISTRATION,Government - Federal,1.0,,,,1,1,0
370138,MEMORIAL HOSPITAL OF TEXAS COUNTY,520 MEDICAL DRIVE,GUYMON,OK,73942,TEXAS,5803386515,Acute Care Hospitals,Government - Local,1.0,,,,1,0,0
370139,PERRY MEMORIAL HOSPITAL,501 FOURTEENTH STREET,PERRY,OK,73077,NOBLE,5803363541,Acute Care Hospitals,Government - Hospital District or Authority,1.0,,,,1,0,0
370149,SSM HEALTH ST ANTHONY HOSPITAL - SHAWNEE,1102 W MACARTHUR,SHAWNEE,OK,74801,POTTAWATOMIE,(405) 273-2270,Acute Care Hospitals,Voluntary Non-Profit - Other,1.0,,,,1,1,0
37014F,OKLAHOMA CITY VA MEDICAL CENTER,921 NE 13TH STREET,OKLAHOMA CITY,OK,73104,OKLAHOMA,(405) 270-0501,ACUTE CARE - VETERANS ADMINISTRATION,Government - Federal,1.0,,,,1,1,0
370153,ELKVIEW GENERAL HOSPITAL,429 WEST ELM STREET,HOBART,OK,73651,KIOWA,5807263324,Acute Care Hospitals,Government - Hospital District or Authority,1.0,,,,1,0,0
370156,PAULS VALLEY GENERAL HOSPITAL,100 VALLEY DRIVE,PAULS VALLEY,OK,73075,GARVIN,4052385501,Acute Care Hospitals,Government - Hospital District or Authority,1.0,,,,1,0,0
370158,PURCELL MUNICIPAL HOSPITAL,1500 NORTH GREEN AVENUE,PURCELL,OK,73080,MCCLAIN,(405) 527-6524,Acute Care Hospitals,Government - Hospital District or Authority,1.0,,,,1,1,0
370166,WAGONER COMMUNITY HOSPITAL,1200 WEST CHEROKEE STREET,WAGONER,OK,74467,WAGONER,(918) 485-5514,Acute Care Hospitals,Government - Hospital District or Authority,1.0,,,,1,1,0
370169,EPIC MEDICAL CENTER,1 HOSPITAL DRIVE,EUFAULA,OK,74432,MCINTOSH,9186892535,Acute Care Hospitals,Government - Federal,1.0,,,,1,0,0
370170,LAWTON INDIAN HOSPITAL,1515 LAWRIE TATUM ROAD,LAWTON,OK,73507,COMANCHE,(580) 353-0350,Acute Care Hospitals,Government - Federal,1.0,,,,1,1,0
370171,CHEROKEE NATION W W HASTINGS INDIAN HOSPITAL,100 S BLISS AVENUE,TAHLEQUAH,OK,74464,CHEROKEE,(918) 458-3100,Acute Care Hospitals,Government - Federal,1.0,,,,1,1,0
370172,CHOCTAW NATION HEALTH SERVICES AUTHORITY,1 CHOCTAW WAY,TALIHINA,OK,74571,LATIMER,(918) 567-7000,Acute Care Hospitals,Government - Federal,1.0,,,,1,1,0
370173,CLAREMORE INDIAN HOSPITAL,101 SOUTH MOORE AVE,CLAREMORE,OK,74017,ROGERS,(918) 341-8430,Acute Care Hospitals,Government - Federal,1.0,,,,1,1,0
370178,MEMORIAL HOSPITAL,1401 WEST LOCUST,STILWELL,OK,74960,ADAIR,(918) 696-3101,Acute Care Hospitals,Government - Federal,1.0,,,,1,1,0
370180,CHICKASAW NATION MEDICAL CENTER,1921 STONECIPHER BLVD,ADA,OK,74820,PONTOTOC,(580) 436-3980,Acute Care Hospitals,Government - Local,1.0,,,,1,1,0
370183,HILLCREST HOSPITAL HENRYETTA,2401 W MAIN,HENRYETTA,OK,74437,OKMULGEE,(918) 650-1511,Acute Care Hospitals,Government - State,1.0,,,,1,1,0
370190,SOUTHWESTERN REGIONAL MEDICAL CENTER,10109 EAST 79TH STREET SOUTH,TULSA,OK,74133,TULSA,9184965000,Acute Care Hospitals,Proprietary,1.0,,,,1,0,0
370192,NORTHWEST SURGICAL HOSPITAL,9204 NORTH MAY AVENUE,OKLAHOMA CITY,OK,73120,OKLAHOMA,(405) 848-1918,Acute Care Hospitals,Proprietary,0.0,,,,1,1,0
370199,"LAKESIDE WOMEN'S HOSPITAL, A MEMBER OF INTEGRIS HE",11200 NORTH PORTLAND AVENUE,OKLAHOMA CITY,OK,73120,OKLAHOMA,(405) 936-1500,Acute Care Hospitals,Proprietary,1.0,,,,1,1,0
370201,SURGICAL HOSPITAL OF OKLAHOMA,100 SOUTHEAST 59TH STREET,OKLAHOMA CITY,OK,73129,OKLAHOMA,(405) 634-9300,Acute Care Hospitals,Proprietary,1.0,,,,1,1,0
370202,HILLCREST HOSPITAL SOUTH,8801 SOUTH 101ST EAST AVENUE,TULSA,OK,74133,TULSA,(918) 294-4499,Acute Care Hospitals,Proprietary,1.0,,,,1,1,0
370203,"COMMUNITY HOSPITAL, LLC",3100 SOUTHWEST 89TH STREET,OKLAHOMA CITY,OK,73159,OKLAHOMA,(405) 602-8100,Acute Care Hospitals,Proprietary,1.0,,,,1,1,0
370206,OKLAHOMA SPINE HOSPITAL,14101 PARKWAY COMMONS DRIVE,OKLAHOMA CITY,OK,73134,OKLAHOMA,(405) 749-2700,Acute Care Hospitals,Proprietary,1.0,,,,1,1,0
370210,"OKLAHOMA SURGICAL HOSPITAL, LLC","2408 EAST 81ST STREET, SUITE 300",TULSA,OK,74137,TULSA,(918) 477-5000,Acute Care Hospitals,Proprietary,1.0,,,,1,1,0
370211,INTEGRIS CANADIAN VALLEY HOSPITAL,1201 HEALTH CENTER PARKWAY,YUKON,OK,73099,CANADIAN,(405) 717-6800,Acute Care Hospitals,Voluntary Non-Profit - Other,1.0,,,,1,1,0
370212,OKLAHOMA CENTER FOR ORTHOPAEDIC & MULTI-SP,8100 SOUTH WALKER BLDG C,OKLAHOMA CITY,OK,73139,OKLAHOMA,(405) 602-6500,Acute Care Hospitals,Proprietary,0.0,,,,1,1,0
370214,LINDSAY MUNICIPAL HOSPITAL,1305 W CHEROKEE STREET - HIGHWAY 19 WEST,LINDSAY,OK,73052,GARVIN,(405) 756-1404,Acute Care Hospitals,Government - Hospital District or Authority,1.0,,,,1,1,0
370215,"OKLAHOMA HEART HOSPITAL, LLC",4050 WEST MEMORIAL ROAD,OKLAHOMA CITY,OK,73120,OKLAHOMA,(405) 608-3200,Acute Care Hospitals,Proprietary,1.0,,,,1,1,0
370216,TULSA SPINE & SPECIALTY HOSPITAL,6901 SOUTH OLYMPIA AVENUE,TULSA,OK,74132,TULSA,(918) 388-5701,Acute Care Hospitals,Voluntary Non-Profit - Private,1.0,,,,1,1,0
370218,"SAINT FRANCIS HOSPITAL SOUTH, LLC",10501 EAST 91ST STREET SOUTH,TULSA,OK,74133,TULSA,(918) 307-6010,Acute Care Hospitals,Proprietary,1.0,,,,1,1,0
370220,ONECORE HEALTH,100 NE 85TH STREET,OKLAHOMA CITY,OK,73114,OKLAHOMA,(405) 631-3085,Acute Care Hospitals,Government - Federal,1.0,,,,1,1,0
370222,MCBRIDE ORTHOPEDIC HOSPITAL,9600 NORTH BROADWAY EXTENSION,OKLAHOMA CITY,OK,73114,OKLAHOMA,(405) 486-2100,Acute Care Hospitals,Proprietary,1.0,,,,1,1,0
370225,"SUMMIT MEDICAL CENTER, LLC",1800 SOUTH RENAISSANCE BOULEVARD,EDMOND,OK,73034,OKLAHOMA,(405) 359-2400,Acute Care Hospitals,Proprietary,1.0,,,,1,1,0
370227,ST JOHN OWASSO,12451 EAST 100TH STREET NORTH,OWASSO,OK,74055,TULSA,(918) 274-5100,Acute Care Hospitals,Voluntary Non-Profit - Private,1.0,,,,1,1,0
370228,"BAILEY MEDICAL CENTER, LLC",10502 NORTH 110TH EAST AVENUE,OWASSO,OK,74055,TULSA,(918) 376-8500,Acute Care Hospitals,Government - Local,1.0,,,,1,1,0
370229,INTEGRIS SEMINOLE MEDICAL CENTER,2401 WRANGLER BOULEVARD,SEMINOLE,OK,74868,SEMINOLE,4053034000,Acute Care Hospitals,Government - Federal,1.0,,,,1,0,0
370232,MUSKOGEE COMMUNITY HOSPITAL,2900 NORTH MAIN STREET,MUSKOGEE,OK,74402,MUSKOGEE,9186877777,Acute Care Hospitals,Proprietary,1.0,,,,1,0,0
370233,PINNACLE SPECIALTY HOSPITAL,"2408 EAST 81ST STREET, SUITE 600",TULSA,OK,74137,TULSA,9183922780,Acute Care Hospitals,Proprietary,1.0,,,,1,0,0
370234,"OKLAHOMA HEART HOSPITAL SOUTH, LLC",5200 EAST I-240 SERVICE ROAD,OKLAHOMA CITY,OK,73135,OKLAHOMA,(405) 628-6000,Acute Care Hospitals,Proprietary,1.0,,,,1,1,0
370235,ASCENSION ST JOHN BROKEN ARROW,1000 WEST BOISE CIRCLE,BROKEN ARROW,OK,74012,TULSA,(918) 994-8100,Acute Care Hospitals,Proprietary,1.0,,,,1,1,0
370236,INTEGRIS HEALTH EDMOND HOSPITAL,4801 INTEGRIS PARKWAY,EDMOND,OK,73034,OKLAHOMA,(405) 657-3000,Acute Care Hospitals,Voluntary Non-Profit - Private,1.0,,,,1,1,0
370237,"SAINT FRANCIS HOSPITAL VINITA, INC",735 NORTH FOREMAN STREET,VINITA,OK,74301,CRAIG,(918) 256-7551,,,,,,,0,1,0
370240,INTEGRIS COMMUNITY HOSPITAL - COUNCIL CROSSING,9417 N COUNCIL ROAD,OKLAHOMA CITY,OK,73162,OKLAHOMA,(405) 550-3280,,,,,,,0,1,0
370243,VALLEY COMMUNITY HOSPITAL,100 VALLEY DRIVE,PAULS VALLEY,OK,73075,GARVIN,(405) 866-5100,,,,,,,0,1,0
370244,COUNCIL OAK COMPREHENSIVE HEALTHCARE,10109 E 79TH ST,TULSA,OK,74133,TULSA,(918) 940-7543,,,,,,,0,1,0
370245,CLINTON REGIONAL HOSPITAL,100 N 30TH STREET,CLINTON,OK,73601,CUSTER,(580) 323-0346,,,,,,,0,1,0
370246,CARRUS LAKESIDE HOSPITAL,700 WEST 7TH STREET,BRISTOW,OK,74010,CREEK,(918) 367-2215,,,,,,,0,1,0
370247,EXCEPTIONAL COMMUNITY HOSPITAL ARDMORE,1641 WOERZ WAY,ARDMORE,OK,73401,CARTER,(469) 341-7800,,,,,,,0,1,0
370779,STILLWATER MEDICAL - PERRY,501 N 14TH ST,PERRY,OK,73077,NOBLE,(580) 336-3541,,,,,,,0,1,0
370780,STILLWATER MEDICAL-BLACKWELL,710 S 13TH STREET,BLACKWELL,OK,74631,KAY,(580) 363-2311,,,,,,,0,1,0
370781,HARPER COUNTY COMMUNITY HOSPITAL,1003 US HIGHWAY 64 NORTH,BUFFALO,OK,73834,HARPER,(580) 735-2555,,,,,,,0,1,0
370783,ELKVIEW GENERAL HOSPITAL,429 WEST ELM STREET,HOBART,OK,73651,KIOWA,(580) 726-3324,,,,,,,0,1,0
371300,ATOKA COUNTY MEDICAL CENTER,1590 WEST LIBERTY ROAD,ATOKA,OK,74525,ATOKA,(580) 889-3333,Critical Access Hospitals,Government - Hospital District or Authority,1.0,,,,1,1,0
371301,PRAGUE REGIONAL MEMORIAL HOSPITAL,1322 KLABZUBA AVENUE,PRAGUE,OK,74864,LINCOLN,(405) 567-4922,Critical Access Hospitals,Voluntary Non-Profit - Private,1.0,,,,1,1,0
371302,"MERCY HOSPITAL WATONGA, INC",500 NORTH CLARENCE NASH BOULEVARD,WATONGA,OK,73772,BLAINE,(580) 623-7211,Critical Access Hospitals,Government - Hospital District or Authority,1.0,,,,1,1,0
371303,ROGER MILLS MEMORIAL HOSPITAL,501 SOUTH L L MALES AVENUE,CHEYENNE,OK,73628,ROGER MILLS,(580) 497-3336,Critical Access Hospitals,Government - Hospital District or Authority,1.0,,,,1,1,0
371304,MERCY HOSPITAL TISHOMINGO INC,1000 SOUTH BYRD ST,TISHOMINGO,OK,73460,JOHNSTON,(580) 371-2327,Critical Access Hospitals,Voluntary Non-Profit - Private,1.0,,,,1,1,0
371305,ASCENSION ST JOHN NOWATA,237 SOUTH LOCUST STREET,NOWATA,OK,74048,NOWATA,(918) 273-3102,Critical Access Hospitals,Government - Federal,1.0,,,,1,1,0
371306,MERCY HOSPITAL MARIETTA,300 WANDA STREET,MARIETTA,OK,73448,LOVE,(580) 276-3347,Critical Access Hospitals,Government - Local,1.0,,,,1,1,0
371307,CIMARRON MEMORIAL HOSPITAL,100 SOUTH ELLIS,BOISE CITY,OK,73933,CIMARRON,(580) 544-2501,Critical Access Hospitals,Government - Local,1.0,,,,1,1,0
371309,"PAWHUSKA HOSPITAL, INC",1101 EAST 15TH STREET,PAWHUSKA,OK,74056,OSAGE,(918) 287-3232,Critical Access Hospitals,Proprietary,1.0,,,,1,1,0
371310,"MERCY HOSPITAL HEALDTON, INC.",3462 HOSPITAL RD,HEALDTON,OK,73438,CARTER,(580) 229-0701,Critical Access Hospitals,Voluntary Non-Profit - Private,1.0,,,,1,1,0
371311,JEFFERSON COUNTY HOSPITAL,INTERSECTION HYWS 81 & 70,WAURIKA,OK,73573,JEFFERSON,(580) 228-2344,Critical Access Hospitals,Government - Hospital District or Authority,1.0,,,,1,1,0
371312,ASCENSION ST JOHN SAPULPA,1004 EAST BRYAN,SAPULPA,OK,74066,CREEK,(918) 224-4280,Critical Access Hospitals,Voluntary Non-Profit - Private,1.0,,,,1,1,0
371313,"MERCY HOSPITAL KINGFISHER, INC",1000 HOSPITAL DRIVE,KINGFISHER,OK,73750,KINGFISHER,(405) 375-3141,Critical Access Hospitals,Voluntary Non-Profit - Private,1.0,,,,1,1,0
371314,THE PHYSICIANS' HOSPITAL IN ANADARKO,1002 E CENTRAL BLVD,ANADARKO,OK,73005,CADDO,(405) 247-8236,Critical Access Hospitals,Proprietary,1.0,,,,1,1,0
371316,RURAL WELLNESS STROUD HOSPITAL,2308 HIGHWAY 66 WEST,STROUD,OK,74079,LINCOLN,(918) 968-3571,Critical Access Hospitals,Government - Federal,1.0,,,,1,1,0
371317,MERCY HOSPITAL LOGAN COUNTY,200 S ACADEMY RD,GUTHRIE,OK,73044,LOGAN,(405) 282-6700,Critical Access Hospitals,Government - Hospital District or Authority,1.0,,,,1,1,0
371318,RURAL WELLNESS FAIRFAX HOSPITAL,40 HOSPITAL ROAD,FAIRFAX,OK,74637,OSAGE,(918) 642-3291,Critical Access Hospitals,Proprietary,1.0,,,,1,1,0
371319,"COAL COUNTY GENERAL HOSPITAL, INC.",6 NORTH COVINGTON,COALGATE,OK,74538,COAL,(580) 927-2327,Critical Access Hospitals,Voluntary Non-Profit - Private,1.0,,,,1,1,0
371320,CLEVELAND AREA HOSPITAL,1401 WEST PAWNEE,CLEVELAND,OK,74020,PAWNEE,(918) 358-2501,Critical Access Hospitals,Government - Hospital District or Authority,1.0,,,,1,1,0
371321,HOLDENVILLE GENERAL HOSPITAL,100 MCDOUGAL DRIVE,HOLDENVILLE,OK,74848,HUGHES,(405) 379-4200,Critical Access Hospitals,Government - Hospital District or Authority,1.0,,,,1,1,0
371322,BEAVER COUNTY MEMORIAL HOSPITAL,212 EAST 8TH STREET,BEAVER,OK,73932,BEAVER,(580) 625-4551,Critical Access Hospitals,Government - Hospital District or Authority,1.0,,,,1,1,0
371323,"WEATHERFORD REGIONAL HOSPITAL, INC OF WEATHERFORD",3701 E MAIN,WEATHERFORD,OK,73096,CUSTER,(580) 772-5551,Critical Access Hospitals,Government - Hospital District or Authority,1.0,,,,1,1,0
371324,HARPER COUNTY COMMUNITY HOSPITAL,1003 US HIGHWAY 64 NORTH,BUFFALO,OK,73834,HARPER,5807352555,Critical Access Hospitals,Voluntary Non-Profit - Other,1.0,,,,1,0,0
371325,CORDELL MEMORIAL HOSPITAL,1220 NORTH GLENN ENGLISH STREET,CORDELL,OK,73632,WASHITA,(580) 832-3339,Critical Access Hospitals,Government - Hospital District or Authority,1.0,,,,1,1,0
371326,ALLIANCEHEALTH MADILL,901 S 5TH AVE,MADILL,OK,73446,MARSHALL,(580) 795-3384,Critical Access Hospitals,Government - Federal,1.0,,,,1,1,0
371327,OKEENE MUNICIPAL HOSPITAL,207 EAST F STREET,OKEENE,OK,73763,BLAINE,(580) 822-4417,Critical Access Hospitals,Government - Hospital District or Authority,1.0,,,,1,1,0
371328,ARBUCKLE MEMORIAL HOSPITAL,2011 WEST BROADWAY,SULPHUR,OK,73086,MURRAY,(580) 622-2161,Critical Access Hospitals,Voluntary Non-Profit - Other,1.0,,,,1,1,0
371329,FAIRVIEW REGIONAL MEDICAL CENTER AUTHORITY,523 EAST STATE ROAD,FAIRVIEW,OK,73737,MAJOR,(580) 227-3721,Critical Access Hospitals,Government - Hospital District or Authority,1.0,,,,1,1,0
371330,MANGUM REGIONAL MEDICAL CENTER,1 WICKERSHAM DRIVE,MANGUM,OK,73554,GREER,(580) 782-3353,Critical Access Hospitals,Proprietary,1.0,,,,1,1,0
371331,DRUMRIGHT REGIONAL HOSPITAL,610 WEST BYPASS,DRUMRIGHT,OK,74030,CREEK,(918) 382-2300,Critical Access Hospitals,Proprietary,1.0,,,,1,1,0
371332,SEILING MUNICIPAL HOSPITAL,809 NE HIGHWAY 60,SEILING,OK,73663,DEWEY,(580) 922-7361,Critical Access Hospitals,Proprietary,1.0,,,,1,1,0
371333,CREEK NATION COMMUNITY HOSPITAL,1800 E COPLIN,OKEMAH,OK,74859,OKFUSKEE,(918) 623-1424,Critical Access Hospitals,Government - Federal,1.0,,,,1,1,0
371334,CARNEGIE TRI-COUNTY MUNICIPAL HOSPITAL,102 NORTH BROADWAY,CARNEGIE,OK,73015,CADDO,(580) 654-1050,Critical Access Hospitals,Government - Hospital District or Authority,1.0,,,,1,1,0
371335,"HASKELL REGIONAL HOSPITAL, INC",401 NORTHWEST H STREET,STIGLER,OK,74462,HASKELL,(918) 967-4682,Critical Access Hospitals,Government - Hospital District or Authority,1.0,,,,1,1,0
371336,NEWMAN MEMORIAL HOSPITAL,905 SOUTH MAIN STREET,SHATTUCK,OK,73858,ELLIS,(580) 938-2551,,,,,,,0,1,0
371337,EASTERN OKLAHOMA MEDICAL CENTER,105 WALL STREET,POTEAU,OK,74953,LE FLORE,(918) 647-8161,,,,,,,0,1,0
371338,HARMON MEMORIAL HOSPITAL,400 EAST CHESTNUT STREET,HOLLIS,OK,73550,HARMON,(580) 688-3363,,,,,,,0,1,0
371340,MEMORIAL HOSPITAL OF TEXAS COUNTY AUTHORITY,520 MEDICAL DRIVE,GUYMON,OK,73942,TEXAS,(580) 338-6515,,,,,,,0,1,0
371341,SHARE MEDICAL CENTER,800 SHARE DRIVE,ALVA,OK,73717,WOODS,(580) 430-3355,,,,,,,0,1,0
371342,MCCURTAIN MEMORIAL HOSPITAL,1301 LINCOLN ROAD,IDABEL,OK,74745,MCCURTAIN,(580) 286-7623,,,,,,,0,1,0
373300,J D MCCARTY CENTER FOR CHILDREN,2002 EAST ROBINSON,NORMAN,OK,73071,CLEVELAND,(405) 307-2800,,,,,,,0,1,0
373303,"THE CHILDREN'S CENTER, INC",6800 NW 39TH EXPRESSWAY,BETHANY,OK,73008,OKLAHOMA,(405) 789-6711,,,,,,,0,1,0
380001,MID-COLUMBIA MEDICAL CENTER,1700 E 19TH STREET,THE DALLES,OR,97058,WASCO,(541) 296-1111,Acute Care Hospitals,Voluntary Non-Profit - Other,1.0,,,,1,1,0
380002,ASANTE THREE RIVERS MEDICAL CENTER,500 SW RAMSEY AVENUE,GRANTS PASS,OR,97527,JOSEPHINE,(541) 472-7000,Acute Care Hospitals,Voluntary Non-Profit - Other,1.0,,,,1,1,0
380004,PROVIDENCE ST VINCENT MEDICAL CENTER,9205 SW BARNES ROAD,PORTLAND,OR,97225,WASHINGTON,(503) 216-1234,Acute Care Hospitals,Voluntary Non-Profit - Other,1.0,,,,1,1,0
380005,ASANTE ASHLAND COMMUNITY HOSPITAL,280 MAPLE STREET,ASHLAND,OR,97520,JACKSON,(541) 482-2441,Acute Care Hospitals,Government - Local,1.0,,,,1,1,0
380007,LEGACY EMANUEL MEDICAL CENTER,2801 N GANTENBEIN AVENUE,PORTLAND,OR,97227,MULTNOMAH,(503) 413-2200,Acute Care Hospitals,Voluntary Non-Profit - Private,1.0,,,,1,1,0
380009,OHSU HOSPITAL AND CLINICS,3181 SW SAM JACKSON PARK ROAD,PORTLAND,OR,97239,MULTNOMAH,(503) 494-9000,Acute Care Hospitals,Voluntary Non-Profit - Other,1.0,,,,1,1,0
380014,GOOD SAMARITAN REGIONAL MEDICAL CENTER,3600 NW SAMARITAN DRIVE,CORVALLIS,OR,97339,BENTON,(541) 768-5111,Acute Care Hospitals,Voluntary Non-Profit - Private,1.0,,,,1,1,0
380017,LEGACY GOOD SAMARITAN MEDICAL CENTER,"1015 NW 22ND AVENUE, W121",PORTLAND,OR,97210,MULTNOMAH,(503) 413-7682,Acute Care Hospitals,Voluntary Non-Profit - Church,1.0,,,,1,1,0
380018,ASANTE ROGUE REGIONAL MEDICAL CENTER,2825 E BARNETT ROAD,MEDFORD,OR,97504,JACKSON,(541) 789-7000,Acute Care Hospitals,Voluntary Non-Profit - Private,1.0,,,,1,1,0
380020,MCKENZIE-WILLAMETTE MEDICAL CENTER,1460 G STREET,SPRINGFIELD,OR,97477,LANE,(541) 726-4402,Acute Care Hospitals,Voluntary Non-Profit - Private,1.0,,,,1,1,0
380021,HILLSBORO MEDICAL CENTER,335 SE 8TH AVENUE,HILLSBORO,OR,97123,WASHINGTON,(503) 681-1111,Acute Care Hospitals,Voluntary Non-Profit - Private,1.0,,,,1,1,0
380022,SAMARITAN ALBANY GENERAL HOSPITAL,1046 6TH AVENUE SW,ALBANY,OR,97321,LINN,(541) 812-4000,Acute Care Hospitals,Voluntary Non-Profit - Church,1.0,,,,1,1,0
380025,LEGACY MOUNT HOOD MEDICAL CENTER,24800 SE STARK STREET,GRESHAM,OR,97030,MULTNOMAH,(503) 674-1122,Acute Care Hospitals,Voluntary Non-Profit - Private,1.0,,,,1,1,0
380027,MERCY MEDICAL CENTER,2700 NW STEWART PARKWAY,ROSEBURG,OR,97471,DOUGLAS,(541) 673-0611,Acute Care Hospitals,Government - Hospital District or Authority,1.0,,,,1,1,0
380029,LEGACY SILVERTON MEDICAL CENTER,342 FAIRVIEW STREET,SILVERTON,OR,97381,MARION,(503) 873-1500,Acute Care Hospitals,Voluntary Non-Profit - Private,1.0,,,,1,1,0
380033,SACRED HEART UNIVERSITY DISTRICT,1255 HILYARD STREET,EUGENE,OR,97401,LANE,5416867274,Acute Care Hospitals,Voluntary Non-Profit - Private,1.0,,,,1,0,0
380037,PROVIDENCE NEWBERG MEDICAL CENTER,1001 PROVIDENCE DRIVE,NEWBERG,OR,97132,YAMHILL,(503) 537-1555,Acute Care Hospitals,Voluntary Non-Profit - Church,1.0,,,,1,1,0
380038,PROVIDENCE WILLAMETTE FALLS MEDICAL CENTER,1500 DIVISION STREET,OREGON CITY,OR,97045,CLACKAMAS,(503) 656-1631,Acute Care Hospitals,Voluntary Non-Profit - Private,1.0,,,,1,1,0
38003F,PORTLAND VA MEDICAL CENTER,3710 SW US VETERANS HOSPITAL,PORTLAND,OR,97239,MULTNOMAH,(503) 220-8262,ACUTE CARE - VETERANS ADMINISTRATION,Government - Federal,1.0,,,,1,1,0
380040,ST CHARLES MEDICAL CENTER - REDMOND,1253 N CANAL BLVD,REDMOND,OR,97756,DESCHUTES,5415488131,Acute Care Hospitals,Voluntary Non-Profit - Private,1.0,,,,1,0,0
380047,ST CHARLES MEDICAL CENTER - BEND,2500 NE NEFF ROAD,BEND,OR,97701,DESCHUTES,(541) 382-4321,Acute Care Hospitals,Voluntary Non-Profit - Private,1.0,,,,1,1,0
38004F,VA ROSEBURG HEALTHCARE SYSTEM,913 NW GARDEN VALLEY BLVD.,ROSEBURG,OR,97471,DOUGLAS,(541) 440-1000,ACUTE CARE - VETERANS ADMINISTRATION,Government - Federal,1.0,,,,1,1,0
380050,SKY LAKES MEDICAL CENTER,2865 DAGGETT AVENUE,KLAMATH FALLS,OR,97601,KLAMATH,(541) 882-6311,Acute Care Hospitals,Voluntary Non-Profit - Private,1.0,,,,1,1,0
380051,SALEM HOSPITAL,"890 OAK STREET, SE",SALEM,OR,97301,MARION,(503) 561-5200,Acute Care Hospitals,Voluntary Non-Profit - Other,1.0,,,,1,1,0
380052,SAINT ALPHONSUS MEDICAL CENTER ONTARIO,351 SW 9TH STREET,ONTARIO,OR,97914,MALHEUR,(541) 881-7000,Acute Care Hospitals,Voluntary Non-Profit - Church,1.0,,,,1,1,0
380056,SANTIAM HOSPITAL & CLINICS,1401 N 10TH AVENUE,STAYTON,OR,97383,MARION,(503) 769-2175,Acute Care Hospitals,Voluntary Non-Profit - Private,1.0,,,,1,1,0
380060,ADVENTIST HEALTH PORTLAND,10123 SE MARKET STREET,PORTLAND,OR,97216,MULTNOMAH,(503) 257-2500,Acute Care Hospitals,Voluntary Non-Profit - Church,1.0,,,,1,1,0
380061,PROVIDENCE PORTLAND MEDICAL CENTER,4805 NE GLISAN STREET,PORTLAND,OR,97213,MULTNOMAH,(503) 215-1111,Acute Care Hospitals,Voluntary Non-Profit - Church,1.0,,,,1,1,0
380071,WILLAMETTE VALLEY MEDICAL CENTER,2700 SE STRATUS AVE.,MCMINNVILLE,OR,97128,YAMHILL,(503) 472-6131,Acute Care Hospitals,Voluntary Non-Profit - Private,1.0,,,,1,1,0
380075,PROVIDENCE MEDFORD MEDICAL CENTER,1111 CRATER LAKE AVENUE,MEDFORD,OR,97504,JACKSON,(541) 732-5000,Acute Care Hospitals,Voluntary Non-Profit - Church,1.0,,,,1,1,0
380082,PROVIDENCE MILWAUKIE HOSPITAL,10150 SE 32ND AVENUE,MILWAUKIE,OR,97222,CLACKAMAS,(503) 513-8300,Acute Care Hospitals,Voluntary Non-Profit - Church,1.0,,,,1,1,0
380089,LEGACY MERIDIAN PARK MEDICAL CENTER,19300 SW 65TH AVENUE,TUALATIN,OR,97062,WASHINGTON,(503) 692-1212,Acute Care Hospitals,Voluntary Non-Profit - Private,1.0,,,,1,1,0
380090,BAY AREA HOSPITAL,1775 THOMPSON ROAD,COOS BAY,OR,97420,COOS,(541) 269-8111,Acute Care Hospitals,Government - Hospital District or Authority,1.0,,,,1,1,0
380091,KAISER SUNNYSIDE MEDICAL CENTER,10180 SE SUNNYSIDE ROAD,CLACKAMAS,OR,97015,CLACKAMAS,(503) 652-2880,Acute Care Hospitals,Voluntary Non-Profit - Other,1.0,,,,1,1,0
380102,SACRED HEART MEDICAL CENTER - RIVERBEND,3333 RIVERBEND DRIVE,SPRINGFIELD,OR,97477,LANE,(541) 222-7300,Acute Care Hospitals,Voluntary Non-Profit - Private,1.0,,,,1,1,0
380103,KAISER FOUNDATION HOSPITAL WESTSIDE,2875 NW STUCKI AVE,HILLSBORO,OR,97124,WASHINGTON,(971) 310-0100,,,,,,,0,1,0
381301,PEACEHEALTH COTTAGE GROVE COMMUNITY MEDICAL CENTER,1515 VILLAGE DRIVE,COTTAGE GROVE,OR,97424,LANE,(541) 942-0511,Critical Access Hospitals,Voluntary Non-Profit - Church,1.0,,,,1,1,0
381302,SAMARITAN NORTH LINCOLN HOSPITAL,3043 NE 28TH STREET,LINCOLN CITY,OR,97367,LINCOLN,(541) 994-3661,Critical Access Hospitals,Voluntary Non-Profit - Private,1.0,,,,1,1,0
381303,PROVIDENCE SEASIDE HOSPITAL,725 S WAHANNA ROAD,SEASIDE,OR,97138,CLATSOP,(503) 717-7000,Critical Access Hospitals,Voluntary Non-Profit - Church,1.0,,,,1,1,0
381304,SOUTHERN COOS HOSPITAL & HEALTH CENTER,900 11TH STREET SE,BANDON,OR,97411,COOS,(541) 347-2426,Critical Access Hospitals,Government - Hospital District or Authority,1.0,,,,1,1,0
381305,BLUE MOUNTAIN HOSPITAL,170 FORD ROAD,JOHN DAY,OR,97845,GRANT,(541) 575-1311,Critical Access Hospitals,Government - Hospital District or Authority,1.0,,,,1,1,0
381306,WALLOWA MEMORIAL HOSPITAL,601 MEDICAL PARKWAY,ENTERPRISE,OR,97828,WALLOWA,(541) 426-3111,Critical Access Hospitals,Government - Hospital District or Authority,1.0,,,,1,1,0
381307,HARNEY DISTRICT HOSPITAL,557 W WASHINGTON STREET,BURNS,OR,97720,HARNEY,(541) 573-7281,Critical Access Hospitals,Government - Hospital District or Authority,1.0,,,,1,1,0
381308,SALEM HEALTH WEST VALLEY HOSPITAL,525 SE WASHINGTON STREET,DALLAS,OR,97338,POLK,(503) 623-8301,Critical Access Hospitals,Voluntary Non-Profit - Private,1.0,,,,1,1,0
381309,LAKE DISTRICT HOSPITAL,700 SOUTH J STREET,LAKEVIEW,OR,97630,LAKE,(541) 947-2114,Critical Access Hospitals,Government - Hospital District or Authority,1.0,,,,1,1,0
381310,PIONEER MEMORIAL HOSPITAL (HEPPNER),564 E PIONEER DRIVE,HEPPNER,OR,97836,MORROW,(541) 676-9133,Critical Access Hospitals,Government - Hospital District or Authority,1.0,,,,1,1,0
381311,LOWER UMPQUA HOSPITAL DISTRICT,600 RANCH ROAD,REEDSPORT,OR,97467,DOUGLAS,(541) 271-2171,Critical Access Hospitals,Government - Hospital District or Authority,1.0,,,,1,1,0
381312,COQUILLE VALLEY HOSPITAL,940 EAST 5TH STREET,COQUILLE,OR,97423,COOS,(541) 396-3101,Critical Access Hospitals,Government - Hospital District or Authority,1.0,,,,1,1,0
381313,ST CHARLES MEDICAL CENTER PRINEVILLE,384 SE COMBS FLAT ROAD,PRINEVILLE,OR,97754,CROOK,(541) 447-6254,Critical Access Hospitals,Voluntary Non-Profit - Private,1.0,,,,1,1,0
381314,SAMARITAN PACIFIC COMMUNITY HOSPITAL,930 SW ABBEY STREET,NEWPORT,OR,97365,LINCOLN,(541) 265-2244,Critical Access Hospitals,Voluntary Non-Profit - Private,1.0,,,,1,1,0
381315,ST. ALPHONSUS MEDICAL CENTER - BAKER CITY,3325 POCAHONTAS ROAD,BAKER CITY,OR,97814,BAKER,(541) 523-6461,Critical Access Hospitals,Voluntary Non-Profit - Church,1.0,,,,1,1,0
381316,PEACE HARBOR MEDICAL CENTER,400 9TH STREET,FLORENCE,OR,97439,LANE,(541) 997-8412,Critical Access Hospitals,Voluntary Non-Profit - Church,1.0,,,,1,1,0
381317,ADVENTIST HEALTH TILLAMOOK,1000 THIRD STREET,TILLAMOOK,OR,97141,TILLAMOOK,(503) 815-2260,Critical Access Hospitals,Voluntary Non-Profit - Church,1.0,,,,1,1,0
381318,PROVIDENCE HOOD RIVER MEMORIAL HOSPITAL,810 12TH STREET,HOOD RIVER,OR,97031,HOOD RIVER,(541) 386-3911,Critical Access Hospitals,Voluntary Non-Profit - Private,1.0,,,,1,1,0
381319,ST ANTHONY HOSPITAL,2801 ST ANTHONY WAY,PENDLETON,OR,97801,UMATILLA,(541) 276-5121,Critical Access Hospitals,Voluntary Non-Profit - Church,0.0,,,,1,1,0
381320,COLUMBIA MEMORIAL HOSPITAL,2111 EXCHANGE STREET,ASTORIA,OR,97103,CLATSOP,(503) 325-4321,Critical Access Hospitals,Proprietary,1.0,,,,1,1,0
381321,GRANDE RONDE HOSPITAL,900 SUNSET DRIVE,LA GRANDE,OR,97850,UNION,(541) 963-8421,Critical Access Hospitals,Voluntary Non-Profit - Private,1.0,,,,1,1,0
381322,CURRY GENERAL HOSPITAL,94220 FOURTH STREET,GOLD BEACH,OR,97444,CURRY,(541) 247-3000,Critical Access Hospitals,Government - Hospital District or Authority,1.0,,,,1,1,0
381323,SAMARITAN LEBANON COMMUNITY HOSPITAL,525 N SANTIAM HIGHWAY,LEBANON,OR,97355,LINN,(541) 258-2101,Critical Access Hospitals,Voluntary Non-Profit - Church,1.0,,,,1,1,0
381324,ST CHARLES MADRAS,470 NE A STREET,MADRAS,OR,97741,JEFFERSON,(541) 475-3882,Critical Access Hospitals,Government - Hospital District or Authority,1.0,,,,1,1,0
381325,GOOD SHEPHERD MEDICAL CENTER,610 NW 11TH STREET,HERMISTON,OR,97838,UMATILLA,(541) 667-3400,Critical Access Hospitals,Government - Hospital District or Authority,1.0,,,,1,1,0
383300,SHRINERS HOSPITAL FOR CHILDREN - PORTLAND,3101 SW SAM JACKSON PARK ROAD,PORTLAND,OR,97239,MULTNOMAH,(541) 241-5090,,,,,,,0,1,0
390001,GEISINGER-COMMUNITY MEDICAL CENTER,1822 MULBERRY STREET,SCRANTON,PA,18510,LACKAWANNA,(570) 703-8000,Acute Care Hospitals,Voluntary Non-Profit - Private,1.0,,,,1,1,0
390002,UPMC MCKEESPORT HOSPITAL,1500 FIFTH AVENUE,MC KEESPORT,PA,15132,ALLEGHENY,(412) 664-2000,Acute Care Hospitals,Voluntary Non-Profit - Private,1.0,,,,1,1,0
390003,GEISINGER-BLOOMSBURG HOSPITAL,549 EAST FAIR STREET,BLOOMSBURG,PA,17815,COLUMBIA,(570) 387-2100,Acute Care Hospitals,Voluntary Non-Profit - Private,1.0,,,,1,1,0
390004,PENN STATE HEALTH HOLY SPIRIT MEDICAL CENTER,503 NORTH 21ST STREET,CAMP HILL,PA,17011,CUMBERLAND,(717) 763-2100,Acute Care Hospitals,Voluntary Non-Profit - Private,1.0,,,,1,1,0
390006,GEISINGER MEDICAL CENTER,100 NORTH ACADEMY AVENUE,DANVILLE,PA,17822,MONTOUR,(570) 271-6211,Acute Care Hospitals,Voluntary Non-Profit - Private,1.0,,,,1,1,0
390008,ELLWOOD CITY HOSPITAL,724 PERSHING STREET,ELLWOOD CITY,PA,16117,LAWRENCE,7247520081,Acute Care Hospitals,Voluntary Non-Profit - Other,1.0,,,,1,0,0
390009,SAINT VINCENT HOSPITAL,232 WEST 25TH STREET,ERIE,PA,16544,ERIE,(814) 452-5111,Acute Care Hospitals,Voluntary Non-Profit - Church,1.0,,,,1,1,0
390012,JEFFERSON LANSDALE HOSPITAL,100 MEDICAL CAMPUS DRIVE,LANSDALE,PA,19446,MONTGOMERY,(215) 368-2100,Acute Care Hospitals,Voluntary Non-Profit - Other,1.0,,,,1,1,0
390013,WELLSPAN EVANGELICAL COMMUNITY HOSPITAL,ONE HOSPITAL DRIVE,LEWISBURG,PA,17837,UNION,(570) 522-2000,Acute Care Hospitals,Voluntary Non-Profit - Other,1.0,,,,1,1,0
390016,UPMC JAMESON,1211 WILMINGTON AVENUE,NEW CASTLE,PA,16105,LAWRENCE,(724) 656-4100,Acute Care Hospitals,Voluntary Non-Profit - Other,1.0,,,,1,1,0
390019,PALMERTON HOSPITAL,135 LAFAYETTE AVENUE,PALMERTON,PA,18071,CARBON,6108263141,Acute Care Hospitals,Voluntary Non-Profit - Other,1.0,,,,1,0,0
39001F,JAMES E. VAN ZANDT VA MEDICAL CENTER (ALTOONA),2907 PLEASANT VALLEY BOULEVARD,ALTOONA,PA,16602,BLAIR,(814) 943-8164,ACUTE CARE - VETERANS ADMINISTRATION,Government - Federal,1.0,,,,1,1,0
390025,KENSINGTON HOSPITAL,136 W DIAMOND STREET,PHILADELPHIA,PA,19122,PHILADELPHIA,(215) 426-8100,Acute Care Hospitals,Voluntary Non-Profit - Other,0.0,,,,1,1,0
390026,TEMPLE HEALTH - CHESTNUT HILL HOSPITAL,8835 GERMANTOWN AVENUE,PHILADELPHIA,PA,19118,PHILADELPHIA,(215) 248-8200,Acute Care Hospitals,Proprietary,1.0,,,,1,1,0
390027,TEMPLE UNIVERSITY HOSPITAL,3401 NORTH BROAD STREET,PHILADELPHIA,PA,19140,PHILADELPHIA,(215) 707-2000,Acute Care Hospitals,Voluntary Non-Profit - Private,1.0,,,,1,1,0
390028,UPMC MERCY,1400 LOCUST STREET,PITTSBURGH,PA,15219,ALLEGHENY,(412) 232-8111,Acute Care Hospitals,Voluntary Non-Profit - Other,1.0,,,,1,1,0
390030,SCHUYLKILL MEDICAL CENTER - SOUTH JACKSON STREET,420 SOUTH JACKSON STREET,POTTSVILLE,PA,17901,SCHUYLKILL,(570) 621-5102,Acute Care Hospitals,Voluntary Non-Profit - Private,1.0,,,,1,1,0
390031,SCHUYLKILL MEDICAL CENTER - EAST NORWEGIAN STREET,700 EAST NORWEGIAN STREET,POTTSVILLE,PA,17901,SCHUYLKILL,5706214000,Acute Care Hospitals,Voluntary Non-Profit - Church,1.0,,,,1,0,0
390032,ALLEGHENY VALLEY HOSPITAL,1301 CARLISLE ST,NATRONA,PA,15065,ALLEGHENY,(412) 224-5100,Acute Care Hospitals,Voluntary Non-Profit - Other,1.0,,,,1,1,0
390035,ST LUKE'S HOSPITAL - UPPER BUCKS CAMPUS,3000 ST. LUKE'S DRIVE,QUAKERTOWN,PA,18951,BUCKS,(267) 985-1000,Acute Care Hospitals,Voluntary Non-Profit - Private,1.0,,,,1,1,0
390036,HERITAGE VALLEY BEAVER,1000 DUTCH RIDGE ROAD,BEAVER,PA,15009,BEAVER,(412) 728-7000,Acute Care Hospitals,Voluntary Non-Profit - Private,1.0,,,,1,1,0
390037,HERITAGE VALLEY SEWICKLEY,720 BLACKBURN ROAD,SEWICKLEY,PA,15143,ALLEGHENY,(412) 741-6600,Acute Care Hospitals,Voluntary Non-Profit - Private,1.0,,,,1,1,0
390039,UPMC SOMERSET,225 SOUTH CENTER AVENUE,SOMERSET,PA,15501,SOMERSET,(814) 443-5000,Acute Care Hospitals,Voluntary Non-Profit - Private,1.0,,,,1,1,0
390041,UNIONTOWN HOSPITAL,500 WEST BERKELEY STREET,UNIONTOWN,PA,15401,FAYETTE,(724) 430-5000,Acute Care Hospitals,Voluntary Non-Profit - Other,1.0,,,,1,1,0
390042,"WASHINGTON HOSPITAL, THE",155 WILSON AVENUE,WASHINGTON,PA,15301,WASHINGTON,(724) 225-7000,Acute Care Hospitals,Government - Local,1.0,,,,1,1,0
390043,SOLDIERS AND SAILORS MEMORIAL HOSPITAL,32-36 CENTRAL AVENUE,WELLSBORO,PA,16901,TIOGA,5707241631,Acute Care Hospitals,Voluntary Non-Profit - Other,1.0,,,,1,0,0
390044,READING HOSPITAL,420 S 5TH AVENUE,WEST READING,PA,19611,BERKS,(610) 988-8000,Acute Care Hospitals,Voluntary Non-Profit - Other,1.0,,,,1,1,0
390045,UPMC WILLIAMSPORT,700 HIGH STREET,WILLIAMSPORT,PA,17701,LYCOMING,(570) 321-1000,Acute Care Hospitals,Voluntary Non-Profit - Other,1.0,,,,1,1,0
390046,WELLSPAN YORK HOSPITAL,1001 SOUTH GEORGE STREET,YORK,PA,17403,YORK,(717) 851-2345,Acute Care Hospitals,Voluntary Non-Profit - Private,1.0,,,,1,1,0
390048,GEISINGER-LEWISTOWN HOSPITAL,400 HIGHLAND AVENUE,LEWISTOWN,PA,17044,MIFFLIN,(717) 248-5411,Acute Care Hospitals,Voluntary Non-Profit - Other,1.0,,,,1,1,0
390049,ST LUKES HOSPITAL BETHLEHEM,801 OSTRUM STREET,BETHLEHEM,PA,18015,NORTHAMPTON,(484) 526-4000,Acute Care Hospitals,Voluntary Non-Profit - Private,1.0,,,,1,1,0
39004F,COATESVILLE VA MEDICAL CENTER,1400 BLACK HORSE HILL ROAD,COATESVILLE,PA,19320,CHESTER,(610) 384-7711,ACUTE CARE - VETERANS ADMINISTRATION,Government - Federal,1.0,,,,1,1,0
390050,ALLEGHENY GENERAL HOSPITAL,320 EAST NORTH AVENUE,PITTSBURGH,PA,15212,ALLEGHENY,(412) 359-3131,Acute Care Hospitals,Voluntary Non-Profit - Other,1.0,,,,1,1,0
390052,CLEARFIELD HOSPITAL,809 TURNPIKE AVE,CLEARFIELD,PA,16830,CLEARFIELD,8147655341,Acute Care Hospitals,Voluntary Non-Profit - Other,1.0,,,,1,0,0
390056,PENN HIGHLANDS HUNTINGDON,1225 WARM SPRINGS AVE,HUNTINGDON,PA,16652,HUNTINGDON,(814) 643-2290,Acute Care Hospitals,Voluntary Non-Profit - Other,1.0,,,,1,1,0
390057,ST LUKE'S HOSPITAL - GRAND VIEW CAMPUS,700 LAWN AVENUE,SELLERSVILLE,PA,18960,BUCKS,(215) 453-4000,Acute Care Hospitals,Voluntary Non-Profit - Other,1.0,,,,1,1,0
390058,UPMC CARLISLE,361 ALEXANDER SPRING ROAD,CARLISLE,PA,17015,CUMBERLAND,(717) 249-1212,Acute Care Hospitals,Proprietary,1.0,,,,1,1,0
39005F,ERIE VA MEDICAL CENTER,135 EAST 38TH STREET,ERIE,PA,16504,ERIE,(814) 860-2576,ACUTE CARE - VETERANS ADMINISTRATION,Government - Federal,1.0,,,,1,1,0
390061,LANCASTER REGIONAL MEDICAL CENTER,250 COLLEGE AVENUE,LANCASTER,PA,17604,LANCASTER,7172918123,Acute Care Hospitals,Proprietary,1.0,,,,1,0,0
390062,CONEMAUGH NASON MEDICAL CENTER,105 NASON DRIVE,ROARING SPRING,PA,16673,BLAIR,(814) 224-2141,Acute Care Hospitals,Voluntary Non-Profit - Private,1.0,,,,1,1,0
390063,UPMC HAMOT,201 STATE STREET,ERIE,PA,16550,ERIE,(814) 877-6000,Acute Care Hospitals,Voluntary Non-Profit - Private,1.0,,,,1,1,0
390065,GETTYSBURG HOSPITAL,147 GETTYS STREET,GETTYSBURG,PA,17325,ADAMS,(717) 334-2121,Acute Care Hospitals,Voluntary Non-Profit - Other,1.0,,,,1,1,0
390066,WELLSPAN GOOD SAMARITAN HOSPITAL,252 SOUTH 4TH STREET,LEBANON,PA,17042,LEBANON,(717) 270-7500,Acute Care Hospitals,Voluntary Non-Profit - Other,1.0,,,,1,1,0
390067,UPMC PINNACLE HOSPITALS,409 SOUTH SECOND STREET,HARRISBURG,PA,17104,DAUPHIN,(717) 782-3131,Acute Care Hospitals,Voluntary Non-Profit - Other,1.0,,,,1,1,0
390068,UPMC LITITZ,1500 HIGHLANDS DRIVE,LITITZ,PA,17543,LANCASTER,(717) 625-2000,Acute Care Hospitals,Proprietary,1.0,,,,1,1,0
39006F,LEBANON VA MEDICAL CENTER,1700 SOUTH LINCOLN AVENUE,LEBANON,PA,17042,LEBANON,(717) 228-5901,ACUTE CARE - VETERANS ADMINISTRATION,Government - Federal,1.0,,,,1,1,0
390070,LOWER BUCKS HOSPITAL,501 BATH ROAD,BRISTOL,PA,19007,BUCKS,(215) 785-9200,Acute Care Hospitals,Voluntary Non-Profit - Private,1.0,,,,1,1,0
390071,LOCK HAVEN HOSPITAL,24 CREE DRIVE,LOCK HAVEN,PA,17745,CLINTON,5708935000,Acute Care Hospitals,Proprietary,1.0,,,,1,0,0
390072,BERWICK HOSPITAL CENTER,701 EAST 16TH STREET,BERWICK,PA,18603,COLUMBIA,5707595000,Acute Care Hospitals,Proprietary,1.0,,,,1,0,0
390073,UPMC ALTOONA,620 HOWARD AVENUE,ALTOONA,PA,16601,BLAIR,(814) 889-2011,Acute Care Hospitals,Voluntary Non-Profit - Private,1.0,,,,1,1,0
390076,BRANDYWINE HOSPITAL,201 REESEVILLE ROAD,COATESVILLE,PA,19320,CHESTER,6103838000,Acute Care Hospitals,Proprietary,1.0,,,,1,0,0
390079,ROBERT PACKER HOSPITAL,ONE GUTHRIE SQUARE,SAYRE,PA,18840,BRADFORD,(570) 888-6666,Acute Care Hospitals,Voluntary Non-Profit - Other,1.0,,,,1,1,0
390080,JEANES HOSPITAL,7600 CENTRAL AVE,PHILADELPHIA,PA,19111,PHILADELPHIA,2157282000,Acute Care Hospitals,Voluntary Non-Profit - Private,1.0,,,,1,0,0
390081,DELAWARE COUNTY MEMORIAL HOSPITAL,501 NORTH LANSDOWNE AVE,DREXEL HILL,PA,19026,DELAWARE,2152848100,Acute Care Hospitals,Voluntary Non-Profit - Private,1.0,,,,1,0,0
390084,SUNBURY COMMUNITY HOSPITAL,350 NORTH 11TH STREET,SUNBURY,PA,17801,NORTHUMBERLAND,5702863333,Acute Care Hospitals,Proprietary,1.0,,,,1,0,0
390086,PENN HIGHLANDS DUBOIS,100 HOSPITAL AVENUE,DUBOIS,PA,15801,CLEARFIELD,(814) 371-2200,Acute Care Hospitals,Voluntary Non-Profit - Other,1.0,,,,1,1,0
390090,WEST PENN HOSPITAL,4800 FRIENDSHIP AVENUE,PITTSBURGH,PA,15224,ALLEGHENY,(412) 578-5000,Acute Care Hospitals,Voluntary Non-Profit - Private,1.0,,,,1,1,0
390091,UPMC NORTHWEST,100 FAIRFIELD DRIVE,SENECA,PA,16346,VENANGO,(814) 676-7600,Acute Care Hospitals,Voluntary Non-Profit - Other,1.0,,,,1,1,0
390093,CLARION HOSPITAL,ONE HOSPITAL DRIVE,CLARION,PA,16214,CLARION,(814) 226-9500,Acute Care Hospitals,Voluntary Non-Profit - Other,1.0,,,,1,1,0
390095,MARIAN COMMUNITY HOSPITAL,100 LINCOLN AVENUE,CARBONDALE,PA,18407,LACKAWANNA,5702822100,Acute Care Hospitals,Voluntary Non-Profit - Church,1.0,,,,1,0,0
390096,PENN STATE HEALTH ST. JOSEPH,2500 BERNVILLE ROAD,READING,PA,19605,BERKS,(610) 378-2000,Acute Care Hospitals,Voluntary Non-Profit - Church,1.0,,,,1,1,0
390097,HOLY REDEEMER HOSPITAL AND MEDICAL CENTER,1648 HUNTINGDON PIKE,MEADOWBROOK,PA,19046,MONTGOMERY,(215) 947-3000,Acute Care Hospitals,Voluntary Non-Profit - Church,1.0,,,,1,1,0
39009F,PHILADELPHIA VA MEDICAL CENTER,3900 WOODLAND AVENUE,PHILADELPHIA,PA,19104,PHILADELPHIA,(215) 823-5857,ACUTE CARE - VETERANS ADMINISTRATION,Government - Federal,1.0,,,,1,1,0
390100,LANCASTER GENERAL HOSPITAL,555 NORTH DUKE STREET,LANCASTER,PA,17602,LANCASTER,(717) 544-5511,Acute Care Hospitals,Voluntary Non-Profit - Other,1.0,,,,1,1,0
390101,UPMC MEMORIAL,1701 INNOVATION DRIVE,YORK,PA,17408,YORK,(717) 843-8623,Acute Care Hospitals,Voluntary Non-Profit - Private,1.0,,,,1,1,0
390102,UPMC ST MARGARET,815 FREEPORT ROAD,PITTSBURGH,PA,15215,ALLEGHENY,(412) 784-4000,Acute Care Hospitals,Voluntary Non-Profit - Private,1.0,,,,1,1,0
390104,KANE COMMUNITY HOSPITAL,4372 ROUTE 6,KANE,PA,16735,MCKEAN,8148378585,Acute Care Hospitals,Voluntary Non-Profit - Other,1.0,,,,1,0,0
390107,UPMC PASSAVANT,9100 BABCOCK BOULEVARD,PITTSBURGH,PA,15237,ALLEGHENY,(412) 367-6700,Acute Care Hospitals,Voluntary Non-Profit - Private,1.0,,,,1,1,0
390108,MONTGOMERY HOSPITAL,POWELL & FORNANCE STREETS,NORRISTOWN,PA,19401,MONTGOMERY,6102702000,Acute Care Hospitals,Voluntary Non-Profit - Private,1.0,,,,1,0,0
390110,CONEMAUGH MEMORIAL MEDICAL CENTER,1086 FRANKLIN STREET,JOHNSTOWN,PA,15905,CAMBRIA,(814) 534-9000,Acute Care Hospitals,Voluntary Non-Profit - Private,1.0,,,,1,1,0
390111,HOSPITAL OF UNIV OF PENNSYLVANIA,3400 SPRUCE ST,PHILADELPHIA,PA,19104,PHILADELPHIA,(215) 662-3227,Acute Care Hospitals,Voluntary Non-Profit - Private,1.0,,,,1,1,0
390112,CHAN SOON- SHIONG MEDICAL CENTER AT WINDBER,600 SOMERSET AVENUE,WINDBER,PA,15963,SOMERSET,(814) 467-3000,Acute Care Hospitals,Voluntary Non-Profit - Private,1.0,,,,1,1,0
390113,MEADVILLE MEDICAL CENTER,751 LIBERTY STREET,MEADVILLE,PA,16335,CRAWFORD,(814) 333-5000,Acute Care Hospitals,Voluntary Non-Profit - Other,1.0,,,,1,1,0
390114,MAGEE WOMENS HOSPITAL OF UPMC HEALTH SYSTEM,300 HALKET STREET,PITTSBURGH,PA,15213,ALLEGHENY,(412) 641-4010,Acute Care Hospitals,Voluntary Non-Profit - Other,1.0,,,,1,1,0
390115,JEFFERSON HEALTH- NORTHEAST,10800 KNIGHTS ROAD,PHILADELPHIA,PA,19114,PHILADELPHIA,(215) 612-4000,Acute Care Hospitals,Voluntary Non-Profit - Private,1.0,,,,1,1,0
390116,SUBURBAN COMMUNITY HOSPITAL,2701 DEKALB PIKE,NORRISTOWN,PA,19401,MONTGOMERY,(610) 278-2000,Acute Care Hospitals,Voluntary Non-Profit - Church,1.0,,,,1,1,0
390117,UPMC BEDFORD MEMORIAL,10455 LINCOLN HIGHWAY,EVERETT,PA,15537,BEDFORD,(814) 623-6161,Acute Care Hospitals,Voluntary Non-Profit - Other,1.0,,,,1,1,0
390118,BRADFORD REGIONAL MEDICAL CENTER,116 INTERSTATE PARKWAY,BRADFORD,PA,16701,MCKEAN,8143684143,Acute Care Hospitals,Voluntary Non-Profit - Private,1.0,,,,1,0,0
390119,MOSES TAYLOR HOSPITAL,700 QUINCY AVENUE,SCRANTON,PA,18510,LACKAWANNA,5703402100,Acute Care Hospitals,Voluntary Non-Profit - Private,1.0,,,,1,0,0
390122,TITUSVILLE HOSPITAL,406 WEST OAK STREET,TITUSVILLE,PA,16354,CRAWFORD,8148271851,Acute Care Hospitals,Voluntary Non-Profit - Private,1.0,,,,1,0,0
390123,POTTSTOWN HOSPITAL,1600 EAST HIGH STREET,POTTSTOWN,PA,19464,MONTGOMERY,(610) 327-7000,Acute Care Hospitals,Proprietary,1.0,,,,1,1,0
390125,WAYNE MEMORIAL HOSPITAL,601 PARK STREET,HONESDALE,PA,18431,WAYNE,(570) 253-8100,Acute Care Hospitals,Voluntary Non-Profit - Private,1.0,,,,1,1,0
390127,PHOENIXVILLE HOSPITAL,140 NUTT ROAD,PHOENIXVILLE,PA,19460,CHESTER,(610) 983-1000,Acute Care Hospitals,Proprietary,1.0,,,,1,1,0
39012F,VA PITTSBURGH HEALTHCARE SYSTEM - UNIV DR,UNIVERSITY DRIVE,PITTSBURGH,PA,15240,ALLEGHENY,(412) 688-6100,ACUTE CARE - VETERANS ADMINISTRATION,Government - Federal,1.0,,,,1,1,0
390130,MINERS MEDICAL CENTER,290 HAIDA AVENUE,HASTINGS,PA,16646,CAMBRIA,8142473100,Acute Care Hospitals,Voluntary Non-Profit - Private,1.0,,,,1,0,0
390132,ST JOSEPH'S HOSPITAL,1600 WEST GIRARD AVENUE,PHILADELPHIA,PA,19130,PHILADELPHIA,2157872000,Acute Care Hospitals,Voluntary Non-Profit - Private,1.0,,,,1,0,0
390133,LEHIGH VALLEY HOSPITAL,1200 SOUTH CEDAR CREST BOULEVARD,ALLENTOWN,PA,18103,LEHIGH,(610) 402-8000,Acute Care Hospitals,Voluntary Non-Profit - Private,1.0,,,,1,1,0
390137,WILKES-BARRE GENERAL HOSPITAL,575 NORTH RIVER STREET,WILKES-BARRE,PA,18764,LUZERNE,(570) 829-8111,Acute Care Hospitals,Voluntary Non-Profit - Private,1.0,,,,1,1,0
390138,WELLSPAN WAYNESBORO HOSPITAL,501 EAST MAIN ST,WAYNESBORO,PA,17268,FRANKLIN,(717) 765-4000,Acute Care Hospitals,Voluntary Non-Profit - Other,1.0,,,,1,1,0
390139,BRYN MAWR HOSPITAL,130 SOUTH BRYN MAWR AVE,BRYN MAWR,PA,19010,MONTGOMERY,(610) 526-3000,Acute Care Hospitals,Voluntary Non-Profit - Private,1.0,,,,1,1,0
39013F,WILKES BARRE VA MEDICAL CENTER,1111 EAST END BOULEVARD,WILKES-BARRE,PA,18711,LUZERNE,(570) 824-3521,ACUTE CARE - VETERANS ADMINISTRATION,Government - Federal,1.0,,,,1,1,0
390142,JEFFERSON EINSTEIN PHILADELPHIA HOSPITAL,5501 OLD YORK ROAD,PHILADELPHIA,PA,19141,PHILADELPHIA,(215) 456-6090,Acute Care Hospitals,Voluntary Non-Profit - Other,1.0,,,,1,1,0
390145,EXCELA HEALTH WESTMORELAND REGIONAL HOSPITAL,532 WEST PITTSBURGH STREET,GREENSBURG,PA,15601,WESTMORELAND,(724) 832-4000,Acute Care Hospitals,Voluntary Non-Profit - Other,1.0,,,,1,1,0
390146,WARREN GENERAL HOSPITAL,2 CRESCENT PARK WEST,WARREN,PA,16365,WARREN,(814) 723-4973,Acute Care Hospitals,Voluntary Non-Profit - Private,1.0,,,,1,1,0
390147,PENN HIGHLANDS MON VALLEY,1163 COUNTRY CLUB ROAD,MONONGAHELA,PA,15063,WASHINGTON,(724) 258-1000,Acute Care Hospitals,Voluntary Non-Profit - Private,1.0,,,,1,1,0
390150,UPMC GREENE,350 BONAR AVENUE,WAYNESBURG,PA,15370,GREENE,(724) 627-2602,Acute Care Hospitals,Proprietary,1.0,,,,1,1,0
390151,WELLSPAN CHAMBERSBURG HOSPITAL,112 NORTH SEVENTH STREET,CHAMBERSBURG,PA,17201,FRANKLIN,(717) 267-3000,Acute Care Hospitals,Voluntary Non-Profit - Other,1.0,,,,1,1,0
390153,PAOLI HOSPITAL,255 WEST LANCASTER AVENUE,PAOLI,PA,19301,CHESTER,(610) 648-1000,Acute Care Hospitals,Voluntary Non-Profit - Private,1.0,,,,1,1,0
390154,ELK REGIONAL HEALTH CENTER,763 JOHNSONBURG ROAD,SAINT MARYS,PA,15857,ELK,8147888000,Acute Care Hospitals,Voluntary Non-Profit - Other,1.0,,,,1,0,0
390156,MERCY CATHOLIC MEDICAL CENTER- MERCY FITZGERALD,1500 LANSDOWNE  AVE,DARBY,PA,19023,DELAWARE,(215) 237-4000,Acute Care Hospitals,Voluntary Non-Profit - Other,1.0,,,,1,1,0
390157,OHIO VALLEY GENERAL HOSPITAL,25 HECKEL ROAD,MCKEES ROCKS,PA,15136,ALLEGHENY,4127776161,Acute Care Hospitals,Voluntary Non-Profit - Private,1.0,,,,1,0,0
390160,CANONSBURG GENERAL HOSPITAL,100 MEDICAL BOULEVARD,CANONSBURG,PA,15317,WASHINGTON,(724) 745-6100,Acute Care Hospitals,Voluntary Non-Profit - Other,1.0,,,,1,1,0
390162,ST LUKE'S HOSPITAL - EASTON CAMPUS,250 SOUTH 21ST STREET,EASTON,PA,18042,NORTHAMPTON,(610) 250-4076,Acute Care Hospitals,Proprietary,1.0,,,,1,1,0
390163,ACMH HOSPITAL,ONE NOLTE DRIVE,KITTANNING,PA,16201,ARMSTRONG,(724) 543-8500,Acute Care Hospitals,Voluntary Non-Profit - Private,1.0,,,,1,1,0
390164,UPMC PRESBYTERIAN SHADYSIDE,200 LOTHROP STREET,PITTSBURGH,PA,15213,ALLEGHENY,(412) 647-2345,Acute Care Hospitals,Voluntary Non-Profit - Private,1.0,,,,1,1,0
390168,INDEPENDENCE HEALTH SYSTEM BUTLER MEMORIAL HOSPITA,ONE HOSPITAL WAY,BUTLER,PA,16001,BUTLER,(724) 284-4403,Acute Care Hospitals,Voluntary Non-Profit - Other,1.0,,,,1,1,0
390173,INDIANA REGIONAL MEDICAL CENTER,835 HOSPITAL ROAD,INDIANA,PA,15701,INDIANA,(724) 357-7000,Acute Care Hospitals,Voluntary Non-Profit - Private,1.0,,,,1,1,0
390174,THOMAS JEFFERSON UNIVERSITY HOSPITAL,111 SOUTH 11TH STREET,PHILADELPHIA,PA,19107,PHILADELPHIA,(215) 955-6000,Acute Care Hospitals,Voluntary Non-Profit - Private,1.0,,,,1,1,0
390178,UPMC HORIZON,110 NORTH MAIN STREET,GREENVILLE,PA,16125,MERCER,(724) 588-2100,Acute Care Hospitals,Voluntary Non-Profit - Private,1.0,,,,1,1,0
390179,CHESTER COUNTY HOSPITAL,701 EAST MARSHALL STREET,WEST CHESTER,PA,19380,CHESTER,(610) 431-5000,Acute Care Hospitals,Voluntary Non-Profit - Private,1.0,,,,1,1,0
390180,CROZER CHESTER MEDICAL CENTER,ONE MEDICAL CENTER BOULEVARD,UPLAND,PA,19013,DELAWARE,(610) 447-2000,Acute Care Hospitals,Voluntary Non-Profit - Other,1.0,,,,1,1,0
390183,ST LUKE'S MINERS MEMORIAL HOSPITAL,360 W RUDDLE STREET,COALDALE,PA,18218,SCHUYLKILL,(570) 645-2131,Acute Care Hospitals,Voluntary Non-Profit - Private,1.0,,,,1,1,0
390184,PENN HIGHLANDS CONNELLSVILLE,401 EAST MURPHY AVENUE,CONNELLSVILLE,PA,15425,FAYETTE,(724) 628-1500,Acute Care Hospitals,Voluntary Non-Profit - Private,1.0,,,,1,1,0
390185,LEHIGH VALLEY HOSPITAL - HAZLETON,700 EAST BROAD STREET,HAZLETON,PA,18201,LUZERNE,(570) 501-4000,Acute Care Hospitals,Voluntary Non-Profit - Other,1.0,,,,1,1,0
390189,SHAMOKIN AREA COMMUNITY HOSPITAL,4200 HOSPITAL ROAD,COAL TOWNSHIP,PA,17866,NORTHUMBERLAND,5706444200,Acute Care Hospitals,Voluntary Non-Profit - Private,1.0,,,,1,0,0
390192,TYLER MEMORIAL HOSPITAL,880 STATE ROUTE 6 WEST,TUNKHANNOCK,PA,18657,WYOMING,5708362161,Acute Care Hospitals,Voluntary Non-Profit - Other,1.0,,,,1,0,0
390194,GNADEN HUETTEN MEMORIAL HOSPITAL,211 NORTH 12TH STREET,LEHIGHTON,PA,18235,CARBON,6073771300,Acute Care Hospitals,Voluntary Non-Profit - Private,1.0,,,,1,0,0
390195,MAIN LINE HOSPITAL LANKENAU,100 LANCASTER AVE,WYNNEWOOD,PA,19096,MONTGOMERY,(610) 645-2000,Acute Care Hospitals,Voluntary Non-Profit - Private,1.0,,,,1,1,0
390197,SACRED HEART HOSPITAL,421 CHEW STREET,ALLENTOWN,PA,18102,LEHIGH,6107764900,Acute Care Hospitals,Voluntary Non-Profit - Private,1.0,,,,1,0,0
390198,LECOM MEDICAL CENTER AND BEHAVIORAL HEALTH PAV,5515 PEACH STREET,ERIE,PA,16509,ERIE,(814) 864-4031,Acute Care Hospitals,Voluntary Non-Profit - Church,1.0,,,,1,1,0
390199,PUNXSUTAWNEY AREA HOSPITAL,81 HILLCREST DRIVE,PUNXSUTAWNEY,PA,15767,JEFFERSON,(814) 938-1800,Acute Care Hospitals,Voluntary Non-Profit - Private,1.0,,,,1,1,0
390201,LEHIGH VALLEY HOSPITAL - POCONO,206 EAST BROWN STREET,EAST STROUDSBURG,PA,18301,MONROE,(570) 421-4000,Acute Care Hospitals,Voluntary Non-Profit - Other,1.0,,,,1,1,0
390203,DOYLESTOWN HOSPITAL,595 WEST STATE ST,DOYLESTOWN,PA,18901,BUCKS,(215) 345-2200,Acute Care Hospitals,Voluntary Non-Profit - Private,1.0,,,,1,1,0
390204,NAZARETH HOSPITAL,2601 HOLME AVE,PHILADELPHIA,PA,19152,PHILADELPHIA,(215) 335-6000,Acute Care Hospitals,Voluntary Non-Profit - Church,1.0,,,,1,1,0
390211,SHARON REGIONAL MEDICAL CENTER,740 EAST STATE STREET,SHARON,PA,16146,MERCER,(724) 983-3911,Acute Care Hospitals,Voluntary Non-Profit - Other,1.0,,,,1,1,0
390217,EXCELA HEALTH - FRICK HOSPITAL,508 SOUTH CHURCH STREET,MOUNT PLEASANT,PA,15666,WESTMORELAND,(724) 547-1500,Acute Care Hospitals,Voluntary Non-Profit - Other,1.0,,,,1,1,0
390219,EXCELA HEALTH LATROBE HOSPITAL,ONE MELLON WAY,LATROBE,PA,15650,WESTMORELAND,(724) 832-4000,Acute Care Hospitals,Voluntary Non-Profit - Other,1.0,,,,1,1,0
390220,JENNERSVILLE REGIONAL HOSPITAL,1015 WEST BALTIMORE PIKE,WEST GROVE,PA,19390,CHESTER,6108691000,Acute Care Hospitals,Proprietary,1.0,,,,1,0,0
390222,RIDDLE MEMORIAL HOSPITAL,1068 WEST BALTIMORE PIKE,MEDIA,PA,19063,DELAWARE,(610) 566-9400,Acute Care Hospitals,Voluntary Non-Profit - Private,1.0,,,,1,1,0
390223,PENN PRESBYTERIAN MEDICAL CENTER,51 NORTH 39TH STREET,PHILADELPHIA,PA,19104,PHILADELPHIA,(215) 662-8000,Acute Care Hospitals,Voluntary Non-Profit - Other,1.0,,,,1,1,0
390225,WELLSPAN EPHRATA COMMUNITY HOSPITAL,169 MARTIN AVENUE,EPHRATA,PA,17522,LANCASTER,(717) 733-0311,Acute Care Hospitals,Voluntary Non-Profit - Other,1.0,,,,1,1,0
390226,PENNSYLVANIA HOSPITAL,800 SPRUCE STREET,PHILADELPHIA,PA,19107,PHILADELPHIA,(215) 829-3000,Acute Care Hospitals,Voluntary Non-Profit - Private,1.0,,,,1,1,0
390228,ST CLAIR HOSPITAL,1000 BOWER HILL ROAD,PITTSBURGH,PA,15243,ALLEGHENY,(412) 942-4000,Acute Care Hospitals,Voluntary Non-Profit - Other,1.0,,,,1,1,0
390231,JEFFERSON ABINGTON HOSPITAL,1200 OLD YORK ROAD,ABINGTON,PA,19001,MONTGOMERY,(215) 481-2000,Acute Care Hospitals,Voluntary Non-Profit - Private,1.0,,,,1,1,0
390233,UPMC HANOVER,300 HIGHLAND AVE,HANOVER,PA,17331,YORK,(717) 637-3711,Acute Care Hospitals,Voluntary Non-Profit - Private,1.0,,,,1,1,0
390236,"MEMORIAL HOSPITAL, INC  TOWANDA",91 HOSPITAL DRIVE,TOWANDA,PA,18848,BRADFORD,5702652191,Acute Care Hospitals,Voluntary Non-Profit - Private,1.0,,,,1,0,0
390237,REGIONAL HOSPITAL OF SCRANTON,746 JEFFERSON AVENUE,SCRANTON,PA,18501,LACKAWANNA,(570) 348-7100,Acute Care Hospitals,Voluntary Non-Profit - Church,1.0,,,,1,1,0
390256,MILTON S HERSHEY MEDICAL CENTER,500 UNIVERSITY DRIVE,HERSHEY,PA,17033,DAUPHIN,(717) 531-8521,Acute Care Hospitals,Voluntary Non-Profit - Other,1.0,,,,1,1,0
390258,ST MARY MEDICAL CENTER,LANGHORNE-NEWTOWN RD,LANGHORNE,PA,19047,BUCKS,(215) 750-2003,Acute Care Hospitals,Voluntary Non-Profit - Church,1.0,,,,1,1,0
390263,LEHIGH VALLEY HOSPITAL - MUHLENBERG,2545 SCHOENERSVILLE ROAD,BETHLEHEM,PA,18017,LEHIGH,6104022273,Acute Care Hospitals,Voluntary Non-Profit - Other,1.0,,,,1,0,0
390265,JEFFERSON HOSPITAL,565 COAL VALLEY ROAD,JEFFERSON HILLS,PA,15025,ALLEGHENY,(412) 469-5000,Acute Care Hospitals,Voluntary Non-Profit - Other,1.0,,,,1,1,0
390266,GROVE CITY MEDICAL CENTER,631 NORTH BROAD STREET EXT.,GROVE CITY,PA,16127,MERCER,(724) 450-7000,Acute Care Hospitals,Voluntary Non-Profit - Other,1.0,,,,1,1,0
390267,FORBES HOSPITAL,2570 HAYMAKER ROAD,MONROEVILLE,PA,15146,ALLEGHENY,(412) 858-2000,Acute Care Hospitals,Voluntary Non-Profit - Other,1.0,,,,1,1,0
390268,MOUNT NITTANY MEDICAL CENTER,155 WELLNESS WAY,STATE COLLEGE,PA,16803,CENTRE,(814) 231-7000,Acute Care Hospitals,Voluntary Non-Profit - Other,1.0,,,,1,1,0
390270,GEISINGER WYOMING VALLEY MEDICAL CENTER,1000 EAST MOUNTAIN BOULEVARD,WILKES BARRE,PA,18711,LUZERNE,(570) 826-7300,Acute Care Hospitals,Voluntary Non-Profit - Private,1.0,,,,1,1,0
390272,VALLEY FORGE MEDICAL CENTER,1033 WEST GERMANTOWN PIKE,NORRISTOWN,PA,19403,MONTGOMERY,(610) 539-8500,Acute Care Hospitals,Proprietary,0.0,,,,1,1,0
390278,EAGLEVILLE HOSPITAL,100 EAGLEVILLE RD,EAGLEVILLE,PA,19403,MONTGOMERY,(610) 539-6000,Acute Care Hospitals,Voluntary Non-Profit - Other,1.0,,,,1,1,0
390290,HAHNEMANN UNIVERSITY HOSPITAL,230 NORTH BROAD STREET,PHILADELPHIA,PA,19102,PHILADELPHIA,2157627000,Acute Care Hospitals,Proprietary,1.0,,,,1,0,0
390304,ROXBOROUGH MEMORIAL HOSPITAL,5800 RIDGE AVE,PHILADELPHIA,PA,19128,PHILADELPHIA,(215) 483-9900,Acute Care Hospitals,Proprietary,1.0,,,,1,1,0
390307,EDGEWOOD SURGICAL HOSPITAL,239 EDGEWOOD DRIVE EXTENSION,TRANSFER,PA,16154,MERCER,(724) 646-0400,Acute Care Hospitals,Proprietary,1.0,,,,1,1,0
390312,CANCER TREATMENT CENTERS OF AMERICA,1331 EAST WYOMING AVENUE,PHILADELPHIA,PA,19124,PHILADELPHIA,2157446728,Acute Care Hospitals,Voluntary Non-Profit - Private,0.0,,,,1,0,0
390313,SAINT CATHERINE MEDICAL CENTER FOUNTAIN SPRINGS,101 BROAD STREET,ASHLAND,PA,17921,SCHUYLKILL,5708752000,Acute Care Hospitals,Proprietary,1.0,,,,1,0,0
390314,COORDINATED HEALTH ORTHOPEDIC HOSPITAL,2310 HIGHLAND AVENUE,BETHLEHEM,PA,18017,LEHIGH,6106914300,Acute Care Hospitals,Proprietary,0.0,,,,1,0,0
390316,SURGICAL INSTITUTE OF READING,2752 CENTURY BOULEVARD,WYOMISSING,PA,19610,BERKS,(717) 999-9999,Acute Care Hospitals,Proprietary,0.0,,,,1,1,0
390318,WESTFIELD HOSPITAL,4815 TILGHMAN STREET,ALLENTOWN,PA,18105,LEHIGH,6109738400,Acute Care Hospitals,Proprietary,1.0,,,,1,0,0
390321,SURGICAL SPECIALTY CENTER AT COORDINATED HEALTH,1503 CEDAR CREST BOULEVARD,ALLENTOWN,PA,18104,LEHIGH,6108719110,Acute Care Hospitals,Proprietary,0.0,,,,1,0,0
390322,ROTHMAN ORTHOPAEDIC SPECIALTY HOSPITAL,3300 TILLMAN DRIVE,BENSALEM,PA,19020,BUCKS,(215) 244-7400,Acute Care Hospitals,Proprietary,0.0,,,,1,1,0
390323,ADVANCED SURGICAL HOSPITAL,100 TRICH DRIVE,WASHINGTON,PA,15301,WASHINGTON,(724) 884-0710,Acute Care Hospitals,Proprietary,0.0,,,,1,1,0
390324,PHYSICIANS CARE SURGICAL HOSPITAL,454 ENTERPRISE DRIVE,ROYERSFORD,PA,19468,MONTGOMERY,(610) 495-3330,Acute Care Hospitals,Proprietary,0.0,,,,1,1,0
390325,OSS ORTHOPAEDIC HOSPITAL,1861 POWDER MILL RD,YORK,PA,17402,YORK,(717) 718-2000,Acute Care Hospitals,Proprietary,0.0,,,,1,1,0
390326,ST LUKE'S HOSPITAL - ANDERSON CAMPUS,1872 ST LUKE'S BLVD,EASTON,PA,18045,NORTHAMPTON,(484) 503-3000,Acute Care Hospitals,Voluntary Non-Profit - Private,1.0,,,,1,1,0
390327,WELLSPAN SURGERY AND REHABILITATION HOSPITAL,55 MONUMENT ROAD,YORK,PA,17403,YORK,(717) 812-6100,,,,,,,0,1,0
390328,UPMC EAST,2775 MOSSIDE BOULEVARD,MONROEVILLE,PA,15146,ALLEGHENY,(412) 357-3000,,,,,,,0,1,0
390329,JEFFERSON EINSTEIN MONTGOMERY HOSPITAL,559 WEST GERMANTOWN PIKE,EAST NORRITON,PA,19403,MONTGOMERY,(484) 662-1000,,,,,,,0,1,0
390330,ST LUKE'S HOSPITAL - MONROE CAMPUS,100 ST LUKE'S LANE,STROUDSBURG,PA,18360,MONROE,(272) 212-1000,,,,,,,0,1,0
390331,WILLS EYE HOSPITAL,840 WALNUT STREET,PHILADELPHIA,PA,19107,PHILADELPHIA,(215) 440-3100,,,,,,,0,1,0
390332,GEISINGER ST. LUKE'S  HOSPITAL,100 PARAMOUNT BOULEVARD,ORWIGSBURG,PA,17961,SCHUYLKILL,(272) 639-4990,,,,,,,0,1,0
390333,"AHN EMERUS WESTMORELAND, LLC",6321 ROUTE 30,GREENSBURG,PA,15601,WESTMORELAND,(787) 295-4735,,,,,,,0,1,0
390334,AHN WEXFORD HOSPITAL,12351 PERRY HIGHWAY,WEXFORD,PA,15090,ALLEGHENY,(412) 295-3319,,,,,,,0,1,0
390335,ST LUKE'S HOSPITAL - CARBON CAMPUS,500 ST LUKE'S DRIVE,LEHIGHTON,PA,18235,CARBON,(610) 377-7001,,,,,,,0,1,0
390336,PENN STATE HEALTH HAMPDEN MEDICAL CENTER,2200 GOOD HOPE ROAD,ENOLA,PA,17025,CUMBERLAND,(717) 981-9000,,,,,,,0,1,0
390337,GEISINGER MEDICAL CENTER MUNCY,255 ROUTE 220 HIGHWAY,MUNCY,PA,17756,LYCOMING,(570) 308-2475,,,,,,,0,1,0
390338,LEHIGH VALLEY HOSPITAL - DICKSON CITY,330 MAIN STREET,DICKSON CITY,PA,18519,LACKAWANNA,(570) 330-5000,,,,,,,0,1,0
390339,PENN STATE HEALTH LANCASTER MEDICAL CENTER,2160 STATE ROAD,LANCASTER,PA,17601,LANCASTER,(223) 287-9000,,,,,,,0,1,0
390430,LEHIGH VALLEY HOSPITAL - MACUNGIE,3369 STATE ROUTE 100,MACUNGIE,PA,18062,LEHIGH,(835) 215-5500,,,,,,,0,1,0
391300,GEISINGER JERSEY SHORE HOSPITAL,1020 THOMPSON STREET,JERSEY SHORE,PA,17740,LYCOMING,(570) 398-3101,Critical Access Hospitals,Voluntary Non-Profit - Private,1.0,,,,1,1,0
391301,UPMC MUNCY,215 EAST WATER STREET,MUNCY,PA,17756,LYCOMING,(570) 546-8282,Critical Access Hospitals,Voluntary Non-Profit - Private,1.0,,,,1,1,0
391302,CONEMAUGH MEYERSDALE MEDICAL CENTER,200 HOSPITAL DRIVE,MEYERSDALE,PA,15552,SOMERSET,(814) 634-5911,Critical Access Hospitals,Government - Local,1.0,,,,1,1,0
391303,FULTON COUNTY MEDICAL CENTER,214 PEACH ORCHARD ROAD,MCCONNELLSBURG,PA,17233,FULTON,(717) 485-3155,Critical Access Hospitals,Voluntary Non-Profit - Private,1.0,,,,1,1,0
391304,BUCKTAIL MEDICAL CENTER,1001 PINE STREET,RENOVO,PA,17764,CLINTON,(570) 923-1000,Critical Access Hospitals,Voluntary Non-Profit - Private,1.0,,,,1,1,0
391305,TROY COMMUNITY HOSPITAL,275 GUTHRIE DRIVE,TROY,PA,16947,BRADFORD,(570) 297-2121,Critical Access Hospitals,Voluntary Non-Profit - Private,1.0,,,,1,1,0
391306,ENDLESS MOUNTAINS HEALTH SYSTEMS,100 HOSPITAL DRIVE,MONTROSE,PA,18801,SUSQUEHANNA,(570) 278-3801,Critical Access Hospitals,Voluntary Non-Profit - Private,1.0,,,,1,1,0
391307,PENN HIGHLANDS TYRONE,187 HOSPITAL DRIVE,TYRONE,PA,16686,BLAIR,(814) 684-1255,Critical Access Hospitals,Voluntary Non-Profit - Private,1.0,,,,1,1,0
391308,LECOM HEALTH CORRY MEMORIAL HOSPITAL,965 SHAMROCK LANE,CORRY,PA,16407,ERIE,(814) 664-4641,Critical Access Hospitals,Voluntary Non-Profit - Private,1.0,,,,1,1,0
391309,BARNES-KASSON COUNTY HOSPITAL,2872 TURNPIKE STREET,SUSQUEHANNA,PA,18847,SUSQUEHANNA,(570) 853-3135,Critical Access Hospitals,Voluntary Non-Profit - Private,1.0,,,,1,1,0
391311,MID-VALLEY HOSPITAL,1400 MAIN STREET,PECKVILLE,PA,18452,LACKAWANNA,5703835000,Critical Access Hospitals,Voluntary Non-Profit - Other,1.0,,,,1,0,0
391312,PENN HIGHLANDS BROOKVILLE,100 HOSPITAL ROAD,BROOKVILLE,PA,15825,JEFFERSON,(814) 849-2312,Critical Access Hospitals,Voluntary Non-Profit - Private,1.0,,,,1,1,0
391313,UPMC COLE,1001 EAST SECOND STREET,COUDERSPORT,PA,16915,POTTER,(814) 274-9301,Critical Access Hospitals,Voluntary Non-Profit - Other,1.0,,,,1,1,0
391314,TITUSVILLE AREA HOSPITAL,406 WEST OAK STREET,TITUSVILLE,PA,16354,CRAWFORD,(814) 827-1851,,,,,,,0,1,0
391315,PENN HIGHLANDS ELK,763 JOHNSONBURG ROAD,SAINT MARYS,PA,15857,ELK,(814) 788-8000,,,,,,,0,1,0
391316,UPMC WELLSBORO,32-36 CENTRAL AVENUE,WELLSBORO,PA,16901,TIOGA,(570) 723-7764,,,,,,,0,1,0
391317,CONEMAUGH MINERS MEDICAL CENTER,290 HAIDA AVENUE,HASTINGS,PA,16646,CAMBRIA,(814) 247-3101,,,,,,,0,1,0
391318,UPMC KANE,4372 ROUTE 6,KANE,PA,16735,MC KEAN,(814) 837-8585,,,,,,,0,1,0
393302,UPMC CHILDREN'S HOSPITAL OF PITTSBURGH,ONE CHILDREN'S HOSPITAL DRIVE,PITTSBURGH,PA,15224,ALLEGHENY,(412) 692-5325,Childrens,Voluntary Non-Profit - Other,1.0,,,,1,1,0
393303,CHILDREN'S HOSPITAL OF PHILADELPHIA,3401 CIVIC CENTER BLVD,PHILADELPHIA,PA,19104,PHILADELPHIA,(215) 590-1000,Childrens,Voluntary Non-Profit - Private,1.0,,,,1,1,0
393304,CHILDREN'S HOME OF PITTSBURGH,5324 PENN AVENUE,PITTSBURGH,PA,15224,ALLEGHENY,(412) 441-4884,,,,,,,0,1,0
393307,ST CHRISTOPHER'S HOSPITAL FOR CHILDREN,160 EAST ERIE AVE,PHILADELPHIA,PA,19134,PHILADELPHIA,(215) 427-5000,,,,,,,0,1,0
393309,SHRINERS HOSPITALS FOR CHILDREN - PHILADELPHIA,3551 N BROAD STREET,PHILADELPHIA,PA,19104,PHILADELPHIA,(215) 430-4000,,,,,,,0,1,0
400001,PRESBYTERIAN COMMUNITY HOSPITAL,"1451 ASHFORD AVENUE, EL CONDADO",SAN JUAN,PR,00907,SAN JUAN,(787) 721-2160,Acute Care Hospitals,Voluntary Non-Profit - Other,1.0,,,,1,1,0
400003,HOSPITAL METROPOLITANO DR PILA,2435  BOULEVARD LUIS A FERRE,PONCE,PR,00717,PONCE,(787) 848-6910,Acute Care Hospitals,Voluntary Non-Profit - Private,1.0,,,,1,1,0
400004,"ASOCIACION HOSPITAL DEL MAESTRO, INC",SERGIO CUEVAS BUSTAMANTE STREET 550,SAN JUAN,PR,00918,SAN JUAN,(787) 758-8383,Acute Care Hospitals,Voluntary Non-Profit - Other,1.0,,,,1,1,0
400005,HOPE MEDICAL CENTER,3 CALLE FONT MARTELO,HUMACAO,PR,00791,HUMACAO,(787) 852-2424,Acute Care Hospitals,Proprietary,1.0,,,,1,1,0
400006,DOCTOR'S CENTER DE SAN JUAN,PDA. 20 C/ SAN RAFAEL # 1395,SANTURCE,PR,00909,SAN JUAN,(787) 723-2950,Acute Care Hospitals,Proprietary,1.0,,,,1,1,0
400007,RYDER MEMORIAL HOSPITAL INC,355 AVE FONT MARTELO,HUMACAO,PR,00791,HUMACAO,(787) 852-0768,Acute Care Hospitals,Voluntary Non-Profit - Private,1.0,,,,1,1,0
400009,SANTA ROSA CLINIC,AVE. LOS VETERANOS #3,GUAYAMA,PR,00785,GUAYANILLA,7878640101,Acute Care Hospitals,Voluntary Non-Profit - Private,1.0,,,,1,0,0
400010,HOSPITAL GENERAL DE CASTANER,CARR 135 KM 64 2,CASTANER,PR,00631,LARES,(787) 829-5010,Acute Care Hospitals,Government - Local,1.0,,,,1,1,0
400011,"HOSPITAL MENONITA HUMACAO, INC",300  AVE FONT MARTELLO,HUMACAO,PR,00792,HUMACAO,(787) 434-1700,Acute Care Hospitals,Proprietary,1.0,,,,1,1,0
400012,HOSPITAL ONCOLOGICO DR ISAAC GONZALEZ MARTINEZ,BO. MONACILLOS 150 AVE AMERICO MIRANDA,SAN JUAN,PR,00936,SAN JUAN,(787) 763-4149,Acute Care Hospitals,Voluntary Non-Profit - Private,0.0,,,,1,1,0
400013,HOSPITAL MENONITA DE CAYEY,BO. RINCON SECTOR LAS LOMAS  KM.3.1 CARR 14,CAYEY,PR,00737,CAYEY,(787) 535-1001,Acute Care Hospitals,Voluntary Non-Profit - Private,1.0,,,,1,1,0
400014,BELLA VISTA HOSPITAL,CARR 349 KM 2 7 CERRO LAS MESAS,MAYAGUEZ,PR,00681,MAYAGUEZ,(787) 652-6045,Acute Care Hospitals,Voluntary Non-Profit - Church,1.0,,,,1,1,0
400015,SAN JUAN MUNICIPALITY HOSPITAL,"BO MONACILLOS,CENTRO MEDICO",RIO PIEDRAS,PR,00926,SAN JUAN,(787) 748-0270,Acute Care Hospitals,Voluntary Non-Profit - Other,1.0,,,,1,1,0
400016,AUXILIO MUTUO HOSPITAL,PONCE DE LEON AVENUE  735 STOP 37 1/2,SAN JUAN,PR,00918,SAN JUAN,(787) 758-2000,Acute Care Hospitals,Voluntary Non-Profit - Private,1.0,,,,1,1,0
400018,HOSPITAL MENONITA DE AIBONITO,CALLE JOSE C VASQUEZ BO. CAONILLAS,AIBONITO,PR,00705,AIBONITO,(787) 535-1001,Acute Care Hospitals,Voluntary Non-Profit - Other,1.0,,,,1,1,0
400019,HOSPITAL PAVIA SANTURCE,STREET PROFESOR AUGUSTO RODRIGUEZ #1462,SAN JUAN,PR,00910,SAN JUAN,(787) 641-1616,Acute Care Hospitals,Voluntary Non-Profit - Private,1.0,,,,1,1,0
400021,HOSPITAL DE LA CONCEPCION,ROAD NUMBER 2 KM 173.4 CAIN ALTO,SAN GERMAN,PR,00683,SAN GERMAN,(787) 892-1860,Acute Care Hospitals,Proprietary,1.0,,,,1,1,0
400022,HOSPITAL DAMAS INC,PONCE BY PASS #2213,PONCE,PR,00717,PONCE,(787) 840-8460,Acute Care Hospitals,Voluntary Non-Profit - Private,1.0,,,,1,1,0
400024,CLINICA ESPANOLA INC,SECTOR LA QUINTA BO BALBOA,MAYAGUEZ,PR,00680,MAYAGUEZ,7878320404,Acute Care Hospitals,Voluntary Non-Profit - Private,1.0,,,,1,0,0
400026,LAFAYETTE HOSPITAL,CARR.753 KM.0.1-SECTOR CUATRO CALLES,ARROYO,PR,00714,ARROYO,7878393232,Acute Care Hospitals,Voluntary Non-Profit - Private,1.0,,,,1,0,0
400032,BAYAMON MEDICAL CENTER,CARRETERA #2 KM 11 7,BAYAMON,PR,00960,BAYAMON,(787) 620-8181,Acute Care Hospitals,Proprietary,1.0,,,,1,1,0
40003F,SAN JUAN VA MEDICAL CENTER,10 CALLE CASIA,SAN JUAN,PR,00921,SAN JUAN,(800) 449-8729,ACUTE CARE - VETERANS ADMINISTRATION,Government - Federal,1.0,,,,1,1,0
400044,HOSPITAL EPISCOPAL SAN LUCAS II,917 AVE TITO CASTRO,PONCE,PR,00716,PONCE,(787) 844-2080,Acute Care Hospitals,Voluntary Non-Profit - Church,1.0,,,,1,1,0
400048,HOSPITAL MENONITA GUAYAMA,AVE. PEDRO ALBIZU CAMPOS URB. LA HACIENDA,GUAYAMA,PR,00785,GUAYANILLA,(787) 864-4300,Acute Care Hospitals,Proprietary,1.0,,,,1,1,0
400061,HOSPITAL UNIVERSITARIO DE ADULTO,BARRIO MONACILLOS CENTROMEDICO,RIO PIEDRAS,PR,00927,SAN JUAN,(787) 754-0101,Acute Care Hospitals,Government - State,1.0,,,,1,1,0
400079,HOSPITAL  COMUNITARIO BUEN SAMARITANO INC,CARR EST PR 460 KM 0 2 BO CAIMITAL BAJO,AGUADILLA,PR,00603,AGUADILLA,(787) 658-0000,Acute Care Hospitals,Voluntary Non-Profit - Other,1.0,,,,1,1,0
400087,HOSPITAL PAVIA ARECIBO,CARRETERA 129 KM.1 AVENIDA SAN LUIS,ARECIBO,PR,00612,ARECIBO,(787) 650-7272,Acute Care Hospitals,Proprietary,1.0,,,,1,1,0
400098,HOSPITAL SAN FRANCISCO,371 DE DIEGO AVE,SAN JUAN,PR,00923,SAN JUAN,(787) 767-5100,Acute Care Hospitals,Proprietary,1.0,,,,1,1,0
400102,DOCTORS' CENTER BAYAMON,CALLE  J 9 EXTENSION  HERMANAS DAVILA,BAYAMON,PR,00960,BAYAMON,(787) 622-5420,Acute Care Hospitals,Proprietary,1.0,,,,1,1,0
400103,MAYAGUEZ MEDICAL CENTER DR RAMON EMETERIO BETANCES,CARR 2 BO SABALOS,MAYAGUEZ,PR,00682,MAYAGUEZ,(787) 652-9200,Acute Care Hospitals,Proprietary,1.0,,,,1,1,0
400104,HOSPITAL MENONITA CAGUAS INC,CARR 172  EXIT 21 URB TURABO GARDENS,CAGUAS,PR,00725,CAGUAS,(787) 653-0550,Acute Care Hospitals,Government - Hospital District or Authority,1.0,,,,1,1,0
400105,HOSPITAL UNIVERSITARIO DR RUIZ ARNAU,LAUREL AVE SANTA JUANITA #100,BAYAMON,PR,00956,BAYAMON,(787) 787-5151,Acute Care Hospitals,Government - State,1.0,,,,1,1,0
400106,METROPOLITAN HOSPITAL,CARRETERA 21 1785 URB LAS LOMAS,SAN JUAN,PR,00915,SAN JUAN,(787) 782-9999,Acute Care Hospitals,Proprietary,1.0,,,,1,1,0
400109,HOSPITAL ESPANOL AUXILIO MUTUO SAN PABLO,CALLE SANTA CRUZ NUM 70 URB SANTA CRUZ,BAYAMON,PR,00961,BAYAMON,(787) 620-4747,Acute Care Hospitals,Proprietary,1.0,,,,1,1,0
400110,HOSPITAL PAVIA YAUCO,ROAD 128 KM 1.0,YAUCO,PR,00698,YAUCO,(787) 856-1000,Acute Care Hospitals,Proprietary,1.0,,,,1,1,0
400111,HOSPITAL SAN CARLOS BORROMEO,CALLE CONCEPCION VERA AYALA #550 S,MOCA,PR,00676,MOCA,(787) 877-8000,Acute Care Hospitals,Voluntary Non-Profit - Private,1.0,,,,1,1,0
400112,"HOSPITAL UPR, DR  FEDERICO TRILLA",CARR 3 KM 8  3 AVE 65TH INFANTERIA       BOX 6021,CAROLINA,PR,00984,CAROLINA,(787) 757-1800,Acute Care Hospitals,Proprietary,0.0,,,,1,1,0
400113,HOSPITAL MENONITA PONCE,CARR PR 506 KM 1 0 BO COTO LAUREL,PONCE,PR,00780,PONCE,(787) 290-3096,Acute Care Hospitals,Voluntary Non-Profit - Private,1.0,,,,1,1,0
400114,MANATI MEDICAL CENTER DR OTERO LOPEZ,CARR 668 CALLE HERNANDEZ CARRION URB ATENAS,MANATI,PR,00674,MANATI,(787) 621-3700,Acute Care Hospitals,Proprietary,1.0,,,,1,1,0
400115,CENTRO MEDICO WILMA N VAZQUEZ,CARR. 2 KM 39.5    ROAD NUMBER 2 BO ALGARROBO,VEGA BAJA,PR,00693,VEGA BAJA,(787) 858-1580,Acute Care Hospitals,Proprietary,1.0,,,,1,1,0
400117,HOSPITAL METROPOLITANO  DR SUSONI,CALLE  PALMA  NUM 55,ARECIBO,PR,00612,ARECIBO,(787) 650-1030,Acute Care Hospitals,Voluntary Non-Profit - Private,1.0,,,,1,1,0
400118,"DOCTORS' CENTER HOSPITAL, INC","MARGINAL CARRETERA NO 2, KM 47.7",MANATI,PR,00674,MANATI,(787) 853-3322,Acute Care Hospitals,Proprietary,1.0,,,,1,1,0
400120,HOSPITAL PAVIA CAGUAS,URB MARIOLGA 100 AVE LUIS MUNOZ MARIN,CAGUAS,PR,00725,CAGUAS,(787) 620-9770,Acute Care Hospitals,Proprietary,1.0,,,,1,1,0
400121,HOSPITAL SAN GERARDO,ROAD NO 844 KM 0 5 PO CUPEY BAJO,RIO PIEDRAS,PR,00928,SAN JUAN,7877618383,Acute Care Hospitals,Voluntary Non-Profit - Private,1.0,,,,1,0,0
400122,PROFESSIONAL HOSPITAL GUAYNABO INC,8 AVE LAS CUMBRES,GUAYNABO,PR,00970,GUAYNABO,(787) 740-8787,,,,,,,0,1,0
400123,HOSPITAL PEREA,15 DR BASORA STREET,MAYAGUEZ,PR,00681,MAYAGUEZ,(787) 834-0101,Acute Care Hospitals,Voluntary Non-Profit - Private,1.0,,,,1,1,0
400124,CENTRO CARDIOVASCULAR DE PUERTO RICO Y EL CARIBE,"AVENIDA AMERICO MIRANDA, ENTRADA PRINCIPAL C M",SAN JUAN,PR,00936,SAN JUAN,(787) 754-8500,Acute Care Hospitals,Government - State,1.0,,,,1,1,0
400125,HIMA-SAN PABLO FAJARDO,GENERAL VALERO AVE#404,FAJARDO,PR,00738,FAJARDO,7876550505,Acute Care Hospitals,Proprietary,1.0,,,,1,0,0
400126,HOSPITAL METROPOLITANO DE SAN GERMAN,CALLE JAVILLA  #8 AL COSTADO PARQUE DE BOMBAS,SAN GERMAN,PR,00683,SAN GERMAN,(787) 852-5300,Acute Care Hospitals,Voluntary Non-Profit - Private,1.0,,,,1,1,0
400127,ASEM,EDIFICIO CENTRAL JULIO A PEREZ MEDICAL CENTER,SAN JUAN,PR,00935,SAN JUAN,(787) 777-3535,Acute Care Hospitals,Government - Local,1.0,,,,1,1,0
400128,"HOSPITAL PAVIA HATO REY, INC",AVE PONCE DE LEON 435,HATO REY,PR,00919,SAN JUAN,(787) 754-0909,Acute Care Hospitals,Voluntary Non-Profit - Private,1.0,,,,1,1,0
400130,HOSPITAL METROPOLITANO DE LA MONTANA,CALLE ISAAC GONZALEZ ESQUINA LEDESMA,BDA NUEVA,PR,00641,UTUADO,(787) 933-1100,Acute Care Hospitals,Proprietary,1.0,,,,1,1,0
400131,CARIBBEAN MEDICAL CENTER,151 AVE OSVALDO MOLINA,FAJARDO,PR,00738,FAJARDO,(787) 801-0081,,,,,,,0,1,0
400132,DOCTORS CENTER HOSPITAL  CAROLINA LLC,EDIF JESUS T PINEIRO AVE FERNANDEZ JUNCOS BO PUEBL,CAROLINA,PR,00979,SAN JUAN,(787) 725-6038,,,,,,,0,1,0
400134,THE SAN JORGE HOSPITAL INC,258 SAN JORGE STREET,SAN JUAN,PR,00912,SAN JUAN,(904) 425-1023,,,,,,,0,1,0
400135,HOSPITAL  CENTRO COMPRENSIVO DEL CANCER,PR21 INT PR 18   BO MONACILLOS URBANO,SAN JUAN,PR,00927,SAN JUAN,(787) 772-8300,,,,,,,0,1,0
400136,HOSPITAL SAN ANTONIO INC,18 CALLE DR RAMOS E BETANCES N,MAYAGUEZ,PR,00680,MAYAGUEZ,(787) 834-0050,,,,,,,0,1,0
400137,DOCTORS CENTER HOSPITAL ORLANDO HEALTH DORADO,900 CARRETERA 696,DORADO,PR,00646,DORADO,(787) 625-9386,,,,,,,0,1,0
400138,PUERTO RICO WOMEN AND CHILDREN HOSPITAL LLC,CARR PR-2 KM11 6 INTERIOR ALEDANO HOSPITAL HERMANO,BAYAMON,PR,00959,BAYAMON,(787) 474-8282,,,,,,,0,1,0
400139,HOSPITAL EPISCOPAL  SAN LUCAS METRO,CARR 844 KM 0 5 CUPEY,SAN JUAN,PR,00928,SAN JUAN,(787) 761-8383,,,,,,,0,1,0
400140,CENTRO MEDICO DEL NORESTE,404 AVE GENERAL VALERO,FAJARDO,PR,00738,FAJARDO,(787) 863-0505,,,,,,,0,1,0
403301,UNIVERSITY PEDIATRIC HOSPITAL,PUERTO RICO MEDICAL CENTER IN RIO PIEDRAS,SAN JUAN,PR,00935,SAN JUAN,(787) 777-3232,,,,,,,0,1,0
410001,MEMORIAL HOSPITAL OF RHODE ISLAND,111 BREWSTER STREET,PAWTUCKET,RI,02860,PROVIDENCE,4017292000,Acute Care Hospitals,Voluntary Non-Profit - Other,1.0,,,,1,0,0
410004,ROGER WILLIAMS MEDICAL CENTER,825 CHALKSTONE AVENUE,PROVIDENCE,RI,02908,PROVIDENCE,(401) 456-2025,Acute Care Hospitals,Voluntary Non-Profit - Private,1.0,,,,1,1,0
410005,OUR LADY OF FATIMA HOSPITAL,200 HIGH SERVICE AVENUE,NORTH PROVIDENCE,RI,02904,PROVIDENCE,(401) 456-3000,Acute Care Hospitals,Voluntary Non-Profit - Private,1.0,,,,1,1,0
410006,NEWPORT HOSPITAL,11 FRIENDSHIP STREET,NEWPORT,RI,02840,NEWPORT,(401) 846-6400,Acute Care Hospitals,Voluntary Non-Profit - Private,1.0,,,,1,1,0
410007,RHODE ISLAND HOSPITAL,593 EDDY STREET,PROVIDENCE,RI,02902,PROVIDENCE,(401) 444-4000,Acute Care Hospitals,Voluntary Non-Profit - Private,1.0,,,,1,1,0
410008,SOUTH COUNTY HOSPITAL INC,100 KENYON AVE,WAKEFIELD,RI,02879,WASHINGTON,(401) 782-8000,Acute Care Hospitals,Voluntary Non-Profit - Private,1.0,,,,1,1,0
410009,KENT COUNTY MEMORIAL HOSPITAL,455 TOLL GATE RD,WARWICK,RI,02886,KENT,(401) 737-7010,Acute Care Hospitals,Voluntary Non-Profit - Other,1.0,,,,1,1,0
410010,WOMEN & INFANTS HOSPITAL OF RHODE ISLAND,101 DUDLEY STREET,PROVIDENCE,RI,02905,PROVIDENCE,(401) 274-1100,Acute Care Hospitals,Voluntary Non-Profit - Private,1.0,,,,1,1,0
410011,LANDMARK MEDICAL CENTER,115 CASS AVENUE,WOONSOCKET,RI,02895,PROVIDENCE,(401) 769-4100,Acute Care Hospitals,Voluntary Non-Profit - Private,1.0,,,,1,1,0
410012,THE MIRIAM HOSPITAL,164 SUMMIT AVENUE,PROVIDENCE,RI,02906,PROVIDENCE,(401) 793-2500,Acute Care Hospitals,Voluntary Non-Profit - Private,1.0,,,,1,1,0
410013,WESTERLY HOSPITAL,25 WELLS STREET,WESTERLY,RI,02891,WASHINGTON,(401) 596-6000,Acute Care Hospitals,Voluntary Non-Profit - Private,1.0,,,,1,1,0
41005F,PROVIDENCE VA MEDICAL CENTER,830 CHALKSTONE AVENUE,PROVIDENCE,RI,02908,PROVIDENCE,(401) 457-3042,ACUTE CARE - VETERANS ADMINISTRATION,Government - Federal,1.0,,,,1,1,0
420002,PIEDMONT MEDICAL CENTER,1731 FRANK GASTON BLVD,ROCK HILL,SC,29732,YORK,(803) 329-1234,Acute Care Hospitals,Proprietary,1.0,,,,1,1,0
420004,MUSC MEDICAL CENTER,169 ASHLEY AVE,CHARLESTON,SC,29425,CHARLESTON,(843) 792-2300,Acute Care Hospitals,Government - State,1.0,,,,1,1,0
420005,MCLEOD MEDICAL CENTER - DILLON,301 E JACKSON STREET PO BOX 1327,DILLON,SC,29536,DILLON,(843) 774-4111,Acute Care Hospitals,Voluntary Non-Profit - Private,1.0,,,,1,1,0
420007,SPARTANBURG MEDICAL CENTER,101 E WOOD ST,SPARTANBURG,SC,29303,SPARTANBURG,(864) 560-6554,Acute Care Hospitals,Government - Hospital District or Authority,1.0,,,,1,1,0
420009,PRISMA HEALTH OCONEE MEMORIAL HOSPITAL,298 MEMORIAL DR,SENECA,SC,29672,OCONEE,(864) 482-3100,Acute Care Hospitals,Voluntary Non-Profit - Private,1.0,,,,1,1,0
420010,CAROLINA PINES REGIONAL MEDICAL CENTER,1304 W BOBO NEWSOM HWY,HARTSVILLE,SC,29550,DARLINGTON,(864) 339-2100,Acute Care Hospitals,Proprietary,1.0,,,,1,1,0
420011,CANNON MEMORIAL HOSPITAL,123 W G ACKER DRIVE,PICKENS,SC,29671,PICKENS,(864) 878-4791,Acute Care Hospitals,Voluntary Non-Profit - Private,1.0,,,,1,1,0
420015,PRISMA HEALTH BAPTIST EASLEY HOSPITAL,200 FLEETWOOD DRIVE,EASLEY,SC,29640,PICKENS,(864) 442-7606,Acute Care Hospitals,Voluntary Non-Profit - Private,1.0,,,,1,1,0
420016,BARNWELL COUNTY HOSPITAL,PO BOX 588  811  REYNOLDS ROAD,BARNWELL,SC,29812,BARNWELL,8035414161,Acute Care Hospitals,Voluntary Non-Profit - Other,1.0,,,,1,0,0
420018,PRISMA HEALTH RICHLAND HOSPITAL,5 MEDICAL PARK,COLUMBIA,SC,29203,RICHLAND,(803) 296-2548,Acute Care Hospitals,Voluntary Non-Profit - Private,1.0,,,,1,1,0
420019,MUSC HEALTH CHESTER MEDICAL CENTER,1 MEDICAL PARK DRIVE,CHESTER,SC,29706,CHESTER,(803) 581-3151,Acute Care Hospitals,Proprietary,1.0,,,,1,1,0
420020,TIDELANDS GEORGETOWN MEMORIAL HOSPITAL,606 BLACK RIVER RD DRAWER 1718,GEORGETOWN,SC,29440,GEORGETOWN,(843) 527-7000,Acute Care Hospitals,Voluntary Non-Profit - Private,1.0,,,,1,1,0
420023,ST FRANCIS-DOWNTOWN,ONE ST FRANCIS DR,GREENVILLE,SC,29601,GREENVILLE,(800) 805-5678,Acute Care Hospitals,Voluntary Non-Profit - Church,1.0,,,,1,1,0
420026,MUSC HEALTH COLUMBIA MEDICAL CENTER DOWNTOWN,2435 FOREST DRIVE,COLUMBIA,SC,29204,RICHLAND,(803) 256-5300,Acute Care Hospitals,Voluntary Non-Profit - Private,1.0,,,,1,1,0
420027,ANMED HEALTH,800 N FANT ST,ANDERSON,SC,29621,ANDERSON,(864) 512-2830,Acute Care Hospitals,Voluntary Non-Profit - Private,1.0,,,,1,1,0
420030,COLLETON MEDICAL CENTER,501 ROBERTSON BOULEVARD,WALTERBORO,SC,29488,COLLETON,(843) 782-2000,Acute Care Hospitals,Proprietary,1.0,,,,1,1,0
420033,PRISMA HEALTH GREER MEMORIAL HOSPITAL,1413 JOHN B WHITE SR BLVD SUITE D,SPARTANBURG,SC,29306,SPARTANBURG,(864) 848-8200,Acute Care Hospitals,Government - Local,1.0,,,,1,1,0
420036,MUSC HEALTH LANCASTER MEDICAL CENTER,800 W MEETING ST,LANCASTER,SC,29720,LANCASTER,(803) 286-1481,Acute Care Hospitals,Proprietary,1.0,,,,1,1,0
420037,PRISMA HEALTH HILLCREST HOSPITAL,741 SOUTH EAST MAIN STREET,SIMPSONVILLE,SC,29681,GREENVILLE,(864) 454-6100,Acute Care Hospitals,Government - Hospital District or Authority,1.0,,,,1,1,0
420038,PRISMA HEALTH LAURENS COUNTY HOSPITAL,22725 HIGHWAY 76 EAST,CLINTON,SC,29325,LAURENS,(864) 833-9100,Acute Care Hospitals,Government - Hospital District or Authority,1.0,,,,1,1,0
420039,WALLACE THOMSON HOSPITAL,322 W SOUTH ST PO BOX 789,UNION,SC,29379,UNION,8644270351,Acute Care Hospitals,Government - Hospital District or Authority,1.0,,,,1,0,0
420043,CHEROKEE MEDICAL CENTER,1530 N LIMESTONE ST,GAFFNEY,SC,29340,CHEROKEE,(864) 487-4271,Acute Care Hospitals,Proprietary,1.0,,,,1,1,0
420048,KERSHAWHEALTH,1315 ROBERTS STREET,CAMDEN,SC,29020,KERSHAW,(803) 432-4311,Acute Care Hospitals,Voluntary Non-Profit - Other,1.0,,,,1,1,0
420049,CONWAY MEDICAL CENTER,300 SINGLETON RIDGE ROAD,CONWAY,SC,29526,HORRY,(843) 347-8037,Acute Care Hospitals,Voluntary Non-Profit - Private,1.0,,,,1,1,0
420051,MCLEOD REGIONAL MEDICAL CENTER-PEE DEE,555 E CHEVES ST BOX 8700,FLORENCE,SC,29506,FLORENCE,(843) 777-2900,Acute Care Hospitals,Voluntary Non-Profit - Private,1.0,,,,1,1,0
420053,NEWBERRY COUNTY MEMORIAL HOSPITAL,2669 KINARD ST PO BOX 497,NEWBERRY,SC,29108,NEWBERRY,(803) 405-7145,Acute Care Hospitals,Government - Local,1.0,,,,1,1,0
420054,MARLBORO PARK HOSPITAL,1138 CHERAW HIGHWAY,BENNETTSVILLE,SC,29512,MARLBORO,8434792881,Acute Care Hospitals,Proprietary,1.0,,,,1,0,0
420055,MUSC HEALTH MARION MEDICAL CENTER,2829 E HWY 76,MULLINS,SC,29574,MARION,(843) 431-2000,Acute Care Hospitals,Voluntary Non-Profit - Private,1.0,,,,1,1,0
420056,BAMBERG COUNTY MEMORIAL HOSPITAL,509 NORTH STREET,BAMBERG,SC,29003,BAMBERG,8032454321,Acute Care Hospitals,Government - Local,1.0,,,,1,0,0
420057,MCLEOD MEDICAL CENTER - DARLINGTON,701 CASHUA FERRY ROAD,DARLINGTON,SC,29540,DARLINGTON,8433951100,Acute Care Hospitals,Voluntary Non-Profit - Private,0.0,,,,1,0,0
420062,CHESTERFIELD GENERAL HOSPITAL,711 CHESTERFIELD HIGHWAY,CHERAW,SC,29520,CHESTERFIELD,8435377881,Acute Care Hospitals,Voluntary Non-Profit - Private,1.0,,,,1,0,0
420064,LORIS COMMUNITY HOSPITAL,3655 MITCHELL ST,LORIS,SC,29569,HORRY,8437167000,Acute Care Hospitals,Government - Hospital District or Authority,1.0,,,,1,0,0
420065,BON SECOURS-ST FRANCIS XAVIER HOSPITAL,2095 HENRY TECKLENBURG DRIVE,CHARLESTON,SC,29414,CHARLESTON,(843) 402-1006,Acute Care Hospitals,Voluntary Non-Profit - Private,1.0,,,,1,1,0
420066,LAKE CITY COMMUNITY HOSPITAL,258 N RON MCNAIR BLVD,LAKE CITY,SC,29560,FLORENCE,8433742036,Acute Care Hospitals,Government - Hospital District or Authority,1.0,,,,1,0,0
420067,BEAUFORT COUNTY MEMORIAL HOSPITAL,955 RIBAUT RD,BEAUFORT,SC,29902,BEAUFORT,(843) 522-5200,Acute Care Hospitals,Government - Local,1.0,,,,1,1,0
420068,TRMC OF ORANGEBURG & CALHOUN,3000 ST MATTHEWS RD BOX 1806,ORANGEBURG,SC,29115,ORANGEBURG,8035332460,Acute Care Hospitals,Government - Local,1.0,,,,1,0,0
420069,CLARENDON MEMORIAL HOSPITAL,10 HOSPITAL ST BOX 550,MANNING,SC,29102,CLARENDON,8034358463,Acute Care Hospitals,Government - Hospital District or Authority,1.0,,,,1,0,0
420070,PRISMA HEALTH TUOMEY HOSPITAL,129 N WASHINGTON ST,SUMTER,SC,29150,SUMTER,(803) 774-8900,Acute Care Hospitals,Voluntary Non-Profit - Private,1.0,,,,1,1,0
420071,SELF REGIONAL HEALTHCARE,1325 SPRING STREET,GREENWOOD,SC,29646,GREENWOOD,(864) 227-4111,Acute Care Hospitals,Voluntary Non-Profit - Private,1.0,,,,1,1,0
420072,HAMPTON REGIONAL MEDICAL CENTER,595 WEST CAROLINA AVENUE,VARNVILLE,SC,29944,HAMPTON,(803) 943-2771,Acute Care Hospitals,Voluntary Non-Profit - Private,1.0,,,,1,1,0
420073,LEXINGTON MEDICAL CENTER,2720 SUNSET BLVD,WEST COLUMBIA,SC,29169,LEXINGTON,(803) 791-2000,Acute Care Hospitals,Government - Hospital District or Authority,1.0,,,,1,1,0
420078,PRISMA HEALTH GREENVILLE MEMORIAL HOSPITAL,701 GROVE ROAD,GREENVILLE,SC,29605,GREENVILLE,(864) 455-7000,Acute Care Hospitals,Voluntary Non-Profit - Other,1.0,,,,1,1,0
420079,TRIDENT MEDICAL CENTER,9330 MEDICAL PLAZA DR,CHARLESTON,SC,29406,CHARLESTON,(843) 847-4100,Acute Care Hospitals,Proprietary,1.0,,,,1,1,0
420080,HILTON HEAD REGIONAL MEDICAL CENTER,25 HOSPITAL CENTER BLVD,HILTON HEAD ISLAND,SC,29926,BEAUFORT,(843) 681-6122,Acute Care Hospitals,Voluntary Non-Profit - Other,1.0,,,,1,1,0
420082,AIKEN REGIONAL MEDICAL CENTER,302 UNIVERSITY PARKWAY,AIKEN,SC,29801,AIKEN,(803) 641-5900,Acute Care Hospitals,Proprietary,1.0,,,,1,1,0
420083,MARY BLACK MEMORIAL HOSPITAL,1700 SKYLYN DR BOX 3217,SPARTANBURG,SC,29307,SPARTANBURG,8645733000,Acute Care Hospitals,Proprietary,1.0,,,,1,0,0
420085,GRAND STRAND REGIONAL MEDICAL CENTER,809 82ND PARKWAY,MYRTLE BEACH,SC,29572,HORRY,(843) 692-1000,Acute Care Hospitals,Proprietary,1.0,,,,1,1,0
420086,PRISMA HEALTH BAPTIST,1330 TAYLOR AT MARION ST,COLUMBIA,SC,29220,RICHLAND,(803) 296-5678,Acute Care Hospitals,Voluntary Non-Profit - Private,1.0,,,,1,1,0
420087,ROPER HOSPITAL,316 CALHOUN ST,CHARLESTON,SC,29401,CHARLESTON,(843) 724-2800,Acute Care Hospitals,Voluntary Non-Profit - Private,1.0,,,,1,1,0
420089,EAST COOPER MEDICAL CENTER,2000 HOSPITAL DR,MOUNT PLEASANT,SC,29464,CHARLESTON,(843) 881-0100,Acute Care Hospitals,Proprietary,1.0,,,,1,1,0
420091,MUSC HEALTH FLORENCE MEDICAL CENTER,805 PAMPLICO HWY BOX 100550,FLORENCE,SC,29505,FLORENCE,(843) 674-2500,Acute Care Hospitals,Proprietary,1.0,,,,1,1,0
420098,TIDELANDS WACCAMAW COMMUNITY HOSPITAL,4070 HWY 17,MURRELLS INLET,SC,29576,HORRY,(843) 652-1000,Acute Care Hospitals,Voluntary Non-Profit - Private,1.0,,,,1,1,0
42009F,NH Beaufort,1 Pinckney Blvd,Beaufort,SC,29902,BEAUFORT,(843) 228-5200,,,,,,,0,1,0
420101,COASTAL CAROLINA HOSPITAL,1000 MEDICAL CENTER DRIVE,HARDEEVILLE,SC,29927,JASPER,(843) 784-8000,Acute Care Hospitals,Proprietary,1.0,,,,1,1,0
420102,PRISMA HEALTH  PATEWOOD HOSPITAL,175 PATEWOOD DRIVE,GREENVILLE,SC,29615,GREENVILLE,(864) 797-1000,Acute Care Hospitals,Government - Hospital District or Authority,1.0,,,,1,1,0
420103,PELHAM MEDICAL CENTER,250 WESTMORELAND ROAD,GREER,SC,29651,GREENVILLE,(864) 560-6554,Acute Care Hospitals,Government - Hospital District or Authority,1.0,,,,1,1,0
420104,MOUNT PLEASANT HOSPITAL,3510 HIGHWAY 17 NORTH SUITE 140,MOUNT PLEASANT,SC,29466,CHARLESTON,(843) 724-2954,Acute Care Hospitals,Voluntary Non-Profit - Private,1.0,,,,1,1,0
420105,MCLEOD LORIS  HOSPITAL,3655 MITCHELL STREET,LORIS,SC,29569,HORRY,(843) 716-7000,,,,,,,0,1,0
420106,PRISMA HEALTH BAPTIST PARKRIDGE,400 PALMETTO HEALTH PARKWAY,COLUMBIA,SC,29212,LEXINGTON,(803) 907-7011,,,,,,,0,1,0
420107,MCLEOD HEALTH CHERAW,711 CHESTERFIELD HIGHWAY,CHERAW,SC,29520,CHESTERFIELD,(843) 537-7881,,,,,,,0,1,0
420108,UNION MEDICAL CENTER,322 WEST SOUTH STREET,UNION,SC,29379,UNION,(864) 301-2000,,,,,,,0,1,0
420109,MCLEOD HEALTH CLARENDON,10 EAST HOSPITAL STREET,MANNING,SC,29102,CLARENDON,(803) 435-8463,,,,,,,0,1,0
420110,ROPER ST FRANCIS HOSPITAL-BERKELEY INC,100 CALLEN BLVD.,SUMMERVILLE,SC,29486,DORCHESTER,(854) 529-3002,,,,,,,0,1,0
42011F,COLUMBIA SC VA MEDICAL CENTER,6439 GARNERS FERRY ROAD,COLUMBIA,SC,29209,RICHLAND,(803) 695-7980,ACUTE CARE - VETERANS ADMINISTRATION,Government - Federal,1.0,,,,1,1,0
42029F,CHARLESTON VA MEDICAL CENTER,109 BEE STREET,CHARLESTON,SC,29401,CHARLESTON,(843) 577-5011,ACUTE CARE - VETERANS ADMINISTRATION,Government - Federal,1.0,,,,1,1,0
421300,ALLENDALE COUNTY HOSPITAL,1787 ALLENDALE FAIRFAX RD,FAIRFAX,SC,29827,ALLENDALE,(803) 632-3311,Critical Access Hospitals,Government - Local,1.0,,,,1,1,0
421301,ABBEVILLE AREA MEDICAL CENTER,420 THOMSON CIRCLE,ABBEVILLE,SC,29620,ABBEVILLE,(864) 366-5011,Critical Access Hospitals,Voluntary Non-Profit - Private,1.0,,,,1,1,0
421302,FAIRFIELD MEMORIAL HOSPITAL,321 BYPASS PO BOX 620,WINNSBORO,SC,29180,FAIRFIELD,8036350233,Critical Access Hospitals,Government - Local,1.0,,,,1,0,0
421303,WILLIAMSBURG REGIONAL HOSPITAL,500 NELSON BOULEVARD,KINGSTREE,SC,29556,WILLIAMSBURG,8433558888,Critical Access Hospitals,Voluntary Non-Profit - Private,1.0,,,,1,0,0
421304,EDGEFIELD COUNTY HEALTHCARE AN AFFILIATE OF SELF R,300 RIDGE MEDICAL PLAZA,EDGEFIELD,SC,29384,LAURENS,(803) 637-3174,Critical Access Hospitals,Government - Local,1.0,,,,1,1,0
423300,SHRINERS HOSPITALS FOR CHILDREN,950 WEST FARIS ROAD,GREENVILLE,SC,29605,GREENVILLE,(864) 271-3444,,,,,,,0,1,0
430005,"PRAIRIE LAKES HEALTHCARE SYSTEM, INC",401 9TH AVENUE NW  POST OFFICE BOX 1210,WATERTOWN,SD,57201,CODINGTON,(605) 882-7000,Acute Care Hospitals,Voluntary Non-Profit - Private,1.0,,,,1,1,0
430008,BROOKINGS HEALTH SYSTEM,300 22ND AVE,BROOKINGS,SD,57006,BROOKINGS,(605) 696-9000,Acute Care Hospitals,Government - Local,1.0,,,,1,1,0
430012,AVERA SACRED HEART HOSPITAL,501 SUMMIT ST,YANKTON,SD,57078,YANKTON,(605) 668-8000,Acute Care Hospitals,Voluntary Non-Profit - Private,1.0,,,,1,1,0
430013,AVERA QUEEN OF PEACE,525 N FOSTER,MITCHELL,SD,57301,DAVISON,6059952000,Acute Care Hospitals,Voluntary Non-Profit - Church,1.0,,,,1,0,0
430014,AVERA ST LUKES,305 S STATE ST  POST OFFICE BOX 4450,ABERDEEN,SD,57401,BROWN,(605) 622-5000,Acute Care Hospitals,Voluntary Non-Profit - Private,1.0,,,,1,1,0
430015,AVERA ST MARY'S HOSPITAL,801 E SIOUX,PIERRE,SD,57501,HUGHES,(605) 224-3100,Acute Care Hospitals,Voluntary Non-Profit - Church,1.0,,,,1,1,0
430016,AVERA MCKENNAN HOSPITAL & UNIVERSITY HEALTH CENTER,1325 S CLIFF AVE  POST OFFICE BOX 5045,SIOUX FALLS,SD,57117,MINNEHAHA,(605) 322-8000,Acute Care Hospitals,Voluntary Non-Profit - Private,1.0,,,,1,1,0
430027,SANFORD USD MEDICAL CENTER,1305 W 18TH ST  POST OFFICE BOX 5039,SIOUX FALLS,SD,57117,MINNEHAHA,(605) 333-1000,Acute Care Hospitals,Voluntary Non-Profit - Other,1.0,,,,1,1,0
43002F,VA BLACK HILLS HEALTHCARE SYSTEM,113 COMANCHE ROAD,FORT MEADE,SD,57741,MEADE,(605) 347-2511,ACUTE CARE - VETERANS ADMINISTRATION,Government - Federal,1.0,,,,1,1,0
430048,MONUMENT HEALTH SPEARFISH HOSPITAL,1440 N MAIN ST,SPEARFISH,SD,57783,LAWRENCE,(605) 644-4000,Acute Care Hospitals,Voluntary Non-Profit - Private,1.0,,,,1,1,0
43005F,SIOUX FALLS VA MEDICAL CENTER,2501 WEST 22ND STREET,SIOUX FALLS,SD,57117,MINNEHAHA,(605) 336-3230,ACUTE CARE - VETERANS ADMINISTRATION,Government - Federal,1.0,,,,1,1,0
430077,MONUMENT HEALTH RAPID CITY HOSPITAL,353 FAIRMONT BLVD,RAPID CITY,SD,57701,PENNINGTON,(605) 755-1000,Acute Care Hospitals,Voluntary Non-Profit - Private,1.0,,,,1,1,0
430081,PHS INDIAN HOSPITAL AT PINE RIDGE,EAST HIGHWAY 18,PINE RIDGE,SD,57770,SHANNON,6058675131,Acute Care Hospitals,Government - Federal,1.0,,,,1,0,0
430082,PHS INDIAN HOSPITAL AT RAPID CITY - SIOUX SAN,3200 CANYON LAKE DR,RAPID CITY,SD,57702,PENNINGTON,6053552500,Acute Care Hospitals,Government - Federal,1.0,,,,1,0,0
430083,PHS INDIAN HOSPITAL AT EAGLE BUTTE,317 MAIN STREET,EAGLE BUTTE,SD,57625,DEWEY,6059643005,Acute Care Hospitals,Government - Federal,1.0,,,,1,0,0
430084,PHS INDIAN HOSPITAL AT ROSEBUD,400 SOLDIER CREEK ROAD,ROSEBUD,SD,57570,TODD,(605) 747-2231,Acute Care Hospitals,Government - Federal,1.0,,,,1,1,0
430089,DUNES SURGICAL HOSPITAL,600 N SIOUX POINT ROAD,DAKOTA DUNES,SD,57049,UNION,(605) 232-3332,Acute Care Hospitals,Proprietary,0.0,,,,1,1,0
430090,SIOUX FALLS SPECIALTY HOSPITAL,910 EAST 20TH STREET,SIOUX FALLS,SD,57105,MINNEHAHA,(605) 334-6730,Acute Care Hospitals,Proprietary,0.0,,,,1,1,0
430091,BLACK HILLS SURGICAL HOSPITAL LLC,216 ANAMARIA DR,RAPID CITY,SD,57703,PENNINGTON,(605) 721-4700,Acute Care Hospitals,Proprietary,0.0,,,,1,1,0
430092,DAKOTA PLAINS SURGICAL CENTER LLP,701 8TH AVENUE NW SUITE C,ABERDEEN,SD,57401,BROWN,6052253300,Acute Care Hospitals,Government - Federal,0.0,,,,1,0,0
430093,SAME DAY SURGERY CENTER LLC,651 CATHEDRAL DRIVE,RAPID CITY,SD,57701,PENNINGTON,(605) 755-9900,Acute Care Hospitals,Proprietary,0.0,,,,1,1,0
430094,SPEARFISH REGIONAL SURGERY CENTER,1316 10TH ST,SPEARFISH,SD,57783,LAWRENCE,6056423113,Acute Care Hospitals,Voluntary Non-Profit - Other,0.0,,,,1,0,0
430095,AVERA HEART HOSPITAL OF SOUTH DAKOTA,4500 W 69TH ST,SIOUX FALLS,SD,57108,LINCOLN,(605) 977-7000,Acute Care Hospitals,Proprietary,1.0,,,,1,1,0
430096,LEWIS AND CLARK SPECIALTY HOSPITAL,2601 FOX RUN PARKWAY,YANKTON,SD,57078,YANKTON,6056655100,Acute Care Hospitals,Proprietary,0.0,,,,1,0,0
430097,SANFORD MEDICAL CENTER ABERDEEN,2905 3RD AVE SE,ABERDEEN,SD,57402,BROWN,(605) 626-4200,,,,,,,0,1,0
430098,PINE RIDGE IHS HOSPITAL,EAST HIGHWAY 18,PINE RIDGE,SD,57770,OGLALA LAKOTA COUNTY,(605) 867-5131,,,,,,,0,1,0
431300,MADISON REGIONAL HEALTH SYSTEM,323 SW 10TH ST,MADISON,SD,57042,LAKE,(605) 256-6551,Critical Access Hospitals,Voluntary Non-Profit - Private,1.0,,,,1,1,0
431301,FAULKTON AREA MEDICAL CENTER,1300 OAK STREET  POST OFFICE BOX 100,FAULKTON,SD,57438,FAULK,(605) 598-6262,,,,,,,0,1,0
431302,AVERA MISSOURI RIVER HEALTH CENTER,606 EAST GARFIELD,GETTYSBURG,SD,57442,POTTER,(605) 765-2488,,,,,,,0,1,0
431305,DOUGLAS COUNTY MEMORIAL HOSPITAL-CAH,708 8TH ST,ARMOUR,SD,57313,DOUGLAS,(605) 724-2159,,,,,,,0,1,0
431306,PLATTE HEALTH CENTER,601 E 7TH ST  POST OFFICE BOX 200,PLATTE,SD,57369,CHARLES MIX,(605) 337-3364,Critical Access Hospitals,Government - Local,1.0,,,,1,1,0
431307,SANFORD CLEAR LAKE MEDICAL CENTER,701 THIRD AVENUE SOUTH,CLEAR LAKE,SD,57226,DEUEL,(605) 874-2141,,,,,,,0,1,0
431308,EUREKA COMMUNITY HEALTH SERVICES - CAH,200 J AVE POST OFFICE BOX 517,EUREKA,SD,57437,MC PHERSON,(605) 284-2661,,,,,,,0,1,0
431309,COMMUNITY MEMORIAL HOSPITAL,809 JACKSON,BURKE,SD,57523,GREGORY,(605) 775-2621,,,,,,,0,1,0
431310,AVERA FLANDREAU HOSPITAL - CAH,214 NORTH PRAIRIE STREET,FLANDREAU,SD,57028,MOODY,(605) 997-2433,Critical Access Hospitals,Voluntary Non-Profit - Private,1.0,,,,1,1,0
431311,SANFORD HOSPITAL WEBSTER - CAH,1401 W FIRST ST POST OFFICE BOX 489,WEBSTER,SD,57274,DAY,(605) 345-3336,Critical Access Hospitals,Voluntary Non-Profit - Private,1.0,,,,1,1,0
431312,MARSHALL COUNTY HEALTHCARE CENTER - CAH,413 9TH STREET,BRITTON,SD,57430,MARSHALL,(605) 448-2253,,,,,,,0,1,0
431313,FREEMAN MEDICAL CENTER - CAH,510 E 8TH ST  POST OFFICE BOX 370,FREEMAN,SD,57029,HUTCHINSON,(605) 925-4000,,,,,,,0,1,0
431314,BENNETT COUNTY HOSPITAL AND NURSING HOME - CAH,102 MAJOR ALLEN   POST OFFICE BOX 70D,MARTIN,SD,57551,BENNETT,(605) 685-6622,,,,,,,0,1,0
431315,WAGNER COMMUNITY MEMORIAL HOSPITAL - CAH,513 3RD ST SW,WAGNER,SD,57380,CHARLES MIX,(605) 384-3611,Critical Access Hospitals,Government - Local,1.0,,,,1,1,0
431316,COMMUNITY MEMORIAL HOSPITAL,111 W 10TH AVE  POST OFFICE BOX 420,REDFIELD,SD,57469,SPINK,(605) 472-1110,Critical Access Hospitals,Government - Local,1.0,,,,1,1,0
431317,LANDMANN-JUNGMAN MEMORIAL HOSPITAL - CAH,600 BILLARS ST,SCOTLAND,SD,57059,BON HOMME,(605) 583-2226,Critical Access Hospitals,Government - Local,1.0,,,,1,1,0
431318,BOWDLE HOSPITAL - CAH,8001 W 5TH  POST OFFICE BOX 556,BOWDLE,SD,57428,EDMUNDS,(605) 285-6146,Critical Access Hospitals,Government - Local,1.0,,,,1,1,0
431319,HANS P PETERSON MEMORIAL HOSPITAL - CAH,503 W PINE  POST OFFICE BOX 790,PHILIP,SD,57567,HAAKON,(605) 859-2511,,,,,,,0,1,0
431320,MONUMENT HEALTH LEAD-DEADWOOD HOSPITAL,61 CHARLES STREET,DEADWOOD,SD,57732,LAWRENCE,(605) 717-6000,Critical Access Hospitals,Voluntary Non-Profit - Private,1.0,,,,1,1,0
431321,MONUMENT HEALTH STURGIS HOSPITAL,2140 JUNCTION AVE,STURGIS,SD,57785,MEADE,(605) 720-2400,Critical Access Hospitals,Voluntary Non-Profit - Private,1.0,,,,1,1,0
431322,FALL RIVER HOSPITAL - CAH,1201 HIGHWAY 71 SOUTH,HOT SPRINGS,SD,57747,FALL RIVER,(605) 745-8910,Critical Access Hospitals,Voluntary Non-Profit - Private,1.0,,,,1,1,0
431323,MONUMENT HEALTH CUSTER HOSPITAL,1220 MONTGOMERY STREET,CUSTER,SD,57730,CUSTER,(605) 673-9400,Critical Access Hospitals,Voluntary Non-Profit - Private,1.0,,,,1,1,0
431324,AVERA WESKOTA MEMORIAL MEDICAL CENTER - CAH,604 1ST ST NE,WESSINGTON SPRINGS,SD,57382,JERAULD,(605) 539-1201,Critical Access Hospitals,Voluntary Non-Profit - Church,1.0,,,,1,1,0
431325,MOBRIDGE REGIONAL HOSPITAL - CAH,1401 10TH AVE WEST,MOBRIDGE,SD,57601,WALWORTH,(605) 845-3692,Critical Access Hospitals,Voluntary Non-Profit - Private,1.0,,,,1,1,0
431326,MILBANK AREA HOSPITAL/AVERA HEALTH,301 FLYNN DRIVE,MILBANK,SD,57252,GRANT,(605) 432-4538,Critical Access Hospitals,Voluntary Non-Profit - Private,1.0,,,,1,1,0
431327,ST MICHAEL'S HOSPITAL - CAH,410 W 16TH AVE,TYNDALL,SD,57066,BON HOMME,(605) 589-2100,Critical Access Hospitals,Government - Local,1.0,,,,1,1,0
431328,PIONEER MEMORIAL HOSPITAL - CAH,315 N WASHINGTON AVE  POST OFFICE BOX 368,VIBORG,SD,57070,TURNER,(605) 326-5161,,,,,,,0,1,0
431329,SANFORD CHAMBERLAIN MEDICAL CENTER,300 S BYRON,CHAMBERLAIN,SD,57325,BRULE,(605) 234-5511,Critical Access Hospitals,Voluntary Non-Profit - Private,1.0,,,,1,1,0
431330,AVERA ST BENEDICT HEALTH CENTER - CAH,401 WEST GLYNN DRIVE,PARKSTON,SD,57366,HUTCHINSON,(605) 928-3311,Critical Access Hospitals,Voluntary Non-Profit - Private,0.0,,,,1,1,0
431331,AVERA DELLS AREA HOSPITAL  - CAH,909 N IOWA AVE,DELL RAPIDS,SD,57022,MINNEHAHA,(605) 428-5431,Critical Access Hospitals,Voluntary Non-Profit - Private,1.0,,,,1,1,0
431332,AVERA DE SMET MEMORIAL HOSPITAL - CAH,306 PRAIRIE AVENUE SW  POST OFFICE BOX 160,DE SMET,SD,57231,KINGSBURY,(605) 854-3329,Critical Access Hospitals,Voluntary Non-Profit - Private,1.0,,,,1,1,0
431333,SANFORD CANTON-INWOOD MEDICAL CENTER - CAH,440 NORTH HIAWATHA DRIVE,CANTON,SD,57013,LINCOLN,(605) 764-1500,,,,,,,0,1,0
431334,WINNER REGIONAL HEALTHCARE CENTER - CAH,745 EAST 8TH STREET,WINNER,SD,57580,TRIPP,(605) 842-7100,Critical Access Hospitals,Voluntary Non-Profit - Private,1.0,,,,1,1,0
431335,HURON REGIONAL MEDICAL CENTER,172 FOURTH STREET SE,HURON,SD,57350,BEADLE,(605) 353-6200,Critical Access Hospitals,Voluntary Non-Profit - Private,1.0,,,,1,1,0
431336,SANFORD VERMILLION MEDICAL CENTER,20 SOUTH PLUM STREET,VERMILLION,SD,57069,CLAY,(605) 624-2611,Critical Access Hospitals,Voluntary Non-Profit - Private,1.0,,,,1,1,0
431337,AVERA HAND COUNTY MEMORIAL HOSPITAL AND CLINIC,300 W 5TH ST,MILLER,SD,57362,HAND,(605) 853-2421,Critical Access Hospitals,Government - Local,1.0,,,,1,1,0
431338,AVERA GREGORY HOSPITAL,110 S LOGAN AVE,GREGORY,SD,57533,GREGORY,(605) 835-8394,Critical Access Hospitals,Voluntary Non-Profit - Church,1.0,,,,1,1,0
431339,COTEAU DES PRAIRIES HEALTH CARE SYSTEM,205 ORCHARD DR,SISSETON,SD,57262,ROBERTS,(605) 698-7647,,,,,,,0,1,0
431340,AVERA QUEEN OF PEACE,525 NORTH FOSTER STREET,MITCHELL,SD,57301,DAVISON,(605) 995-2000,,,,,,,0,1,0
431383,EAGLE BUTTE INDIAN HEALTH SERVICE HOSPITAL,24276 166TH AIRPORT ROAD,EAGLE BUTTE,SD,57625,DEWEY,(605) 964-3005,,,,,,,0,1,0
433300,LIFESCAPE,2501 W 26TH ST,SIOUX FALLS,SD,57105,MINNEHAHA,(605) 444-9500,,,,,,,0,1,0
440001,UNICOI COUNTY MEMORIAL HOSPITAL,GREENWAY CIRCLE,ERWIN,TN,37650,UNICOI,4237433141,Acute Care Hospitals,Voluntary Non-Profit - Other,1.0,,,,1,0,0
440002,JACKSON-MADISON COUNTY GENERAL HOSPITAL,620 SKYLINE DRIVE,JACKSON,TN,38301,MADISON,(731) 541-5000,Acute Care Hospitals,Voluntary Non-Profit - Other,1.0,,,,1,1,0
440003,HIGHPOINT HEALTH-SUMNER WITH ASCENSION SAINT THOMA,555 HARTSVILLE PIKE,GALLATIN,TN,37066,SUMNER,(615) 328-8888,Acute Care Hospitals,Proprietary,1.0,,,,1,1,0
440006,TRISTAR SKYLINE MEDICAL CENTER,3441 DICKERSON PIKE,NASHVILLE,TN,37207,DAVIDSON,(615) 769-2000,Acute Care Hospitals,Voluntary Non-Profit - Private,1.0,,,,1,1,0
440007,UNITY MEDICAL CENTER,481 INTERSTATE DRIVE,MANCHESTER,TN,37355,COFFEE,(931) 728-6354,Acute Care Hospitals,Proprietary,1.0,,,,1,1,0
440008,HENDERSON COUNTY COMMUNITY HOSPITAL,200 W CHURCH ST,LEXINGTON,TN,38351,HENDERSON,(731) 968-1801,Acute Care Hospitals,Proprietary,1.0,,,,1,1,0
440009,CUMBERLAND MEDICAL CENTER,421 S MAIN ST,CROSSVILLE,TN,38555,CUMBERLAND,(931) 484-9511,Acute Care Hospitals,Voluntary Non-Profit - Private,1.0,,,,1,1,0
440010,WAYNE MEDICAL CENTER,103 J V MANGUBAT DR,WAYNESBORO,TN,38485,WAYNE,9317225411,Acute Care Hospitals,Voluntary Non-Profit - Other,1.0,,,,1,0,0
440011,BLOUNT MEMORIAL HOSPITAL,907 E LAMAR ALEXANDER PARKWAY,MARYVILLE,TN,37804,BLOUNT,(865) 983-7211,Acute Care Hospitals,Government - Local,1.0,,,,1,1,0
440012,WELLMONT BRISTOL REGIONAL MEDICAL CENTER,ONE MEDICAL PARK BLVD,BRISTOL,TN,37620,SULLIVAN,(423) 844-1121,Acute Care Hospitals,Government - Hospital District or Authority,1.0,,,,1,1,0
440015,"UNIVERSITY HEALTH SYSTEM, INC",1924 ALCOA HIGHWAY,KNOXVILLE,TN,37920,KNOX,(865) 305-9000,Acute Care Hospitals,Voluntary Non-Profit - Private,1.0,,,,1,1,0
440016,BAPTIST MEMORIAL HOSPITAL - CARROLL COUNTY,631 RB WILSON DR,HUNTINGDON,TN,38344,CARROLL,(731) 986-4461,Acute Care Hospitals,Voluntary Non-Profit - Church,1.0,,,,1,1,0
440017,WELLMONT HOLSTON VALLEY MEDICAL CENTER,130 WEST RAVINE ROAD,KINGSPORT,TN,37662,SULLIVAN,(423) 224-4000,Acute Care Hospitals,Voluntary Non-Profit - Private,1.0,,,,1,1,0
440018,SYCAMORE SHOALS HOSPITAL,1501 WEST ELK AVENUE,ELIZABETHTON,TN,37643,CARTER,(423) 542-1300,Acute Care Hospitals,Voluntary Non-Profit - Private,1.0,,,,1,1,0
440020,SOUTHERN TENNESSEE REGIONAL HEALTH SYSTEM PULASKI,1265 E COLLEGE ST,PULASKI,TN,38478,GILES,(931) 363-7531,Acute Care Hospitals,Proprietary,1.0,,,,1,1,0
440025,"LAUGHLIN MEMORIAL HOSPITAL, INC",1420 TUSCULUM BLVD,GREENEVILLE,TN,37745,GREENE,4237875000,Acute Care Hospitals,Voluntary Non-Profit - Private,1.0,,,,1,0,0
440029,WILLIAMSON MEDICAL CENTER,4321 CAROTHERS PARKWAY,FRANKLIN,TN,37067,WILLIAMSON,(615) 435-5000,Acute Care Hospitals,Government - Hospital District or Authority,1.0,,,,1,1,0
440030,MORRISTOWN HAMBLEN HOSPITAL ASSOCIATION,908 W 4TH NORTH ST,MORRISTOWN,TN,37814,HAMBLEN,(423) 492-6900,Acute Care Hospitals,Government - Local,1.0,,,,1,1,0
440031,ROANE MEDICAL CENTER,8045 ROANE MEDICAL CENTER DRIVE,HARRIMAN,TN,37748,ROANE,(865) 316-1000,Acute Care Hospitals,Government - Hospital District or Authority,1.0,,,,1,1,0
440032,HAWKINS COUNTY MEMORIAL HOSPITAL,851 LOCUST STREET,ROGERSVILLE,TN,37857,HAWKINS,(423) 921-7000,Acute Care Hospitals,Voluntary Non-Profit - Private,1.0,,,,1,1,0
440033,LAFOLLETTE MEDICAL CENTER,923 EAST CENTRAL AVENUE,LA FOLLETTE,TN,37766,CAMPBELL,(423) 907-1200,Acute Care Hospitals,Voluntary Non-Profit - Church,1.0,,,,1,1,0
440034,METHODIST MEDICAL CENTER OF OAK RIDGE,990 OAK RIDGE TURNPIKE BOX 529,OAK RIDGE,TN,37830,ANDERSON,(865) 835-1000,Acute Care Hospitals,Voluntary Non-Profit - Private,1.0,,,,1,1,0
440035,TENNOVA HEALTHCARE-CLARKSVILLE,651 DUNLOP LANE,CLARKSVILLE,TN,37040,MONTGOMERY,(931) 502-1000,Acute Care Hospitals,Government - Hospital District or Authority,1.0,,,,1,1,0
440039,VANDERBILT UNIVERSITY MEDICAL CENTER,1211 MEDICAL CENTER DRIVE,NASHVILLE,TN,37232,DAVIDSON,(615) 322-3454,Acute Care Hospitals,Voluntary Non-Profit - Private,1.0,,,,1,1,0
440040,PERRY COMMUNITY HOSPITAL,2718 SQUIRREL HOLLOW DRIVE,LINDEN,TN,37096,PERRY,9315892121,Acute Care Hospitals,Proprietary,1.0,,,,1,0,0
440046,TRISTAR HORIZON MEDICAL CENTER,111 HIGHWAY 70 EAST,DICKSON,TN,37055,DICKSON,(615) 446-0446,Acute Care Hospitals,Proprietary,1.0,,,,1,1,0
440047,GIBSON GENERAL HOSPITAL,200 HOSPITAL DR,TRENTON,TN,38382,GIBSON,7318557900,Acute Care Hospitals,Voluntary Non-Profit - Other,1.0,,,,1,0,0
440048,BAPTIST MEMORIAL HOSPITAL,6019 WALNUT GROVE ROAD,MEMPHIS,TN,38120,SHELBY,(901) 226-5000,Acute Care Hospitals,Voluntary Non-Profit - Private,1.0,,,,1,1,0
440049,METHODIST HOSPITALS OF MEMPHIS,1265 UNION AVE SUITE 700,MEMPHIS,TN,38104,SHELBY,(901) 516-8274,Acute Care Hospitals,Voluntary Non-Profit - Church,1.0,,,,1,1,0
440050,GREENEVILLE COMMUNITY HOSPITAL,1420 TUSCULUM BOULEVARD,GREENEVILLE,TN,37745,GREENE,(423) 639-3151,Acute Care Hospitals,Voluntary Non-Profit - Church,1.0,,,,1,1,0
440051,MCNAIRY REGIONAL HOSPITAL,705 E POPLAR AVE,SELMER,TN,38375,MCNAIRY,7316453221,Acute Care Hospitals,Proprietary,1.0,,,,1,0,0
440053,SAINT THOMAS RUTHERFORD HOSPITAL,1700 MEDICAL CENTER PARKWAY,MURFREESBORO,TN,37129,RUTHERFORD,(615) 396-4100,Acute Care Hospitals,Voluntary Non-Profit - Church,1.0,,,,1,1,0
440054,WOODS MEMORIAL HOSPITAL,886 HIGHWAY 411 NORTH,ETOWAH,TN,37331,MCMINN,4232633600,Acute Care Hospitals,Government - Hospital District or Authority,1.0,,,,1,0,0
440056,TENNOVA HEALTHCARE-JEFFERSON MEMORIAL HOSPITAL,110 HOSPITAL DRIVE,JEFFERSON CITY,TN,37760,JEFFERSON,(865) 471-2500,Acute Care Hospitals,Proprietary,0.0,,,,1,1,0
440057,CLAIBORNE MEDICAL CENTER,1850 OLD KNOXVILLE HIGHWAY,TAZEWELL,TN,37879,CLAIBORNE,(423) 626-4211,Acute Care Hospitals,Government - Local,1.0,,,,1,1,0
440058,SOUTHERN TENNESSEE REGIONAL HEALTH SYSTEM WINCHEST,185 HOSPITAL ROAD,WINCHESTER,TN,37398,FRANKLIN,(931) 967-8200,Acute Care Hospitals,Proprietary,1.0,,,,1,1,0
440059,COOKEVILLE REGIONAL MEDICAL CENTER,1 MEDICAL CENTER BOULEVARD,COOKEVILLE,TN,38501,PUTNAM,(931) 783-2000,Acute Care Hospitals,Government - Local,1.0,,,,1,1,0
440060,WEST TENNESSEE HEALTHCARE MILAN HOSPITAL,4039 HIGHLAND ST,MILAN,TN,38358,GIBSON,(731) 686-1591,Acute Care Hospitals,Government - Local,1.0,,,,1,1,0
440061,VOLUNTEER COMMUNITY HOSPITAL,161 MOUNT PELIA RD,MARTIN,TN,38237,WEAKLEY,(731) 479-6057,Acute Care Hospitals,Proprietary,1.0,,,,1,1,0
440063,JOHNSON CITY MEDICAL CENTER,400 N STATE OF FRANKLIN RD,JOHNSON CITY,TN,37604,WASHINGTON,(423) 431-6111,Acute Care Hospitals,Voluntary Non-Profit - Private,1.0,,,,1,1,0
440064,GRANDVIEW MEDICAL CENTER,1000 HIGHWAY 28,JASPER,TN,37347,MARION,4238379500,Acute Care Hospitals,Voluntary Non-Profit - Private,1.0,,,,1,0,0
440065,TRISTAR NORTHCREST MEDICAL CENTER,100 NORTHCREST DRIVE,SPRINGFIELD,TN,37172,ROBERTSON,(615) 384-2411,Acute Care Hospitals,Voluntary Non-Profit - Other,1.0,,,,1,1,0
440067,LAKEWAY REGIONAL HOSPITAL,726 MCFARLAND ST,MORRISTOWN,TN,37814,HAMBLEN,4235226000,Acute Care Hospitals,Proprietary,1.0,,,,1,0,0
440068,STARR REGIONAL MEDICAL CENTER ATHENS,1114 W MADISON AVE,ATHENS,TN,37371,MC MINN,(423) 745-1411,Acute Care Hospitals,Proprietary,1.0,,,,1,1,0
440070,DECATUR COUNTY GENERAL HOSPITAL,969 TENNESSEE AVE S,PARSONS,TN,38363,DECATUR,7318473031,Acute Care Hospitals,Government - Local,1.0,,,,1,0,0
440072,DYERSBURG REGIONAL MEDICAL CENTER,400 EAST TICKLE STREET,DYERSBURG,TN,38024,DYER,(731) 285-2410,Acute Care Hospitals,Proprietary,1.0,,,,1,1,0
440073,MAURY REGIONAL HOSPITAL,1224 TROTWOOD AVE,COLUMBIA,TN,38401,MAURY,(931) 381-1111,Acute Care Hospitals,Government - Local,1.0,,,,1,1,0
440081,LECONTE MEDICAL CENTER,742 MIDDLECREEK ROAD,SEVIERVILLE,TN,37862,SEVIER,(865) 446-7500,Acute Care Hospitals,Voluntary Non-Profit - Other,1.0,,,,1,1,0
440082,ASCENSION SAINT THOMAS HOSPITAL,"4220 HARDING RD, PO BOX 380",NASHVILLE,TN,37205,DAVIDSON,(615) 222-2111,Acute Care Hospitals,Voluntary Non-Profit - Church,1.0,,,,1,1,0
440083,JAMESTOWN REGIONAL MEDICAL CENTER,436 CENTRAL AVENUE WEST,JAMESTOWN,TN,38556,FENTRESS,9318793352,Acute Care Hospitals,Proprietary,1.0,,,,1,0,0
440084,SWEETWATER HOSPITAL ASSOCIATION,304 WRIGHT ST,SWEETWATER,TN,37874,MONROE,(865) 213-8200,Acute Care Hospitals,Voluntary Non-Profit - Other,1.0,,,,1,1,0
440091,"MEMORIAL HEALTHCARE SYSTEM, INC",2525 DESALES AVE,CHATTANOOGA,TN,37404,HAMILTON,(423) 495-2525,Acute Care Hospitals,Voluntary Non-Profit - Church,1.0,,,,1,1,0
440102,LINCOLN MEDICAL CENTER,106 MEDICAL CENTER BLVD,FAYETTEVILLE,TN,37334,LINCOLN,(931) 438-1100,Acute Care Hospitals,Government - Local,1.0,,,,1,1,0
440104,ERLANGER MEDICAL CENTER,975 E 3RD ST,CHATTANOOGA,TN,37403,HAMILTON,(423) 778-7000,Acute Care Hospitals,Government - Hospital District or Authority,1.0,,,,1,1,0
440109,HARDIN MEDICAL CENTER,935 WAYNE ROAD,SAVANNAH,TN,38372,HARDIN,(731) 926-8121,Acute Care Hospitals,Government - Local,1.0,,,,1,1,0
440110,FORT LOUDOUN MEDICAL CENTER,550 FORT LOUDON MEDICAL CENTER DR,LENOIR CITY,TN,37772,LOUDON,(865) 271-6000,Acute Care Hospitals,Voluntary Non-Profit - Other,1.0,,,,1,1,0
440111,METRO NASHVILLE GENERAL HOSPITAL,1818 ALBION STREET,NASHVILLE,TN,37208,DAVIDSON,(615) 341-4490,Acute Care Hospitals,Government - Hospital District or Authority,1.0,,,,1,1,0
440115,HUMBOLDT GENERAL HOSPITAL INC,3525 CHERE CAROL RD,HUMBOLDT,TN,38343,GIBSON,7317842321,Acute Care Hospitals,Government - Hospital District or Authority,1.0,,,,1,0,0
440120,PHYSICIANS REGIONAL MEDICAL CENTER,7565 DANNAHER WAY POWELL,POWELL,TN,37849,KNOX,(865) 545-8000,Acute Care Hospitals,Proprietary,1.0,,,,1,1,0
440125,FORT SANDERS REGIONAL MEDICAL CENTER,1901 W CLINCH AVE,KNOXVILLE,TN,37916,KNOX,(865) 541-1101,Acute Care Hospitals,Voluntary Non-Profit - Private,1.0,,,,1,1,0
440130,BAPTIST MEMORIAL HOSPITAL UNION CITY,"1201 BISHOP ST, PO BOX 310",UNION CITY,TN,38261,OBION,(731) 885-2410,Acute Care Hospitals,Proprietary,1.0,,,,1,1,0
440131,BAPTIST MEMORIAL HOSPITAL TIPTON,1995 HIGHWAY 51 S,COVINGTON,TN,38019,TIPTON,(901) 476-2621,Acute Care Hospitals,Voluntary Non-Profit - Church,1.0,,,,1,1,0
440132,WEST TENNESSEE HEALTHCARE HENRY COUNTY HOSPITAL,301 TYSON AVENUE,PARIS,TN,38242,HENRY,(731) 642-1220,Acute Care Hospitals,Government - Hospital District or Authority,1.0,,,,1,1,0
440133,BAPTIST HOSPITAL,2000 CHURCH ST,NASHVILLE,TN,37236,DAVIDSON,6152845555,Acute Care Hospitals,Voluntary Non-Profit - Private,1.0,,,,1,0,0
440137,VANDERBILT BEDFORD HOSPITAL,2835 HWY 231 NORTH,SHELBYVILLE,TN,37160,BEDFORD,(931) 685-5433,Acute Care Hospitals,Proprietary,1.0,,,,1,1,0
44013F,MEMPHIS VA MEDICAL CENTER,116 N PAULINE ST,MEMPHIS,TN,38105,SHELBY,(901) 523-8990,ACUTE CARE - VETERANS ADMINISTRATION,Government - Federal,1.0,,,,1,1,0
440141,CUMBERLAND RIVER HOSPITAL,100 OLD JEFFERSON ST,CELINA,TN,38551,CLAY,9312433581,Acute Care Hospitals,Proprietary,1.0,,,,1,0,0
440144,VANDERBILT TULLAHOMA-HARTON HOSPITAL,1801 N JACKSON ST BOX 460,TULLAHOMA,TN,37388,COFFEE,(931) 393-3000,Acute Care Hospitals,Voluntary Non-Profit - Other,1.0,,,,1,1,0
440147,BAPTIST REHABILITATION GERMANTOWN,2100 EXETER ROAD,GERMANTOWN,TN,38138,SHELBY,9017571350,Acute Care Hospitals,Voluntary Non-Profit - Private,0.0,,,,1,0,0
440148,DEKALB COMMUNITY HOSPITAL,520 W MAIN ST,SMITHVILLE,TN,37166,DE KALB,(615) 215-5000,Acute Care Hospitals,Voluntary Non-Profit - Church,1.0,,,,1,1,0
440150,TRISTAR SUMMIT MEDICAL CENTER,5655 FRIST BLVD,HERMITAGE,TN,37076,DAVIDSON,(615) 316-3000,Acute Care Hospitals,Proprietary,1.0,,,,1,1,0
440151,SAINT THOMAS RIVER PARK HOSPITAL,1559 SPARTA STREET,MCMINNVILLE,TN,37110,WARREN,(931) 815-4101,Acute Care Hospitals,Proprietary,1.0,,,,1,1,0
440152,REGIONAL ONE HEALTH,877 JEFFERSON AVENUE,MEMPHIS,TN,38103,SHELBY,(901) 545-7928,Acute Care Hospitals,Government - Hospital District or Authority,1.0,,,,1,1,0
440153,TENNOVA HEALTHCARE - NEWPORT MEDICAL CENTER,435 2ND ST,NEWPORT,TN,37821,COCKE,(423) 625-2200,Acute Care Hospitals,Voluntary Non-Profit - Church,1.0,,,,1,1,0
440156,PARKRIDGE MEDICAL CENTER,2333 MCCALLIE AVE,CHATTANOOGA,TN,37404,HAMILTON,(423) 894-4220,Acute Care Hospitals,Proprietary,1.0,,,,1,1,0
440159,DELTA SPECIALTY HOSPITAL,3000 GETWELL RD,MEMPHIS,TN,38118,SHELBY,(901) 369-8100,Acute Care Hospitals,Proprietary,1.0,,,,1,1,0
440161,TRISTAR CENTENNIAL MEDICAL CENTER,2300 PATTERSON STREET,NASHVILLE,TN,37203,DAVIDSON,(615) 342-1000,Acute Care Hospitals,Proprietary,1.0,,,,1,1,0
440162,HEALTHSOUTH CHATTANOOGA REHAB HOSPITAL,2412 MCCALLIE AVE,CHATTANOOGA,TN,37404,HAMILTON,4236980221,Acute Care Hospitals,Government - State,0.0,,,,1,0,0
440168,METHODIST HEALTHCARE FAYETTE HOSPITAL,214 LAKEVIEW RD,SOMERVILLE,TN,38068,FAYETTE,9015164014,Acute Care Hospitals,Voluntary Non-Profit - Church,1.0,,,,1,0,0
44016F,MOUNTAIN HOME VA MEDICAL CENTER,CORNER OF LAMONT STREET AND VETERANS WAY,MOUNTAIN HOME,TN,37684,WASHINGTON,(423) 926-1171,ACUTE CARE - VETERANS ADMINISTRATION,Government - Federal,1.0,,,,1,1,0
440173,PARKWEST MEDICAL CENTER,9352 PARK WEST BLVD,KNOXVILLE,TN,37923,KNOX,(865) 970-1001,Acute Care Hospitals,Voluntary Non-Profit - Private,1.0,,,,1,1,0
440174,HAYWOOD PARK COMMUNITY HOSPITAL,2545 N WASHINGTON AVE,BROWNSVILLE,TN,38012,HAYWOOD,7317724110,Acute Care Hospitals,Proprietary,1.0,,,,1,0,0
440175,SOUTHERN TENNESSEE REGIONAL HEALTH SYSTEM LAWRENCE,1607 SOUTH LOCUST AVENUE,LAWRENCEBURG,TN,38464,LAWRENCE,(931) 762-6571,Acute Care Hospitals,Proprietary,1.0,,,,1,1,0
440176,INDIAN PATH COMMUNITY HOSPITAL,2000 BROOKSIDE DR,KINGSPORT,TN,37660,SULLIVAN,(423) 857-7000,Acute Care Hospitals,Voluntary Non-Profit - Private,1.0,,,,1,1,0
44017F,VA MIDDLE TENNESSEE HEALTHCARE SYSTEM - MURFREESBORO,3400 LEBANON PIKE,MURFREESBORO,TN,37129,RUTHERFORD,(615) 867-6000,,,,,,,0,1,0
440180,JELLICO COMMUNITY HOSPITAL,188 HOSPITAL LANE,JELLICO,TN,37762,CAMPBELL,4237847252,Acute Care Hospitals,Voluntary Non-Profit - Church,1.0,,,,1,0,0
440181,BOLIVAR GENERAL HOSPITAL,650 NUCKOLLS ROAD,BOLIVAR,TN,38008,HARDEMAN,7316583100,Acute Care Hospitals,Government - Hospital District or Authority,1.0,,,,1,0,0
440182,MCKENZIE REGIONAL HOSPITAL,161 HOSPITAL DRIVE,MC KENZIE,TN,38201,CARROLL,7313525344,Acute Care Hospitals,Proprietary,1.0,,,,1,0,0
440183,ST FRANCIS HOSPITAL,5959 PARK AVE,MEMPHIS,TN,38119,SHELBY,(901) 765-1000,Acute Care Hospitals,Proprietary,1.0,,,,1,1,0
440184,FRANKLIN WOODS COMMUNITY HOSPITAL,300 MED TECH PARKWAY,JOHNSON CITY,TN,37604,WASHINGTON,(423) 302-1120,Acute Care Hospitals,Voluntary Non-Profit - Private,1.0,,,,1,1,0
440185,AFFILIATE OF VITRUVIAN HEALTH,2305 CHAMBLISS AVE NW,CLEVELAND,TN,37311,BRADLEY,(423) 339-4100,Acute Care Hospitals,Proprietary,1.0,,,,1,1,0
440186,RIVERVIEW REGIONAL MEDICAL CENTER NORTH,158 HOSPITAL DRIVE,CARTHAGE,TN,37030,SMITH,6157351560,Acute Care Hospitals,Government - Local,1.0,,,,1,0,0
440187,LIVINGSTON REGIONAL HOSPITAL,315 OAK ST BOX 550,LIVINGSTON,TN,38570,OVERTON,(931) 823-5611,Acute Care Hospitals,Voluntary Non-Profit - Other,1.0,,,,1,1,0
440189,REGIONAL HOSPITAL OF JACKSON,367 HOSPITAL BLVD,JACKSON,TN,38305,MADISON,7316612000,Acute Care Hospitals,Proprietary,1.0,,,,1,0,0
44018F,VA MIDDLE TENNESSEE HEALTHCARE SYSTEM,1310 24TH AVENUE SOUTH,NASHVILLE,TN,37212,DAVIDSON,(615) 327-5332,ACUTE CARE - VETERANS ADMINISTRATION,Government - Federal,1.0,,,,1,1,0
440192,SAINT THOMAS HIGHLANDS HOSPITAL,401 SEWELL DR,SPARTA,TN,38583,WHITE,(931) 738-9211,Acute Care Hospitals,Proprietary,1.0,,,,1,1,0
440193,VANDERBILT WILSON COUNTY HOSPITAL,1411 BADDOUR PARKWAY,LEBANON,TN,37087,WILSON,(615) 444-2250,Acute Care Hospitals,Voluntary Non-Profit - Private,1.0,,,,1,1,0
440194,TRISTAR HENDERSONVILLE MEDICAL CENTER,355 NEW SHACKLE ISLAND RD,HENDERSONVILLE,TN,37075,SUMNER,(615) 338-1000,Acute Care Hospitals,Voluntary Non-Profit - Other,1.0,,,,1,1,0
440197,TRISTAR SOUTHERN HILLS MEDICAL CENTER,391 WALLACE RD,NASHVILLE,TN,37211,DAVIDSON,(615) 781-4000,Acute Care Hospitals,Proprietary,1.0,,,,1,1,0
440200,STONES RIVER HOSPITAL,324 DOOLITTLE ROAD,WOODBURY,TN,37190,CANNON,(615) 563-4001,Acute Care Hospitals,Proprietary,1.0,,,,1,1,0
440218,SAINT THOMAS HOSPITAL FOR SPINAL SURGERY,2011 MURPHY AVENUE,NASHVILLE,TN,37203,DAVIDSON,(615) 515-8200,Acute Care Hospitals,Government - Federal,0.0,,,,1,1,0
440227,TRISTAR STONECREST MEDICAL CENTER,200 STONECREST BOULEVARD,SMYRNA,TN,37167,RUTHERFORD,(615) 768-2000,Acute Care Hospitals,Proprietary,1.0,,,,1,1,0
440228,SAINT FRANCIS BARTLETT MEDICAL CENTER,2986 KATE BOND RD,BARTLETT,TN,38133,SHELBY,(901) 820-7050,Acute Care Hospitals,Proprietary,1.0,,,,1,1,0
440231,TRUSTPOINT HOSPITAL,1009 NORTH THOMPSON LANE,MURFREESBORO,TN,37129,RUTHERFORD,(615) 867-1111,,,,,,,0,1,0
440238,HAYWOOD COUNTY COMMUNITY HOSPITAL,2545 NORTH WASHINGTON AVENUE,BROWNSVILLE,TN,38012,HAYWOOD,(731) 968-3646,,,,,,,0,1,0
440779,TRISTAR ASHLAND CITY MEDICAL CENTER,313 NORTH MAIN ST,ASHLAND CITY,TN,37015,CHEATHAM,(615) 792-3030,,,,,,,0,1,0
440780,WAYNE MEDICAL CENTER,103 J V MANGUBAT DR,WAYNESBORO,TN,38485,WAYNE,(931) 722-5411,,,,,,,0,1,0
441300,SAINT THOMAS HICKMAN HOSPITAL,135 EAST SWAN STREET,CENTERVILLE,TN,37033,HICKMAN,(931) 729-4271,Critical Access Hospitals,Voluntary Non-Profit - Other,1.0,,,,1,1,0
441301,HIGHPOINT HEALTH-TROUSDALE WITH ASCENSION SAINT,500 CHURCH STREET,HARTSVILLE,TN,37074,TROUSDALE,(615) 374-2221,Critical Access Hospitals,Voluntary Non-Profit - Other,1.0,,,,1,1,0
441303,ASCENSION SAINT THOMAS THREE RIVERS,451 HIGHWAY 13 SOUTH,WAVERLY,TN,37185,HUMPHREYS,(931) 296-4203,,,,,,,0,1,0
441304,JOHNSON COUNTY COMMUNITY HOSPITAL,1901 S SHADY ST,MOUNTAIN CITY,TN,37683,JOHNSON,(423) 727-1110,Critical Access Hospitals,Voluntary Non-Profit - Private,1.0,,,,1,1,0
441305,MACON COMMUNITY HOSPITAL,204 MEDICAL DRIVE,LAFAYETTE,TN,37083,MACON,(615) 666-2147,Critical Access Hospitals,Voluntary Non-Profit - Private,1.0,,,,1,1,0
441306,ERLANGER BLEDSOE HOSPITAL,71 WHEELERTOWN AVENUE,PIKEVILLE,TN,37367,BLEDSOE,(423) 447-2112,,,,,,,0,1,0
441307,HIGHPOINT HEALTH-RIVERVIEW WITH ASCENSION SAINT TH,158 HOSPITAL DRIVE,CARTHAGE,TN,37030,SMITH,(615) 735-9815,Critical Access Hospitals,Proprietary,1.0,,,,1,1,0
441308,MEDICAL CENTER OF MANCHESTER,481 INTERSTATE DRIVE,MANCHESTER,TN,37355,COFFEE,9317286354,Critical Access Hospitals,Proprietary,1.0,,,,1,0,0
441309,MARSHALL MEDICAL CENTER,1080 NORTH ELLINGTON PARKWAY,LEWISBURG,TN,37091,MARSHALL,(931) 359-6276,Critical Access Hospitals,Government - Hospital District or Authority,1.0,,,,1,1,0
441310,RHEA MEDICAL CENTER,9400 RHEA COUNTY HIGHWAY,DAYTON,TN,37321,RHEA,(423) 775-1121,Critical Access Hospitals,Government - Local,1.0,,,,1,1,0
441311,CENTENNIAL MEDICAL CENTER OF ASHLAND CITY,313 NORTH MAIN ST,ASHLAND CITY,TN,37015,CHEATHAM,6157923030,Critical Access Hospitals,Proprietary,1.0,,,,1,0,0
441312,PATIENTS' CHOICE MEDICAL CENTER OF ERIN,302 EAST MAIN STREET,ERIN,TN,37061,HOUSTON,9312894211,Critical Access Hospitals,Proprietary,1.0,,,,1,0,0
441313,HANCOCK COUNTY HOSPITAL,1519 MAIN STREET HWY 33,SNEEDVILLE,TN,37869,HANCOCK,(423) 733-5001,Critical Access Hospitals,Voluntary Non-Profit - Private,1.0,,,,1,1,0
441314,LAUDERDALE COMMUNITY HOSPITAL,340 ASBURY AVENUE,RIPLEY,TN,38063,LAUDERDALE,(731) 221-2200,Critical Access Hospitals,Proprietary,1.0,,,,1,1,0
441315,COPPER BASIN MEDICAL CENTER,HIGHWAY 68,COPPERHILL,TN,37317,POLK,4234965511,Critical Access Hospitals,Voluntary Non-Profit - Other,1.0,,,,1,0,0
441316,WEST TENNESSEE HEALTHCARE CAMDEN HOSPITAL,175 HOSPITAL DRIVE,CAMDEN,TN,38320,BENTON,(731) 593-6300,Critical Access Hospitals,Government - Hospital District or Authority,1.0,,,,1,1,0
441317,SCOTT COUNTY HOSPITAL,18797 ALBERTA AVENUE,ONEIDA,TN,37841,SCOTT,4235698521,Critical Access Hospitals,Government - Local,1.0,,,,1,0,0
441320,WEST TENNESSEE HEALTHCARE BOLIVAR HOSPITAL,650 NUCKOLLS ROAD,BOLIVAR,TN,38008,HARDEMAN,(731) 658-3100,,,,,,,0,1,0
441322,HOUSTON COUNTY COMMUNITY HOSPITAL,5001 EAST MAIN STREET,ERIN,TN,37061,HOUSTON,(931) 289-4211,,,,,,,0,1,0
441323,BIG SOUTH FORK MEDICAL CENTER,18797 ALBERTA STREET,ONEIDA,TN,37841,SCOTT,(423) 286-5300,,,,,,,0,1,0
443302,ST JUDE CHILDRENS RESEARCH HOSPITAL,262 DANNY THOMAS PLACE,MEMPHIS,TN,38105,SHELBY,(901) 495-3300,,,,,,,0,1,0
443303,EAST TENNESSEE CHILDRENS HOSPITAL,2018 CLINCH AVE SW,KNOXVILLE,TN,37916,KNOX,(865) 541-8000,,,,,,,0,1,0
450002,THE HOSPITALS OF PROVIDENCE - MEMORIAL CAMPUS,2001 N OREGON ST,EL PASO,TX,79902,EL PASO,(915) 577-6011,Acute Care Hospitals,Proprietary,1.0,,,,1,1,0
450005,MEMORIAL HERMANN BAPTIST ORANGE HOSPITAL,608 STRICKLAND DRIVE,ORANGE,TX,77630,ORANGE,4098839361,Acute Care Hospitals,Voluntary Non-Profit - Private,1.0,,,,1,0,0
450007,PETERSON REGIONAL MEDICAL CENTER,551 HILL COUNTRY DRIVE,KERRVILLE,TX,78028,KERR,(830) 896-4200,Acute Care Hospitals,Voluntary Non-Profit - Other,1.0,,,,1,1,0
450008,CHILDREN'S HOSPITAL -SCOTT & WHITE HEALTHCARE,1901 SW H K DODGEN LOOP,TEMPLE,TX,76502,BELL,2547718600,Acute Care Hospitals,Voluntary Non-Profit - Other,1.0,,,,1,0,0
450010,UNITED REGIONAL HEALTH CARE SYSTEM,1600 11TH STREET,WICHITA FALLS,TX,76301,WICHITA,(940) 764-7000,Acute Care Hospitals,Voluntary Non-Profit - Private,1.0,,,,1,1,0
450011,CHI ST JOSEPH HEALTH REGIONAL HOSPITAL,2801 FRANCISCAN DR,BRYAN,TX,77802,BRAZOS,(979) 776-3912,Acute Care Hospitals,Voluntary Non-Profit - Church,1.0,,,,1,1,0
450015,PARKLAND HEALTH & HOSPITAL SYSTEM,5200 HARRY HINES BLVD,DALLAS,TX,75235,DALLAS,(214) 590-8000,Acute Care Hospitals,Government - Hospital District or Authority,1.0,,,,1,1,0
450018,UNIVERSITY OF TEXAS MEDICAL BRANCH GALVESTON,301 UNIVERSITY BOULEVARD,GALVESTON,TX,77555,GALVESTON,(409) 772-1011,Acute Care Hospitals,Government - State,1.0,,,,1,1,0
450021,BAYLOR UNIVERSITY MEDICAL CENTER,3500 GASTON AVE,DALLAS,TX,75246,DALLAS,(214) 820-8082,Acute Care Hospitals,Voluntary Non-Profit - Church,1.0,,,,1,1,0
450023,CITIZENS MEDICAL CENTER,2701 HOSPITAL DRIVE,VICTORIA,TX,77901,VICTORIA,(361) 573-9181,Acute Care Hospitals,Voluntary Non-Profit - Other,1.0,,,,1,1,0
450024,UNIVERSITY MEDICAL CENTER OF EL PASO,4815 ALAMEDA AVE,EL PASO,TX,79905,EL PASO,(915) 521-7602,Acute Care Hospitals,Government - Hospital District or Authority,1.0,,,,1,1,0
450028,VALLEY BAPTIST MEDICAL CENTER- BROWNSVILLE,1040 W JEFFERSON ST,BROWNSVILLE,TX,78520,CAMERON,(956) 544-1400,Acute Care Hospitals,Proprietary,1.0,,,,1,1,0
450029,LAREDO MEDICAL CENTER,1700 EAST SAUNDERS,LAREDO,TX,78044,WEBB,(956) 796-5000,Acute Care Hospitals,Voluntary Non-Profit - Church,1.0,,,,1,1,0
450032,CHRISTUS GOOD SHEPHERD MEDICAL CENTER,700 E MARSHALL AVE,LONGVIEW,TX,75601,GREGG,(903) 927-6712,Acute Care Hospitals,Voluntary Non-Profit - Private,1.0,,,,1,1,0
450033,VHS HARLINGEN HOSPITAL COMPANY LLC,2101 PEASE ST,HARLINGEN,TX,78550,CAMERON,(956) 389-1100,Acute Care Hospitals,Voluntary Non-Profit - Church,1.0,,,,1,1,0
450034,CHRISTUS SOUTHEAST TEXAS- ST ELIZABETH,2830 CALDER AVENUE,BEAUMONT,TX,77702,JEFFERSON,(409) 892-7171,Acute Care Hospitals,Voluntary Non-Profit - Church,1.0,,,,1,1,0
450035,ST JOSEPH MEDICAL CENTER,1401 ST. JOSEPH PARKWAY,HOUSTON,TX,77002,HARRIS,(713) 757-1000,Acute Care Hospitals,Government - Federal,1.0,,,,1,1,0
450037,GOOD SHEPHERD MEDICAL CENTER,700 EAST MARSHALL AVENUE,LONGVIEW,TX,75601,GREGG,9033152000,Acute Care Hospitals,Voluntary Non-Profit - Private,1.0,,,,1,0,0
450039,JPS HEALTH NETWORK,1500 S MAIN ST,FORT WORTH,TX,76104,TARRANT,(817) 921-3431,Acute Care Hospitals,Government - Hospital District or Authority,1.0,,,,1,1,0
450040,COVENANT MEDICAL CENTER,3615 19TH STREET,LUBBOCK,TX,79410,LUBBOCK,(806) 725-4431,Acute Care Hospitals,Voluntary Non-Profit - Church,1.0,,,,1,1,0
450042,ASCENSION PROVIDENCE,6901 MEDICAL PARKWAY,WACO,TX,76712,MC LENNAN,(254) 751-4000,Acute Care Hospitals,Voluntary Non-Profit - Private,1.0,,,,1,1,0
450044,UT OF TEXAS  SOUTHWESTERN UNIVERSITY HOSPITAL - WILLIAM P. CLEMENTS JR.,6201 HARRY HINES BLVD,DALLAS,TX,75390,DALLAS,(214) 633-5555,Acute Care Hospitals,Government - State,1.0,,,,1,1,0
450046,CHRISTUS SPOHN HOSPITAL CORPUS CHRISTI,600 ELIZABETH STREET,CORPUS CHRISTI,TX,78404,NUECES,(361) 902-4103,Acute Care Hospitals,Voluntary Non-Profit - Church,1.0,,,,1,1,0
450051,METHODIST DALLAS MEDICAL CENTER,1441 NORTH BECKLEY AVENUE,DALLAS,TX,75203,DALLAS,(214) 947-8181,Acute Care Hospitals,Voluntary Non-Profit - Other,1.0,,,,1,1,0
450052,GOODALL WITCHER HOSPITAL,101 S AVE T,CLIFTON,TX,76634,BOSQUE,2546758322,Acute Care Hospitals,Voluntary Non-Profit - Private,1.0,,,,1,0,0
450054,BAYLOR SCOTT & WHITE MEDICAL CENTER - TEMPLE,2401 S  31ST ST,TEMPLE,TX,76508,BELL,(254) 724-2111,Acute Care Hospitals,Voluntary Non-Profit - Private,1.0,,,,1,1,0
450055,ROLLING PLAINS MEMORIAL HOSPITAL,200 E ARIZONA,SWEETWATER,TX,79556,NOLAN,(325) 235-1701,Acute Care Hospitals,Government - Hospital District or Authority,1.0,,,,1,1,0
450056,ASCENSION SETON MEDICAL CENTER AUSTIN,1201 W 38TH ST,AUSTIN,TX,78705,TRAVIS,(512) 324-1000,Acute Care Hospitals,Voluntary Non-Profit - Church,1.0,,,,1,1,0
450058,BAPTIST MEDICAL CENTER,111 DALLAS STREET,SAN ANTONIO,TX,78205,BEXAR,(210) 297-8256,Acute Care Hospitals,Proprietary,1.0,,,,1,1,0
450064,TEXAS HEALTH ARLINGTON MEMORIAL HOSPITAL,800 W RANDOL MILL RD,ARLINGTON,TX,76012,TARRANT,(817) 548-6200,Acute Care Hospitals,Voluntary Non-Profit - Private,1.0,,,,1,1,0
450068,MEMORIAL HERMANN - TEXAS MEDICAL CENTER,6411 FANNIN,HOUSTON,TX,77030,HARRIS,(713) 704-3700,Acute Care Hospitals,Voluntary Non-Profit - Private,1.0,,,,1,1,0
450072,CHI ST LUKE'S HEALTH BRAZOSPORT,100 MEDICAL DRIVE,LAKE JACKSON,TX,77566,BRAZORIA,(979) 297-4411,Acute Care Hospitals,Voluntary Non-Profit - Private,1.0,,,,1,1,0
450073,COGDELL MEMORIAL HOSPITAL,1700 COGDELL BLVD,SNYDER,TX,79549,SCURRY,3255747437,Acute Care Hospitals,Government - Hospital District or Authority,1.0,,,,1,0,0
450078,ANSON GENERAL HOSPITAL,101 AVENUE J,ANSON,TX,79501,JONES,3258233231,Acute Care Hospitals,Voluntary Non-Profit - Other,1.0,,,,1,0,0
450079,BAYLOR SCOTT & WHITE MEDICAL CENTER AT IRVING,1901 N MACARTHUR BLVD,IRVING,TX,75061,DALLAS,(972) 579-8100,Acute Care Hospitals,Proprietary,1.0,,,,1,1,0
450080,TITUS REGIONAL MEDICAL CENTER,2001 N JEFFERSON,MOUNT PLEASANT,TX,75455,TITUS,(903) 577-6000,Acute Care Hospitals,Government - Hospital District or Authority,1.0,,,,1,1,0
450082,CHRISTUS SPOHN HOSPITAL BEEVILLE,1500 E HOUSTON HWY,BEEVILLE,TX,78102,BEE,(361) 354-2000,Acute Care Hospitals,Voluntary Non-Profit - Church,1.0,,,,1,1,0
450083,UT HEALTH EAST TEXAS TYLER REGIONAL HOSPITAL,1000 SOUTH BECKHAM AVE,TYLER,TX,75701,SMITH,(903) 597-0351,Acute Care Hospitals,Government - Local,1.0,,,,1,1,0
450085,GRAHAM REGIONAL MEDICAL CENTER,1301 MONTGOMERY ROAD,GRAHAM,TX,76450,YOUNG,9405493400,Acute Care Hospitals,Government - State,1.0,,,,1,0,0
450087,MEDICAL CITY NORTH HILLS,4401 BOOTH CALLOWAY ROAD,NORTH RICHLAND HILLS,TX,76180,TARRANT,(817) 255-1000,Acute Care Hospitals,Proprietary,1.0,,,,1,1,0
450090,NORTH TEXAS MEDICAL CENTER,1900 HOSPITAL BLVD,GAINESVILLE,TX,76240,COOKE,(940) 612-8600,Acute Care Hospitals,Government - Hospital District or Authority,1.0,,,,1,1,0
450092,FORT DUNCAN MEDICAL CENTER,3333 N FOSTER MALDONADO BLVD,EAGLE PASS,TX,78852,MAVERICK,(830) 773-5321,Acute Care Hospitals,Proprietary,1.0,,,,1,1,0
450097,HCA HOUSTON HEALTHCARE SOUTHEAST,4000 SPENCER HWY,PASADENA,TX,77504,HARRIS,(713) 359-1000,Acute Care Hospitals,Proprietary,1.0,,,,1,1,0
450099,PAMPA REGIONAL MEDICAL CENTER,1 MEDICAL PLAZA,PAMPA,TX,79065,GRAY,8066653721,Acute Care Hospitals,Proprietary,1.0,,,,1,0,0
450101,BAYLOR SCOTT & WHITE MEDICAL CENTER HILLCREST,100 HILLCREST MEDICAL BLVD,WACO,TX,76712,MC LENNAN,(254) 202-2000,Acute Care Hospitals,Voluntary Non-Profit - Private,1.0,,,,1,1,0
450102,CHRISTUS MOTHER FRANCES HOSPITAL,800 EAST DAWSON,TYLER,TX,75701,SMITH,(903) 593-8441,Acute Care Hospitals,Voluntary Non-Profit - Other,1.0,,,,1,1,0
450104,GUADALUPE REGIONAL MEDICAL CENTER,1215 E COURT ST,SEGUIN,TX,78155,GUADALUPE,(830) 379-2411,Acute Care Hospitals,Voluntary Non-Profit - Other,1.0,,,,1,1,0
450107,LAS PALMAS MEDICAL CENTER A CAMPUS OF LPDS HEALTHC,1801 NORTH OREGON STREET,EL PASO,TX,79902,EL PASO,(915) 521-1200,Acute Care Hospitals,Proprietary,1.0,,,,1,1,0
450108,CONNALLY MEMORIAL MEDICAL CENTER,499 10TH STREET,FLORESVILLE,TX,78114,WILSON,(830) 393-1300,Acute Care Hospitals,Government - Hospital District or Authority,1.0,,,,1,1,0
450119,SOUTH TEXAS HEALTH SYSTEM,1102 W TRENTON ROAD,EDINBURG,TX,78539,HIDALGO,(956) 632-4000,Acute Care Hospitals,Proprietary,1.0,,,,1,1,0
450123,RENAISSANCE HOSPITAL GROVES,5500 39TH ST,GROVES,TX,77619,JEFFERSON,4099625733,Acute Care Hospitals,Proprietary,1.0,,,,1,0,0
450124,DELL SETON  MED CENTER AT THE UNIVERSITY OF TX,601 E 15TH STREET,AUSTIN,TX,78701,TRAVIS,(512) 324-7000,Acute Care Hospitals,Government - Local,1.0,,,,1,1,0
450128,KNAPP MEDICAL CENTER,1401 EAST EIGHT STREET,WESLACO,TX,78596,HIDALGO,(956) 968-8567,Acute Care Hospitals,Voluntary Non-Profit - Private,1.0,,,,1,1,0
450130,NIX HEALTH CARE SYSTEM,"414 NAVARRO, SUITE 600",SAN ANTONIO,TX,78205,BEXAR,2102712188,Acute Care Hospitals,Proprietary,0.0,,,,1,0,0
450132,MEDICAL CENTER HOSPITAL,500 W 4TH STREET,ODESSA,TX,79761,ECTOR,(432) 640-4000,Acute Care Hospitals,Government - Hospital District or Authority,0.0,,,,1,1,0
450133,MIDLAND MEMORIAL HOSPITAL,400 ROSALIND REDFERN GROVER PARKWAY,MIDLAND,TX,79701,MIDLAND,(432) 685-1111,Acute Care Hospitals,Government - Hospital District or Authority,1.0,,,,1,1,0
450135,TEXAS HEALTH HARRIS METHODIST FORT WORTH,1301 PENNSYLVANIA AVENUE,FORT WORTH,TX,76104,TARRANT,(817) 250-2100,Acute Care Hospitals,Voluntary Non-Profit - Church,1.0,,,,1,1,0
450137,BAYLOR SCOTT AND WHITE ALL SAINTS MEDICAL CENTER,1400 EIGHTH AVE,FORT WORTH,TX,76104,TARRANT,(817) 926-2544,Acute Care Hospitals,Voluntary Non-Profit - Private,1.0,,,,1,1,0
450143,ASCENSION SETON SMITHVILLE,1201 HILL RD ATTN: FIN DIR,SMITHVILLE,TX,78957,BASTROP,(512) 237-3214,Acute Care Hospitals,Government - Hospital District or Authority,1.0,,,,1,1,0
450144,PERMIAN REGIONAL MEDICAL CENTER ANDREWS COUNTY HO,720 HOSPITAL DRIVE,ANDREWS,TX,79714,ANDREWS,(432) 523-2200,Acute Care Hospitals,Government - Hospital District or Authority,1.0,,,,1,1,0
450147,DE TAR HOSPITAL NAVARRO,506 E SAN ANTONIO ST,VICTORIA,TX,77901,VICTORIA,(361) 575-7441,Acute Care Hospitals,Proprietary,1.0,,,,1,1,0
450148,TEXAS HEALTH HARRIS METHODIST HOSPITAL CLEBURNE,201 WALLS DRIVE,CLEBURNE,TX,76031,JOHNSON,(817) 641-2251,Acute Care Hospitals,Voluntary Non-Profit - Church,1.0,,,,1,1,0
450152,ADVENTHEALTH CENTRAL TEXAS,2201 S CLEAR CREEK ROAD,KILLEEN,TX,76542,BELL,(254) 526-7523,Acute Care Hospitals,Voluntary Non-Profit - Church,1.0,,,,1,1,0
450154,VAL VERDE REGIONAL MEDICAL CENTER,801 BEDELL AVE,DEL RIO,TX,78840,VAL VERDE,(830) 775-8566,Acute Care Hospitals,Voluntary Non-Profit - Private,1.0,,,,1,1,0
450155,HEREFORD REGIONAL MEDICAL CENTER,801 EAST THIRD,HEREFORD,TX,79045,DEAF SMITH,(806) 364-2141,Acute Care Hospitals,Government - Hospital District or Authority,1.0,,,,1,1,0
450162,GRACE SURGICAL HOSPITAL,2412 50TH ST,LUBBOCK,TX,79412,LUBBOCK,(806) 788-4000,Acute Care Hospitals,Proprietary,1.0,,,,1,1,0
450163,CHRISTUS SPOHN HOSPITAL KLEBERG,1311 EAST GENERAL CAVAZOS BLVD,KINGSVILLE,TX,78363,KLEBERG,(361) 595-1661,Acute Care Hospitals,Voluntary Non-Profit - Church,1.0,,,,1,1,0
450165,METHODIST HOSPITAL ATASCOSA,1905 HWY 97 EAST,JOURDANTON,TX,78026,ATASCOSA,(830) 769-3515,Acute Care Hospitals,Proprietary,1.0,,,,1,1,0
450176,MISSION REGIONAL MEDICAL CENTER,900 SOUTH BRYAN ROAD,MISSION,TX,78572,HIDALGO,(956) 323-9000,Acute Care Hospitals,Government - Local,1.0,,,,1,1,0
450177,UVALDE MEMORIAL HOSPITAL,1025 GARNER FIELD ROAD,UVALDE,TX,78801,UVALDE,8302786251,Acute Care Hospitals,Government - Hospital District or Authority,1.0,,,,1,0,0
450178,PECOS COUNTY MEMORIAL HOSPITAL,387 WEST I 10,FORT STOCKTON,TX,79735,PECOS,4323364201,Acute Care Hospitals,Government - Local,1.0,,,,1,0,0
450184,MEMORIAL HERMANN HOSPITAL SYSTEM,1635  NORTH LOOP WEST,HOUSTON,TX,77008,HARRIS,(713) 448-6796,Acute Care Hospitals,Voluntary Non-Profit - Private,0.0,,,,1,1,0
450187,TRINITY MEDICAL CENTER,700 MEDICAL PARKWAY,BRENHAM,TX,77833,WASHINGTON,9798366173,Acute Care Hospitals,Voluntary Non-Profit - Church,1.0,,,,1,0,0
450188,ETMC CLARKSVILLE,3000 W MAIN ST,CLARKSVILLE,TX,75426,RED RIVER,9034273851,Acute Care Hospitals,Voluntary Non-Profit - Other,1.0,,,,1,0,0
450192,HILL REGIONAL HOSPITAL,101 CIRCLE DRIVE,HILLSBORO,TX,76645,HILL,2545808500,Acute Care Hospitals,Proprietary,1.0,,,,1,0,0
450193,Baylor St Lukes Medical Center,"6720 BERTNER AVE, STE MC1-266",HOUSTON,TX,77030,HARRIS,(832) 355-1000,Acute Care Hospitals,Voluntary Non-Profit - Church,0.0,,,,1,1,0
450194,UT HEALTH EAST TEXAS JACKSONVILLE HOSPITAL,501 S RAGSDALE,JACKSONVILLE,TX,75766,CHEROKEE,(903) 541-5000,Acute Care Hospitals,Voluntary Non-Profit - Private,1.0,,,,1,1,0
450196,PARIS REGIONAL MEDICAL CENTER,865 DESHONG DR,PARIS,TX,75460,LAMAR,(903) 785-4521,Acute Care Hospitals,Proprietary,1.0,,,,1,1,0
450200,WADLEY REGIONAL MEDICAL CENTER,1000 PINE STREET,TEXARKANA,TX,75501,BOWIE,(903) 798-8000,Acute Care Hospitals,Voluntary Non-Profit - Private,1.0,,,,1,1,0
450203,MEDICAL CITY WEATHERFORD,713 E ANDERSON ST,WEATHERFORD,TX,76086,PARKER,(682) 582-1000,Acute Care Hospitals,Proprietary,1.0,,,,1,1,0
450209,NORTHWEST TEXAS HOSPITAL,1501 S  COULTER ST,AMARILLO,TX,79106,POTTER,(806) 354-1110,Acute Care Hospitals,Voluntary Non-Profit - Church,1.0,,,,1,1,0
450210,UT HEALTH EAST TEXAS CARTHAGE HOSPITAL,409 COTTAGE RD,CARTHAGE,TX,75633,PANOLA,(903) 693-3841,Acute Care Hospitals,Government - Local,1.0,,,,1,1,0
450211,CHI ST LUKES HEALTH MEMORIAL LUFKIN,1201 WEST FRANK STREET,LUFKIN,TX,75901,ANGELINA,(936) 634-8111,Acute Care Hospitals,Voluntary Non-Profit - Private,1.0,,,,1,1,0
450213,UNIVERSITY HEALTH SYSTEM,4502 MEDICAL DR,SAN ANTONIO,TX,78229,BEXAR,(210) 358-2637,Acute Care Hospitals,Government - Hospital District or Authority,1.0,,,,1,1,0
450214,GULF COAST MEDICAL CENTER,10141 US 59 NORTH,WHARTON,TX,77488,WHARTON,9795322500,Acute Care Hospitals,Proprietary,1.0,,,,1,0,0
450219,SCOTT & WHITE HOSPITAL-LLANO,200 W OLLIE,LLANO,TX,78643,LLANO,3252475040,Acute Care Hospitals,Voluntary Non-Profit - Private,1.0,,,,1,0,0
450221,MOORE COUNTY HOSPITAL DISTRICT,224 E SECOND STREET,DUMAS,TX,79029,MOORE,8069357171,Acute Care Hospitals,Government - Hospital District or Authority,1.0,,,,1,0,0
450222,HCA HOUSTON HEALTHCARE CONROE,504 MEDICAL CENTER BLVD,CONROE,TX,77304,MONTGOMERY,(936) 539-1111,Acute Care Hospitals,Proprietary,1.0,,,,1,1,0
450229,HENDRICK MEDICAL CENTER,1900 PINE,ABILENE,TX,79601,TAYLOR,(325) 670-2000,Acute Care Hospitals,Voluntary Non-Profit - Private,1.0,,,,1,1,0
450231,BSA HOSPITAL,1600 WALLACE BLVD,AMARILLO,TX,79106,POTTER,(806) 212-2000,Acute Care Hospitals,Government - Federal,1.0,,,,1,1,0
450234,COMANCHE COUNTY MEDICAL CENTER,10201 HWY 16,COMANCHE,TX,76442,COMANCHE,2548794900,Acute Care Hospitals,Voluntary Non-Profit - Private,1.0,,,,1,0,0
450235,MEMORIAL HOSPITAL,1110 NORTH SARAH DEWITT DRIVE,GONZALES,TX,78629,GONZALES,(830) 672-7581,Acute Care Hospitals,Voluntary Non-Profit - Other,1.0,,,,1,1,0
450236,CHRISTUS MOTHER FRANCES HOSPITAL SULPHUR SPRINGS,115 AIRPORT RD,SULPHUR SPRINGS,TX,75482,HOPKINS,(903) 885-7671,Acute Care Hospitals,Government - Hospital District or Authority,1.0,,,,1,1,0
450237,CHRISTUS SANTA ROSA MEDICAL CENTER,2827 BABCOCK ROAD,SAN ANTONIO,TX,78229,BEXAR,(210) 704-3342,Acute Care Hospitals,Voluntary Non-Profit - Church,1.0,,,,1,1,0
450241,FAITH COMMUNITY HOSPITAL,215 CHISHOLM TRAIL,JACKSBORO,TX,76458,JACK,(940) 567-6633,Acute Care Hospitals,Government - Hospital District or Authority,1.0,,,,1,1,0
450243,HAMLIN MEMORIAL HOSPITAL,632 N W SECOND STREET,HAMLIN,TX,79520,JONES,3255763646,Acute Care Hospitals,Government - Hospital District or Authority,1.0,,,,1,0,0
450253,BELLVILLE MEDICAL CENTER,44 N CUMMINGS ST,BELLVILLE,TX,77418,AUSTIN,(979) 865-3141,Acute Care Hospitals,Voluntary Non-Profit - Private,1.0,,,,1,1,0
450270,LAKE WHITNEY MEDICAL CENTER,200 N SAN JACINTO STREET,WHITNEY,TX,76692,HILL,2546943165,Acute Care Hospitals,Proprietary,1.0,,,,1,0,0
450271,MEDICAL CITY DECATUR,609 MEDICAL CENTER DRIVE,DECATUR,TX,76234,WISE,(940) 627-5921,Acute Care Hospitals,Government - Hospital District or Authority,1.0,,,,1,1,0
450272,CHRISTUS SANTA ROSA HOSPITAL-SAN MARCOS,1301 WONDER WORLD DRIVE,SAN MARCOS,TX,78666,HAYS,(512) 753-3511,Acute Care Hospitals,Voluntary Non-Profit - Church,1.0,,,,1,1,0
450280,BAYLOR MEDICAL CENTER AT GARLAND,2300 MARIE CURIE DRIVE,GARLAND,TX,75042,DALLAS,9724875000,Acute Care Hospitals,Government - Federal,1.0,,,,1,0,0
450283,COZBY-GERMANY HOSPITAL,707 N WALDRIP,GRAND SALINE,TX,75140,VAN ZANDT,9039624242,Acute Care Hospitals,Voluntary Non-Profit - Private,1.0,,,,1,0,0
450289,HARRIS HEALTH,1504 TAUB LOOP,HOUSTON,TX,77030,HARRIS,(713) 873-2000,Acute Care Hospitals,Government - Hospital District or Authority,1.0,,,,1,1,0
450292,TEXAS HEALTH PRESBYTERIAN HOSPITAL KAUFMAN,850 ED HALL,KAUFMAN,TX,75142,KAUFMAN,(972) 932-7200,Acute Care Hospitals,Voluntary Non-Profit - Church,1.0,,,,1,1,0
450293,FRIO REGIONAL HOSPITAL,200 S IH 35,PEARSALL,TX,78061,FRIO,8303343617,Acute Care Hospitals,Government - Hospital District or Authority,1.0,,,,1,0,0
450296,CLEVELAND REGIONAL MEDICAL CTR,300 E CROCKETT,CLEVELAND,TX,77327,LIBERTY,2815931811,Acute Care Hospitals,Proprietary,0.0,,,,1,0,0
450299,COLLEGE STATION MEDICAL CENTER,1604 ROCK PRAIRIE ROAD,COLLEGE STATION,TX,77842,BRAZOS,9797645151,Acute Care Hospitals,Proprietary,1.0,,,,1,0,0
450306,STAMFORD MEMORIAL HOSPITAL,1601 COLUMBIA STREET,STAMFORD,TX,79553,JONES,3257732725,Acute Care Hospitals,Government - Hospital District or Authority,1.0,,,,1,0,0
450315,VISTA HOSPITAL OF DALLAS,2696 WEST WALNUT STREET,GARLAND,TX,75042,DALLAS,9722767116,Acute Care Hospitals,Proprietary,,,,,1,0,0
450324,TEXOMA MEDICAL CENTER,5016 S US HIGHWAY 75,DENISON,TX,75020,GRAYSON,(903) 416-4000,Acute Care Hospitals,Proprietary,1.0,,,,1,1,0
450330,OAKBEND MEDICAL CENTER,1705 JACKSON ST,RICHMOND,TX,77469,FORT BEND,(281) 341-3000,Acute Care Hospitals,Government - Hospital District or Authority,1.0,,,,1,1,0
450340,SAN ANGELO COMMUNITY MEDICAL CENTER,3501 KNICKERBOCKER ROAD,SAN ANGELO,TX,76904,TOM GREEN,3259499511,Acute Care Hospitals,Proprietary,1.0,,,,1,0,0
450346,BAPTIST BEAUMONT HOSPITAL,3080 COLLEGE STREET,BEAUMONT,TX,77701,JEFFERSON,(409) 212-5000,Acute Care Hospitals,Voluntary Non-Profit - Church,1.0,,,,1,1,0
450347,HUNTSVILLE MEMORIAL HOSPITAL,110 MEMORIAL HOSPITAL DRIVE,HUNTSVILLE,TX,77340,WALKER,(936) 291-3411,Acute Care Hospitals,Voluntary Non-Profit - Private,1.0,,,,1,1,0
450348,FALLS COMMUNITY HOSPITAL AND CLINIC,322 COLEMAN STREET,MARLIN,TX,76661,FALLS,2548033561,Acute Care Hospitals,Voluntary Non-Profit - Private,1.0,,,,1,0,0
450351,TEXAS HEALTH HARRIS METHODIST HOSPITAL STEPHENVILL,411 N BELKNAP ST,STEPHENVILLE,TX,76401,ERATH,(254) 965-1500,Acute Care Hospitals,Voluntary Non-Profit - Private,1.0,,,,1,1,0
450352,HUNT REGIONAL MEDICAL CENTER,4215 JOE RAMSEY BLVD E,GREENVILLE,TX,75401,HUNT,(903) 408-5000,Acute Care Hospitals,Government - Hospital District or Authority,1.0,,,,1,1,0
450358,HOUSTON METHODIST HOSPITAL,6565 FANNIN,HOUSTON,TX,77030,HARRIS,(713) 790-2221,Acute Care Hospitals,Voluntary Non-Profit - Private,1.0,,,,1,1,0
450369,CHILDRESS REGIONAL MEDICAL CENTER,HWY 83 NORTH,CHILDRESS,TX,79201,CHILDRESS,(940) 937-6371,Acute Care Hospitals,Government - Hospital District or Authority,1.0,,,,1,1,0
450370,COLUMBUS COMMUNITY HOSPITAL,110 SHULT DR,COLUMBUS,TX,78934,COLORADO,(979) 732-2371,Acute Care Hospitals,Voluntary Non-Profit - Private,1.0,,,,1,1,0
450372,BAYLOR SCOTT & WHITE MEDICAL CENTER- WAXAHACHIE,2400 N INTERSTATE HIGHWAY 35E,WAXAHACHIE,TX,75165,ELLIS,(972) 923-7000,Acute Care Hospitals,Voluntary Non-Profit - Other,1.0,,,,1,1,0
450373,EAST TEXAS MEDICAL CENTER MOUNT VERNON,500 S STATE HWY 37,MOUNT VERNON,TX,75457,FRANKLIN,9035374552,Acute Care Hospitals,Voluntary Non-Profit - Other,1.0,,,,1,0,0
450379,DALLAS MEDICAL CENTER,7 MEDICAL PARKWAY,DALLAS,TX,75234,DALLAS,(972) 247-1000,Acute Care Hospitals,Proprietary,1.0,,,,1,1,0
450388,METHODIST HOSPITAL,7700 FLOYD CURL DR,SAN ANTONIO,TX,78229,BEXAR,(210) 575-4000,Acute Care Hospitals,Proprietary,1.0,,,,1,1,0
450389,UT HEALTH EAST TEXAS ATHENS HOSPITAL,2000 SOUTH PALESTINE ST,ATHENS,TX,75751,HENDERSON,(903) 676-1000,Acute Care Hospitals,Voluntary Non-Profit - Private,1.0,,,,1,1,0
450395,CHI ST LUKES HEALTH MEMORIAL LIVINGSTON,1717 HWY 59 BYPASS,LIVINGSTON,TX,77351,POLK,(936) 327-4381,Acute Care Hospitals,Government - Local,1.0,,,,1,1,0
450399,BROWNFIELD REGIONAL MEDICAL CENTER,705 EAST FELT STREET,BROWNFIELD,TX,79316,TERRY,(806) 637-8252,Acute Care Hospitals,Government - Hospital District or Authority,1.0,,,,1,1,0
450400,PARKVIEW REGIONAL HOSPITAL,600 SOUTH BONHAM STREET,MEXIA,TX,76667,LIMESTONE,(254) 562-5332,Acute Care Hospitals,Proprietary,1.0,,,,1,1,0
450403,MEDICAL CENTER OF MCKINNEY,4500 MEDICAL CENTER DRIVE,MCKINNEY,TX,75069,COLLIN,(972) 547-8000,Acute Care Hospitals,Proprietary,1.0,,,,1,1,0
450411,EASTLAND MEMORIAL HOSPITAL,304 S DAUGHERTY STREET,EASTLAND,TX,76448,EASTLAND,(254) 631-5342,Acute Care Hospitals,Government - Hospital District or Authority,1.0,,,,1,1,0
450419,TEXAS HEALTH HARRIS METHODIST HOSPITAL AZLE,108 DENVER TRAIL,AZLE,TX,76020,TARRANT,(817) 444-8700,Acute Care Hospitals,Voluntary Non-Profit - Church,1.0,,,,1,1,0
450422,BAYLOR SCOTT AND WHITE MEDICAL CENTER UPTOWN,2727 EAST LEMMON AVENUE BUILDING I,DALLAS,TX,75204,DALLAS,(214) 443-3000,Acute Care Hospitals,Voluntary Non-Profit - Private,1.0,,,,1,1,0
450424,HOUSTON METHODIST BAYTOWN HOSPITAL,4401 GARTH ROAD,BAYTOWN,TX,77521,HARRIS,(281) 420-8600,Acute Care Hospitals,Voluntary Non-Profit - Church,1.0,,,,1,1,0
450431,ST DAVID'S MEDICAL CENTER,919 E 32ND ST,AUSTIN,TX,78705,TRAVIS,(512) 476-7111,Acute Care Hospitals,Proprietary,0.0,,,,1,1,0
450438,COLORADO FAYETTE MEDICAL CENTER,400 YOUENS DRIVE,WEIMAR,TX,78962,COLORADO,9797259531,Acute Care Hospitals,Voluntary Non-Profit - Private,1.0,,,,1,0,0
450446,RIVERSIDE GENERAL HOSPITAL,3204 ENNIS ST,HOUSTON,TX,77004,HARRIS,7135262441,Acute Care Hospitals,Voluntary Non-Profit - Private,0.0,,,,1,0,0
450447,NAVARRO REGIONAL HOSPITAL,3201 WEST HIGHWAY 22,CORSICANA,TX,75110,NAVARRO,(903) 654-6800,Acute Care Hospitals,Proprietary,1.0,,,,1,1,0
450451,GLEN ROSE MEDICAL CENTER,1021 HOLDEN STREET,GLEN ROSE,TX,76043,SOMERVELL,(254) 897-2215,Acute Care Hospitals,Government - Hospital District or Authority,1.0,,,,1,1,0
450460,TYLER COUNTY HOSPITAL,1100 WEST BLUFF,WOODVILLE,TX,75979,TYLER,(409) 283-8141,Acute Care Hospitals,Government - Hospital District or Authority,1.0,,,,1,1,0
450462,TEXAS HEALTH PRESBYTERIAN HOSPITAL DALLAS,8200 WALNUT HILL LANE,DALLAS,TX,75231,DALLAS,(214) 345-6789,Acute Care Hospitals,Voluntary Non-Profit - Private,1.0,,,,1,1,0
450465,MATAGORDA REGIONAL MEDICAL CENTER,104 7TH STREET,BAY CITY,TX,77414,MATAGORDA,(979) 245-6383,Acute Care Hospitals,Government - Hospital District or Authority,1.0,,,,1,1,0
450469,WILSON N JONES REGIONAL MEDICAL CENTER,500 N HIGHLAND AVENUE,SHERMAN,TX,75092,GRAYSON,(903) 870-4611,Acute Care Hospitals,Voluntary Non-Profit - Other,1.0,,,,1,1,0
450475,UT HEALTH EAST TEXAS HENDERSON HOSPITAL,300 WILSON STREET,HENDERSON,TX,75652,RUSK,(903) 657-7541,Acute Care Hospitals,Voluntary Non-Profit - Other,1.0,,,,1,1,0
450484,WOODLAND HEIGHTS MEDICAL CENTER,505 SOUTH JOHN REDDITT DRIVE,LUFKIN,TX,75904,ANGELINA,(936) 634-8311,Acute Care Hospitals,Proprietary,1.0,,,,1,1,0
450488,ALLEGIANCE SPECIALTY HOSPITAL OF KILGORE,1612 SOUTH HENDERSON BLVD,KILGORE,TX,75662,GREGG,9039843505,Acute Care Hospitals,Proprietary,1.0,,,,1,0,0
450489,MEDICAL ARTS HOSPITAL,2200 N BRYAN AVE,LAMESA,TX,79331,DAWSON,(806) 872-2183,Acute Care Hospitals,Voluntary Non-Profit - Other,1.0,,,,1,1,0
450497,BOWIE MEMORIAL HOSPITAL,705 EAST GREENWOOD AV,BOWIE,TX,76230,MONTAGUE,9408721126,Acute Care Hospitals,Government - Hospital District or Authority,1.0,,,,1,0,0
450498,STEPHENS MEMORIAL HOSPITAL,200 SOUTH GENEVA,BRECKENRIDGE,TX,76424,STEPHENS,2545592241,Acute Care Hospitals,Government - Local,1.0,,,,1,0,0
450508,NACOGDOCHES MEMORIAL HOSPITAL,1204 MOUND ST,NACOGDOCHES,TX,75961,NACOGDOCHES,(936) 564-4611,Acute Care Hospitals,Government - Hospital District or Authority,1.0,,,,1,1,0
450518,THE MEDICAL CENTER OF SOUTHEAST TEXAS,2555 JIMMY JOHNSON BLVD,PORT ARTHUR,TX,77640,JEFFERSON,(409) 853-5900,Acute Care Hospitals,Proprietary,1.0,,,,1,1,0
450530,MAINLAND MEDICAL CENTER,6801 EMMETT LOWRY EXPRESSWAY,TEXAS CITY,TX,77591,GALVESTON,4099385000,Acute Care Hospitals,Proprietary,,,,,1,0,0
450537,METHODIST RICHARDSON MEDICAL CENTER,2831 E PRESIDENT GEORGE BUSH HIGHWAY,RICHARDSON,TX,75082,COLLIN,(469) 204-1000,Acute Care Hospitals,Government - Hospital District or Authority,1.0,,,,1,1,0
450539,COVENANT HOSPITAL PLAINVIEW,2601 DIMMITT RD,PLAINVIEW,TX,79072,HALE,(806) 296-5531,Acute Care Hospitals,Voluntary Non-Profit - Church,0.0,,,,1,1,0
450558,ABILENE REGIONAL MEDICAL CENTER,6250 HWY 83/84,ABILENE,TX,79606,TAYLOR,3254281000,Acute Care Hospitals,Proprietary,1.0,,,,1,0,0
450563,BAYLOR SCOTT & WHITE MEDICAL CENTER  GRAPEVINE,1650 W COLLEGE ST,GRAPEVINE,TX,76051,TARRANT,(817) 481-1588,Acute Care Hospitals,Voluntary Non-Profit - Other,1.0,,,,1,1,0
450565,PALO PINTO GENERAL HOSPITAL,400 SOUTHWEST 25 AVE,MINERAL WELLS,TX,76067,PALO PINTO,(940) 325-7891,Acute Care Hospitals,Government - Hospital District or Authority,1.0,,,,1,1,0
450571,SHANNON MEDICAL CENTER,120 E HARRIS AVE.,SAN ANGELO,TX,76903,TOM GREEN,(325) 653-6741,Acute Care Hospitals,Voluntary Non-Profit - Private,1.0,,,,1,1,0
450573,CHRISTUS JASPER MEMORIAL HOSPITAL,1275 MARVIN HANCOCK DRIVE,JASPER,TX,75951,JASPER,(409) 384-5461,Acute Care Hospitals,Government - Hospital District or Authority,1.0,,,,1,1,0
450578,HEMPHILL COUNTY HOSPITAL,1020 S 4TH ST,CANADIAN,TX,79014,HEMPHILL,8063236622,Acute Care Hospitals,Government - Hospital District or Authority,1.0,,,,1,0,0
450580,EAST TEXAS MEDICAL CENTER CROCKETT,1100 LOOP 304 EAST,CROCKETT,TX,75835,HOUSTON,9365463862,Acute Care Hospitals,Voluntary Non-Profit - Private,1.0,,,,1,0,0
450584,WILBARGER GENERAL HOSPITAL,920 HILLCREST DR,VERNON,TX,76384,WILBARGER,(940) 552-9351,Acute Care Hospitals,Government - Hospital District or Authority,1.0,,,,1,1,0
450586,SEYMOUR HOSPITAL,200 STADIUM DRIVE,SEYMOUR,TX,76380,BAYLOR,9408895572,Acute Care Hospitals,Government - Hospital District or Authority,1.0,,,,1,0,0
450587,HENDRICK MEDICAL CENTER BROWNWOOD,1501 BURNET DR,BROWNWOOD,TX,76801,BROWN,(325) 646-8541,Acute Care Hospitals,Proprietary,1.0,,,,1,1,0
450591,ANGLETON-DANBURY MEDICAL CENTER,132 HOSPITAL DR,ANGLETON,TX,77515,BRAZORIA,9798497721,Acute Care Hospitals,Government - Hospital District or Authority,1.0,,,,1,0,0
450596,LAKE GRANBURY MEDICAL CENTER,1310 PALUXY RD,GRANBURY,TX,76048,HOOD,(817) 573-2683,Acute Care Hospitals,Proprietary,1.0,,,,1,1,0
450597,CUERO REGIONAL HOSPITAL,2550 N ESPLANADE,CUERO,TX,77954,DE WITT,(361) 275-6191,Acute Care Hospitals,Government - Hospital District or Authority,1.0,,,,1,1,0
450604,HILL COUNTRY MEMORIAL HOSPITAL,1020 SOUTH STATE HIGHWAY 16,FREDERICKSBURG,TX,78624,GILLESPIE,(830) 997-4353,Acute Care Hospitals,Voluntary Non-Profit - Private,1.0,,,,1,1,0
450605,CARE REGIONAL MEDICAL CENTER,1711 W WHEELER AVENUE,ARANSAS PASS,TX,78336,SAN PATRICIO,3617588585,Acute Care Hospitals,Proprietary,1.0,,,,1,0,0
45060F,VA AMARILLO HEALTHCARE SYSTEM,6010 AMARILLO BLVD. WEST,AMARILLO,TX,79106,POTTER,(806) 355-9703,ACUTE CARE - VETERANS ADMINISTRATION,Government - Federal,1.0,,,,1,1,0
450610,MEMORIAL HERMANN MEMORIAL CITY HOSPITAL,921 GESSNER,HOUSTON,TX,77024,HARRIS,(713) 242-3000,Acute Care Hospitals,Voluntary Non-Profit - Private,1.0,,,,1,1,0
450615,ATLANTA MEMORIAL HOSPITAL,1007 SOUTH WILLIAMS STREET,ATLANTA,TX,75551,CASS,9037993000,Acute Care Hospitals,Government - Hospital District or Authority,1.0,,,,1,0,0
450617,HCA HOUSTON HEALTHCARE CLEAR LAKE,500 W MEDICAL CENTER BLVD,WEBSTER,TX,77598,HARRIS,(281) 332-2511,Acute Care Hospitals,Proprietary,1.0,,,,1,1,0
450620,DIMMIT COUNTY MEMORIAL HOSPITAL,704 HOSPITAL DRIVE,CARRIZO SPRINGS,TX,78834,DIMMIT,8308762424,Acute Care Hospitals,Government - Hospital District or Authority,1.0,,,,1,0,0
450630,SPRING BRANCH MEDICAL CENTER,8850 LONG POINT ROAD,HOUSTON,TX,77055,HARRIS,2812767574,Acute Care Hospitals,Proprietary,1.0,,,,1,0,0
450634,MEDICAL CITY DENTON,3535 SOUTH I35 EAST,DENTON,TX,76210,DENTON,(940) 384-3535,Acute Care Hospitals,Proprietary,1.0,,,,1,1,0
450638,HCA HOUSTON HEALTHCARE NORTHWEST,710 CYPRESS CREEK PARKWAY,HOUSTON,TX,77090,HARRIS,(281) 440-1000,Acute Care Hospitals,Proprietary,1.0,,,,1,1,0
450639,TEXAS HEALTH HARRIS METHODIST HURST-EULESS-BEDFORD,1600 HOSPITAL PARKWAY,BEDFORD,TX,76022,TARRANT,(817) 848-4000,Acute Care Hospitals,Voluntary Non-Profit - Church,1.0,,,,1,1,0
45063F,VA WEST TEXAS HEALTHCARE SYSTEM,300 VETERANS BLVD.,BIG SPRING,TX,79720,HOWARD,4322637361,ACUTE CARE - VETERANS ADMINISTRATION,Government - Federal,1.0,,,,1,0,0
450641,NOCONA GENERAL HOSPITAL,100 PARK ROAD,NOCONA,TX,76255,MONTAGUE,(940) 825-3235,Acute Care Hospitals,Government - Hospital District or Authority,1.0,,,,1,1,0
450643,DOCTORS HOSPITAL OF LAREDO,10700 MCPHERSON ROAD,LAREDO,TX,78041,WEBB,(956) 523-2000,Acute Care Hospitals,Proprietary,1.0,,,,1,1,0
450644,HCA HOUSTON HEALTHCARE WEST,12141 RICHMOND AVE,HOUSTON,TX,77082,HARRIS,(281) 588-8080,Acute Care Hospitals,Proprietary,1.0,,,,1,1,0
450647,MEDICAL CITY DALLAS HOSPITAL,7777 FOREST LANE,DALLAS,TX,75230,DALLAS,(972) 566-6222,Acute Care Hospitals,Proprietary,1.0,,,,1,1,0
450651,MEDICAL CITY PLANO,3901 W 15TH ST,PLANO,TX,75075,COLLIN,(972) 596-6800,Acute Care Hospitals,Proprietary,1.0,,,,1,1,0
450653,SCENIC MOUNTAIN MEDICAL CENTER,1601 W 11TH PLACE,BIG SPRING,TX,79720,HOWARD,(432) 263-1211,Acute Care Hospitals,Proprietary,1.0,,,,1,1,0
450654,STARR COUNTY MEMORIAL HOSPITAL,128  N FM RD 3167,RIO GRANDE CITY,TX,78582,STARR,(956) 487-5561,Acute Care Hospitals,Government - Hospital District or Authority,1.0,,,,1,1,0
450656,NACOGDOCHES MEDICAL CENTER,4920 NE STALLINGS DRIVE,NACOGDOCHES,TX,75965,NACOGDOCHES,(936) 569-9481,Acute Care Hospitals,Proprietary,1.0,,,,1,1,0
450658,FREESTONE MEDICAL CENTER,125 NEWMAN ST,FAIRFIELD,TX,75840,FREESTONE,(903) 389-1612,Acute Care Hospitals,Voluntary Non-Profit - Private,1.0,,,,1,1,0
450659,HCA HOUSTON HEALTHCARE MEDICAL CENTER,1313 HERMANN DR,HOUSTON,TX,77004,HARRIS,(713) 527-5019,Acute Care Hospitals,Proprietary,1.0,,,,1,1,0
450661,ODESSA REGIONAL MEDICAL CENTER,520 E 6TH STREET,ODESSA,TX,79761,ECTOR,(432) 582-8340,Acute Care Hospitals,Proprietary,1.0,,,,1,1,0
450662,VALLEY REGIONAL MEDICAL CENTER,100 A ALTON GLOOR,BROWNSVILLE,TX,78526,CAMERON,(956) 350-7000,Acute Care Hospitals,Proprietary,1.0,,,,1,1,0
450668,SIERRA MEDICAL CENTER,1625 MEDICAL CENTER DR,EL PASO,TX,79902,EL PASO,(915) 747-4000,Acute Care Hospitals,Proprietary,1.0,,,,1,1,0
450669,MEDICAL CITY LEWISVILLE,500 WEST MAIN STREET,LEWISVILLE,TX,75057,DENTON,(972) 420-1000,Acute Care Hospitals,Voluntary Non-Profit - Private,1.0,,,,1,1,0
45066F,DALLAS VA MEDICAL CENTER (VA NORTH TEXAS HEALTHCARE SYSTEM),4500 S. LANCASTER ROAD,DALLAS,TX,75216,DALLAS,(214) 742-8387,ACUTE CARE - VETERANS ADMINISTRATION,Government - Federal,1.0,,,,1,1,0
450670,HCA HOUSTON HEALTHCARE TOMBALL,605 HOLDERRIETH,TOMBALL,TX,77375,HARRIS,(281) 351-7500,Acute Care Hospitals,Government - Hospital District or Authority,1.0,,,,1,1,0
450672,MEDICAL CITY FORT WORTH,900 EIGHTH AVENUE,FORT WORTH,TX,76104,TARRANT,(817) 336-2100,Acute Care Hospitals,Proprietary,1.0,,,,1,1,0
450674,"WOMANS HOSPITAL OF TEXAS,THE",7600 FANNIN,HOUSTON,TX,77054,HARRIS,(713) 790-1234,Acute Care Hospitals,Proprietary,1.0,,,,1,1,0
450675,MEDICAL CITY ARLINGTON,3301 MATLOCK ROAD,ARLINGTON,TX,76015,TARRANT,(817) 465-3241,Acute Care Hospitals,Proprietary,1.0,,,,1,1,0
450677,TEXAS HEALTH HUGULEY HOSPITAL FORT WORTH SOUTH,11801 SOUTH FREEWAY,FORT WORTH,TX,76115,TARRANT,(817) 293-9110,Acute Care Hospitals,Voluntary Non-Profit - Church,1.0,,,,1,1,0
450678,WHITE ROCK MEDICAL CENTER,9440 POPPY DRIVE,DALLAS,TX,75218,DALLAS,(214) 324-6100,Acute Care Hospitals,Proprietary,1.0,,,,1,1,0
450683,RENAISSANCE HOSPITAL TERRELL,1551 HWY 34 S,TERRELL,TX,75160,KAUFMAN,9725637611,Acute Care Hospitals,Proprietary,1.0,,,,1,0,0
450684,MEMORIAL HERMANN NORTHEAST HOSPITAL,18951 MEMORIAL NORTH,HUMBLE,TX,77338,HARRIS,(281) 540-7700,Acute Care Hospitals,Government - Hospital District or Authority,1.0,,,,1,1,0
450686,UNIVERSITY MEDICAL CENTER,602 INDIANA AVENUE,LUBBOCK,TX,79415,LUBBOCK,(806) 775-8200,Acute Care Hospitals,Government - Hospital District or Authority,1.0,,,,1,1,0
450688,DALLAS REGIONAL MEDICAL CENTER,1011 NORTH GALLOWAY AVENUE,MESQUITE,TX,75149,DALLAS,(214) 320-7000,Acute Care Hospitals,Proprietary,1.0,,,,1,1,0
45068F,William Beaumont AMG (FT Bliss),18511 Highlander Medics St,El Paso,TX,79920,EL PASO,(915) 742-7777,,,,,,,0,1,0
450690,THE UNIVERSITY OF TEXAS HEALTH SCIENCE CENTER AT TYLER,11937 US HIGHWAY 271,TYLER,TX,75708,SMITH,(903) 877-7777,Acute Care Hospitals,Government - State,1.0,,,,1,1,0
450694,EL CAMPO MEMORIAL HOSPITAL,303 SANDY CORNER RD,EL CAMPO,TX,77437,WHARTON,(979) 578-5251,Acute Care Hospitals,Government - Hospital District or Authority,1.0,,,,1,1,0
450697,SOUTHWEST GENERAL HOSPITAL,7400 BARLITE BLVD,SAN ANTONIO,TX,78224,BEXAR,2109212000,Acute Care Hospitals,Proprietary,1.0,,,,1,0,0
450698,LAMB HEALTHCARE CENTER,1500 S SUNSET,LITTLEFIELD,TX,79339,LAMB,(806) 385-6411,Acute Care Hospitals,Government - Local,1.0,,,,1,1,0
45069F,Brooke Army Medical Center (FT Sam Houston),3551 Roger Brooke Dr,Fort Sam Houston,TX,78234,BEXAR,(210) 916-4141,,,,,,,0,1,0
450702,LONGVIEW REGIONAL MEDICAL CENTER,2901 N FOURTH ST,LONGVIEW,TX,75605,GREGG,(903) 758-1818,Acute Care Hospitals,Proprietary,1.0,,,,1,1,0
450709,HOUSTON METHODIST CLEAR LAKE HOSPITAL,18300 ST JOHN DRIVE,NASSAU BAY,TX,77058,HARRIS,(281) 333-5503,Acute Care Hospitals,Voluntary Non-Profit - Private,1.0,,,,1,1,0
45070F,Darnall AMC (FT Cavazos),590 Medical Center Rd,Fort Cavazos,TX,76544,BELL,(254) 288-8000,,,,,,,0,1,0
450711,RIO GRANDE REGIONAL HOSPITAL,101 E RIDGE RD,MCALLEN,TX,78503,HIDALGO,(956) 632-6000,Acute Care Hospitals,Proprietary,1.0,,,,1,1,0
450713,ST DAVID'S SOUTH AUSTIN MEDICAL CENTER,901 WEST BEN WHITE BLVD,AUSTIN,TX,78704,TRAVIS,(512) 448-7107,Acute Care Hospitals,Proprietary,1.0,,,,1,1,0
450716,CYPRESS FAIRBANKS MEDICAL CENTER,10655 STEEPLETOP DRIVE,HOUSTON,TX,77065,HARRIS,2818973100,Acute Care Hospitals,Proprietary,1.0,,,,1,0,0
450718,ROUND ROCK MEDICAL CENTER,2400 ROUND ROCK AVE,ROUND ROCK,TX,78681,WILLIAMSON,(512) 341-1000,Acute Care Hospitals,Voluntary Non-Profit - Other,1.0,,,,1,1,0
450723,METHODIST CHARLTON MEDICAL CENTER,3500 W WHEATLAND ROAD,DALLAS,TX,75237,DALLAS,(214) 947-7777,Acute Care Hospitals,Voluntary Non-Profit - Private,1.0,,,,1,1,0
450730,CARROLLTON REGIONAL MEDICAL CENTER,4343 NORTH JOSEY LANE,CARROLLTON,TX,75010,DENTON,(972) 394-2255,Acute Care Hospitals,Proprietary,1.0,,,,1,1,0
450742,BAYLOR SCOTT AND WHITE MEDICAL CENTER LAKE POINTE,6800 SCENIC DR,ROWLETT,TX,75088,DALLAS,(972) 412-2273,Acute Care Hospitals,Proprietary,1.0,,,,1,1,0
450743,TEXAS HEALTH PRESBYTERIAN HOSPITAL DENTON,3000 N I-35,DENTON,TX,76201,DENTON,(940) 898-7000,Acute Care Hospitals,Voluntary Non-Profit - Private,1.0,,,,1,1,0
450746,KNOX COUNTY HOSPITAL,701 SE 5TH STREET,KNOX CITY,TX,79529,KNOX,9406573535,Acute Care Hospitals,Government - Hospital District or Authority,1.0,,,,1,0,0
450747,PALESTINE REGIONAL MEDICAL CENTER,2900 S LOOP 256,PALESTINE,TX,75801,ANDERSON,(903) 731-1000,Acute Care Hospitals,Proprietary,1.0,,,,1,1,0
450749,EAST TEXAS MEDICAL CENTER TRINITY,317 PROSPECT DR/PO BOX 3169,TRINITY,TX,75862,TRINITY,9365943541,Acute Care Hospitals,Voluntary Non-Profit - Private,1.0,,,,1,0,0
45074F,HOUSTON VA MEDICAL CENTER,2002 HOLCOMBE BLVD.,HOUSTON,TX,77030,HARRIS,(713) 794-7100,ACUTE CARE - VETERANS ADMINISTRATION,Government - Federal,1.0,,,,1,1,0
450754,HAMILTON GENERAL HOSPITAL,400 N BROWN,HAMILTON,TX,76531,HAMILTON,2543863151,Acute Care Hospitals,Government - Hospital District or Authority,1.0,,,,1,0,0
450755,COVENANT HOSPITAL LEVELLAND,1900 COLLEGE AVE,LEVELLAND,TX,79336,HOCKLEY,(806) 894-4963,Acute Care Hospitals,Voluntary Non-Profit - Church,1.0,,,,1,1,0
450766,UT SOUTHWESTERN UNIVERSITY HOSPITAL-ZALE LIPSHY,5151 HARRY HINES BLVD,DALLAS,TX,75390,DALLAS,2148793758,Acute Care Hospitals,Government - State,0.0,,,,1,0,0
450770,CENTRAL TEXAS HOSPITAL,806 N CROCKETT,CAMERON,TX,76520,MILAM,2546976591,Acute Care Hospitals,Proprietary,1.0,,,,1,0,0
450771,TEXAS HEALTH PRESBYTERIAN HOSPITAL PLANO,6200 W PARKER RD,PLANO,TX,75093,COLLIN,(972) 981-8000,Acute Care Hospitals,Voluntary Non-Profit - Private,1.0,,,,1,1,0
450774,TOPS SURGICAL SPECIALTY HOSPITAL,17080 RED OAK DRIVE,HOUSTON,TX,77090,HARRIS,(281) 539-2900,Acute Care Hospitals,Proprietary,0.0,,,,1,1,0
450775,HCA HOUSTON HEALTHCARE KINGWOOD,22999 US HWY 59,KINGWOOD,TX,77325,HARRIS,(281) 359-7500,Acute Care Hospitals,Proprietary,1.0,,,,1,1,0
450779,TEXAS HEALTH HARRIS METHODIST HOSPITAL SOUTHWEST F,6100 HARRIS PKWY,FORT WORTH,TX,76132,TARRANT,(817) 433-5000,Acute Care Hospitals,Voluntary Non-Profit - Private,1.0,,,,1,1,0
450780,METHODIST AMBULATORY SURGERY HOSPITAL NW,9150 HUEBNER RD SUITE 100,SAN ANTONIO,TX,78240,BEXAR,2106918000,Acute Care Hospitals,Proprietary,1.0,,,,1,0,0
450788,"CORPUS CHRISTI MEDICAL CENTER,THE",3315 S ALAMEDA ST,CORPUS CHRISTI,TX,78411,NUECES,(361) 761-1501,Acute Care Hospitals,Proprietary,1.0,,,,1,1,0
450795,ST ANTHONY'S HOSPITAL,2807 LITTLE YORK RD,HOUSTON,TX,77093,HARRIS,7136972961,Acute Care Hospitals,Proprietary,1.0,,,,1,0,0
450796,NORTHWEST TEXAS SURGERY CENTER,3501 SONCY RD SUITE 118,AMARILLO,TX,79109,RANDALL,8063597999,Acute Care Hospitals,Proprietary,1.0,,,,1,0,0
450797,HOUSTON HOSPITAL FOR SPECIALIZED SURGERY,5445 LABRANCH STREET,HOUSTON,TX,77004,HARRIS,7135286800,Acute Care Hospitals,Proprietary,0.0,,,,1,0,0
450801,CHRISTUS ST MICHAEL HEALTH SYSTEM,2600 ST MICHAEL DR,TEXARKANA,TX,75503,BOWIE,(903) 614-1000,Acute Care Hospitals,Voluntary Non-Profit - Church,1.0,,,,1,1,0
450803,DOCTORS HOSPITAL TIDWELL,510 W TIDWELL,HOUSTON,TX,77091,HARRIS,7136911111,Acute Care Hospitals,Voluntary Non-Profit - Private,1.0,,,,1,0,0
450804,TEXAS ORTHOPEDIC HOSPITAL,7401 SOUTH MAIN STREET,HOUSTON,TX,77030,HARRIS,(713) 799-8600,Acute Care Hospitals,Proprietary,1.0,,,,1,1,0
450808,NORTHWEST HILLS SURGICAL HOSPITAL,6818 AUSTIN CTR BLVD SUITE 100,AUSTIN,TX,78731,TRAVIS,(512) 346-1994,Acute Care Hospitals,Proprietary,1.0,,,,1,1,0
450809,NORTH AUSTIN MEDICAL CENTER,12221 MOPAC EXPRESSWAY NORTH,AUSTIN,TX,78758,TRAVIS,(512) 901-1000,Acute Care Hospitals,Voluntary Non-Profit - Other,1.0,,,,1,1,0
450813,COMMUNITY GENERAL HOSPITAL,230 WEST MILLER,DILLEY,TX,78017,FRIO,8309652003,Acute Care Hospitals,Proprietary,1.0,,,,1,0,0
450820,HOUSTON METHODIST SUGARLAND HOSPITAL,16655 SOUTHWEST FREEWAY,SUGAR LAND,TX,77479,FORT BEND,(281) 274-8000,Acute Care Hospitals,Voluntary Non-Profit - Church,1.0,,,,1,1,0
450822,MEDICAL CITY LAS COLINAS,6800 N MACARTHUR BLVD,IRVING,TX,75039,DALLAS,(972) 969-2000,Acute Care Hospitals,Voluntary Non-Profit - Private,1.0,,,,1,1,0
450825,CORNERSTONE REGIONAL HOSPITAL,2302 CORNERSTONE BOULEVARD,EDINBURG,TX,78539,HIDALGO,(956) 618-4444,Acute Care Hospitals,Proprietary,1.0,,,,1,1,0
450827,KELL WEST REGIONAL HOSPITAL,5420 KELL WEST BOULEVARD,WICHITA FALLS,TX,76310,WICHITA,(940) 692-5888,Acute Care Hospitals,Proprietary,1.0,,,,1,1,0
450828,CHRISTUS SPOHN HOSPITAL ALICE,2500 E MAIN STREET,ALICE,TX,78332,JIM WELLS,(361) 661-8016,Acute Care Hospitals,Proprietary,1.0,,,,1,1,0
450831,SURGERY SPECIALTY HOSPITALS OF AMERICA SE HOUSTON,4301 B VISTA,PASADENA,TX,77504,HARRIS,(713) 378-3000,Acute Care Hospitals,Proprietary,1.0,,,,1,1,0
450832,CHRISTUS ST CATHERINE HOSPITAL,701 SOUTH FRY ROAD,KATY,TX,77450,HARRIS,2815995700,Acute Care Hospitals,Voluntary Non-Profit - Church,1.0,,,,1,0,0
450833,ENNIS REGIONAL MEDICAL CENTER,2201 WEST LAMPASAS STREET,ENNIS,TX,75119,ELLIS,(972) 875-0900,Acute Care Hospitals,Proprietary,1.0,,,,1,1,0
450834,"PHYSICIANS CENTRE,THE",3131 UNIVERSITY DRIVE EAST,BRYAN,TX,77802,BRAZOS,(979) 731-3100,Acute Care Hospitals,Proprietary,1.0,,,,1,1,0
450839,SHELBY REGIONAL MEDICAL CENTER,602 HURST STREET,CENTER,TX,75935,SHELBY,9365982781,Acute Care Hospitals,Proprietary,1.0,,,,1,0,0
450840,TEXAS HEALTH PRESBYTERIAN HOSPITAL ALLEN,1105 CENTRAL EXPRESSWAY NORTH,ALLEN,TX,75013,COLLIN,(972) 747-1000,Acute Care Hospitals,Government - Federal,1.0,,,,1,1,0
450841,BROWNSVILLE SURGICAL HOSPITAL,4750 NORTH EXPRESSWAY,BROWNSVILLE,TX,78526,CAMERON,9565542000,Acute Care Hospitals,Proprietary,1.0,,,,1,0,0
450844,HOUSTON METHODIST WILLOWBROOK HOSPITAL,18220 STATE HIGHWAY 249,HOUSTON,TX,77070,HARRIS,(281) 477-1000,Acute Care Hospitals,Voluntary Non-Profit - Church,1.0,,,,1,1,0
450845,EL PASO SPECIALTY HOSPITAL,1755 CURIE SUITE A,EL PASO,TX,79902,EL PASO,9155443636,Acute Care Hospitals,Proprietary,1.0,,,,1,0,0
450847,MEMORIAL HERMANN KATY HOSPITAL,23900 KATY FREEWAY,KATY,TX,77494,FORT BEND,(281) 392-1111,Acute Care Hospitals,Voluntary Non-Profit - Private,1.0,,,,1,1,0
450848,MEMORIAL HERMANN SUGAR LAND HOSPITAL,17500 W GRAND PARKWAY SOUTH,SUGAR LAND,TX,77479,FORT BEND,(281) 725-5000,Acute Care Hospitals,Voluntary Non-Profit - Private,1.0,,,,1,1,0
450851,BAYLOR SCOTT & WHITE HEART & VASCULAR HOSPITAL - DALLAS,621 NORTH HALL STREET,DALLAS,TX,75226,DALLAS,(214) 820-0600,Acute Care Hospitals,Proprietary,0.0,,,,1,1,0
450853,BAYLOR SCOTT & WHITE MEDICAL CENTER - FRISCO,5601 WARREN PARKWAY,FRISCO,TX,75034,DENTON,(214) 407-5000,Acute Care Hospitals,Proprietary,1.0,,,,1,1,0
450855,HARLINGEN MEDICAL CENTER,5501 SOUTH EXPRESSWAY 77,HARLINGEN,TX,78550,CAMERON,(956) 365-1000,Acute Care Hospitals,Proprietary,1.0,,,,1,1,0
450856,SOUTH TEXAS SPINE AND SURGICAL HOSPITAL,18600 NORTH HARDY OAK BLVD,SAN ANTONIO,TX,78258,BEXAR,(210) 404-0800,Acute Care Hospitals,Voluntary Non-Profit - Private,1.0,,,,1,1,0
450860,SUGAR LAND SURGICAL HOSPITAL LLP,16906 SOUTHWEST FREEWAY,SUGAR LAND,TX,77479,FORT BEND,(281) 243-1000,Acute Care Hospitals,Proprietary,0.0,,,,1,1,0
450862,ST LUKE'S THE WOODLANDS HOSPITAL,17200 ST LUKE'S WAY,THE WOODLANDS,TX,77384,MONTGOMERY,(936) 266-4050,Acute Care Hospitals,Voluntary Non-Profit - Church,1.0,,,,1,1,0
450864,BAYLOR SCOTT & WHITE TEXAS SPINE & JOINT HOSPITAL,1814 ROSELAND BOULEVARD,TYLER,TX,75701,SMITH,(903) 525-3300,Acute Care Hospitals,Proprietary,1.0,,,,1,1,0
450865,ASCENSION SETON  SOUTHWEST,7900 FM 1826,AUSTIN,TX,78737,HAYS,(512) 324-9000,Acute Care Hospitals,Voluntary Non-Profit - Church,1.0,,,,1,1,0
450867,ASCENSION SETON NORTHWEST,11113 RESEARCH BOULEVARD,AUSTIN,TX,78759,TRAVIS,(512) 324-6000,Acute Care Hospitals,Voluntary Non-Profit - Church,1.0,,,,1,1,0
450869,DOCTORS HOSPTAL AT RENAISSANCE,5501 SOUTH MCCOLL,EDINBURG,TX,78539,HIDALGO,(956) 362-8677,Acute Care Hospitals,Proprietary,1.0,,,,1,1,0
45086F,TEMPLE VA MEDICAL CENTER (VA CENTRAL TEXAS HEALTHCARE SYSTEM),1901 VETERANS MEMORIAL DRIVE,TEMPLE,TX,76504,BELL,(254) 778-4811,ACUTE CARE - VETERANS ADMINISTRATION,Government - Federal,1.0,,,,1,1,0
450871,AUSTIN SURGICAL HOSPITAL,3003 BEE CAVES ROAD,AUSTIN,TX,78746,TRAVIS,5123479888,Acute Care Hospitals,Proprietary,1.0,,,,1,0,0
450872,USMD HOSPITAL AT ARLINGTON L P,801 W INTERSTATE 20,ARLINGTON,TX,76017,TARRANT,(817) 472-3400,Acute Care Hospitals,Proprietary,1.0,,,,1,1,0
450874,BAYLOR SURGICAL HOSPITAL AT LAS COLINAS,400 WEST LYNDON B JOHNSON SUITE 101B,IRVING,TX,75063,DALLAS,(972) 868-4000,Acute Care Hospitals,Proprietary,1.0,,,,1,1,0
450875,QUAIL CREEK SURGICAL HOSPITAL,6819 PLUM CREEK,AMARILLO,TX,79124,POTTER,(806) 354-6100,Acute Care Hospitals,Proprietary,1.0,,,,1,1,0
450876,LUBBOCK HEART HOSPITAL LP,4810 NORTH LOOP 289,LUBBOCK,TX,79416,LUBBOCK,(806) 687-7777,Acute Care Hospitals,Government - Local,1.0,,,,1,1,0
450877,"EAST EL PASO PHYSICIANS MEDICAL CENTER, LLC",1416 GEORGE DIETER,EL PASO,TX,79936,EL PASO,9155984240,Acute Care Hospitals,Proprietary,1.0,,,,1,0,0
450878,TEXSAN HEART HOSPITAL,6700 IH 10 WEST,SAN ANTONIO,TX,78201,BEXAR,2107368013,Acute Care Hospitals,Proprietary,,,,,1,0,0
450880,BAYLOR SCOTT AND WHITE SURGICAL HOSPITAL FORTWORTH,1800 PARK PLACE AVENUE,FORT WORTH,TX,76110,TARRANT,(682) 703-5600,Acute Care Hospitals,Voluntary Non-Profit - Private,1.0,,,,1,1,0
450883,BAYLOR MEDICAL CENTER AT TROPHY CLUB,2850  E STATE HIGHWAY 114,TROPHY CLUB,TX,76262,DENTON,(817) 837-4600,Acute Care Hospitals,Proprietary,1.0,,,,1,1,0
450884,EAST TEXAS MEDICAL CENTER - GILMER,712 NORTH WOOD,GILMER,TX,75644,UPSHUR,9038417100,Acute Care Hospitals,Voluntary Non-Profit - Private,1.0,,,,1,0,0
450885,BAYLOR SCOTT &  WHITE MEDICAL CENTER - CENTENNIAL,12505 LEBANON ROAD,FRISCO,TX,75035,COLLIN,(972) 963-3333,Acute Care Hospitals,Proprietary,1.0,,,,1,1,0
450886,SOUTHWEST SURGICAL HOSPITAL,1612 HURST TOWN CENTER DRIVE,HURST,TX,76054,TARRANT,8173454100,Acute Care Hospitals,Proprietary,1.0,,,,1,0,0
450888,TEXAS HEALTH HARRIS METHODIST HOSPITAL SOUTHLAKE,1545 E SOUTHLAKE BLVD,SOUTHLAKE,TX,76092,TARRANT,(817) 748-8700,Acute Care Hospitals,Government - State,1.0,,,,1,1,0
450889,TEXAS INSTITUTE FOR SURGERY AT PRESBYTERIAN HOSPIT,7115 GREENVILLE AVENUE SUITE 100,DALLAS,TX,75231,DALLAS,(214) 647-5300,Acute Care Hospitals,Proprietary,1.0,,,,1,1,0
450890,BAYLOR SCOTT & WHITE MEDICAL CENTER PLANO,4700 ALLIANCE BOULEVARD,PLANO,TX,75093,COLLIN,(469) 814-2000,Acute Care Hospitals,Voluntary Non-Profit - Other,1.0,,,,1,1,0
450891,TEXAS HEALTH CENTER FOR DIAGNOSTICS & SURGERY,6020 W PARKER ROAD,PLANO,TX,75093,COLLIN,(972) 403-2700,Acute Care Hospitals,Proprietary,1.0,,,,1,1,0
450893,THE HEART HOSPITAL BAYLOR DENTON,2801 SOUTH MAYHILL ROAD,DENTON,TX,76208,DENTON,(940) 220-0600,Acute Care Hospitals,Voluntary Non-Profit - Other,1.0,,,,1,1,0
450894,PINE CREEK MEDICAL CENTER LLP,9032 HARRY HINES BLVD,DALLAS,TX,75235,DALLAS,2142312273,Acute Care Hospitals,Government - Federal,1.0,,,,1,0,0
45090F,SAN ANTONIO VA MEDICAL CENTER (VA SOUTH TEXAS HEALTHCARE SYSTEM),7400 MERTON MINTER BLVD.,SAN ANTONIO,TX,78229,BEXAR,(210) 617-5300,ACUTE CARE - VETERANS ADMINISTRATION,Government - Federal,1.0,,,,1,1,0
451300,PARMER COUNTY COMMUNITY HOSPITAL,1307 CLEVELAND STREET,FRIONA,TX,79035,PARMER,(806) 250-2754,,,,,,,0,1,0
451301,REAGAN MEMORIAL HOSPITAL,1300 N MAIN AVENUE,BIG LAKE,TX,76932,REAGAN,(325) 844-2561,Critical Access Hospitals,Government - Hospital District or Authority,1.0,,,,1,1,0
451302,GOOD SHEPHARD MEDICAL CENTER-LINDEN,404 NORTH KAUFMAN STREET,LINDEN,TX,75563,CASS,9037565561,Critical Access Hospitals,Voluntary Non-Profit - Private,1.0,,,,1,0,0
451303,LIMESTONE MEDICAL CENTER,701 MCCLINTIC DRIVE,GROESBECK,TX,76642,LIMESTONE,(254) 729-3281,Critical Access Hospitals,Government - Hospital District or Authority,1.0,,,,1,1,0
451304,SCHLEICHER COUNTY MEDICAL CENTER,102 NORTH US HIGHWAY 277,ELDORADO,TX,76936,SCHLEICHER,(325) 853-2507,,,,,,,0,1,0
451305,BURLESON ST JOSEPH HEALTH CENTER,1101 WOODSON DRIVE,CALDWELL,TX,77836,BURLESON,(979) 567-3245,Critical Access Hospitals,Voluntary Non-Profit - Church,1.0,,,,1,1,0
451306,KIMBLE HOSPITAL,349 REID ROAD,JUNCTION,TX,76849,KIMBLE,(325) 446-3321,,,,,,,0,1,0
451307,IRAAN GENERAL HOSPITAL,600 HIGHWAY 349 NORTH,IRAAN,TX,79744,PECOS,(432) 639-2575,,,,,,,0,1,0
451308,YOAKUM COUNTY HOSPITAL,412 MUSTANG AVENUE,DENVER CITY,TX,79323,YOAKUM,(806) 592-2121,Critical Access Hospitals,Voluntary Non-Profit - Other,1.0,,,,1,1,0
451309,MC CAMEY HOSPITAL,2500 HWY 305 SOUTH,MCCAMEY,TX,79752,UPTON,(432) 652-8626,Critical Access Hospitals,Government - Hospital District or Authority,1.0,,,,1,1,0
451310,BALLINGER MEMORIAL HOSPITAL,608 AVENUE B,BALLINGER,TX,76821,RUNNELS,(325) 365-2531,Critical Access Hospitals,Government - Hospital District or Authority,1.0,,,,1,1,0
451311,SWEENY COMMUNITY HOSPITAL,305 NORTH MCKINNEY,SWEENY,TX,77480,BRAZORIA,(979) 548-3311,Critical Access Hospitals,Government - Hospital District or Authority,1.0,,,,1,1,0
451312,RICE MEDICAL CENTER,600 SOUTH AUSTIN ROAD,EAGLE LAKE,TX,77434,COLORADO,(979) 234-5571,,,,,,,0,1,0
451313,FISHER COUNTY HOSPITAL DISTRICT,774 STATE HIGHWAY 70 N,ROTAN,TX,79546,FISHER,(325) 735-2256,Critical Access Hospitals,Government - Hospital District or Authority,1.0,,,,1,1,0
451314,WINKLER COUNTY MEMORIAL HOSPITAL,821 JEFFEE DRIVE,KERMIT,TX,79745,WINKLER,(432) 586-5865,,,,,,,0,1,0
451315,NORTH RUNNELS HOSPITAL,7821 EAST HIGHWAY 153,WINTERS,TX,79567,RUNNELS,(375) 754-4553,Critical Access Hospitals,Government - Hospital District or Authority,1.0,,,,1,1,0
451316,MADISON ST JOSEPH HEALTH CENTER,100 WEST CROSS STREET,MADISONVILLE,TX,77864,MADISON,(936) 348-2631,Critical Access Hospitals,Proprietary,1.0,,,,1,1,0
451317,REFUGIO COUNTY MEMORIAL HOSPITAL,107 SWIFT STREET,REFUGIO,TX,78377,REFUGIO,(361) 526-2321,,,,,,,0,1,0
451318,STONEWALL MEMORIAL HOSPITAL DISTRICT,821 NORTH BROADWAY,ASPERMONT,TX,79502,STONEWALL,(940) 989-3551,,,,,,,0,1,0
451319,CHRISTUS MOTHER FRANCES HOSPITAL- JACKSONVILLE,2026 S JACKSON STREET,JACKSONVILLE,TX,75766,CHEROKEE,(903) 541-4500,Critical Access Hospitals,Voluntary Non-Profit - Church,1.0,,,,1,1,0
451320,BAYSIDE COMMUNITY HOSPITAL,200 HOSPITAL DRIVE,ANAHUAC,TX,77514,CHAMBERS,(409) 267-3143,Critical Access Hospitals,Government - Local,1.0,,,,1,1,0
451321,HUNT REGIONAL COMMUNITY HOSPITAL,2900 STERLING HART DRIVE,COMMERCE,TX,75428,HUNT,9034081881,Critical Access Hospitals,Government - Hospital District or Authority,1.0,,,,1,0,0
451322,GRIMES ST JOSEPH HEALTH CENTER,210 JUDSON ST,NAVASOTA,TX,77868,GRIMES,(936) 825-6585,Critical Access Hospitals,Voluntary Non-Profit - Church,1.0,,,,1,1,0
451323,ADVENTHEALTH ROLLINS BROOK,608 NORTH KEY AVENUE,LAMPASAS,TX,76550,LAMPASAS,(512) 556-3682,Critical Access Hospitals,Voluntary Non-Profit - Private,1.0,,,,1,1,0
451324,LILLIAN M HUDSPETH MEMORIAL HOSPITAL,308 HUDSPETH,SONORA,TX,76950,SUTTON,(325) 387-2521,,,,,,,0,1,0
451325,CONCHO COUNTY HOSPITAL,614 EAKER STREET,EDEN,TX,76837,CONCHO,(915) 869-5911,,,,,,,0,1,0
451328,RICELAND MEDICAL CENTER,538 BROADWAY,WINNIE,TX,77665,CHAMBERS,(409) 296-6000,,,,,,,0,1,0
451329,RANKIN HOSPITAL MEDICAL CLINIC,1611 SPUR 576,RANKIN,TX,79778,UPTON,(432) 693-2443,,,,,,,0,1,0
451330,MEDINA REGIONAL HOSPITAL,3100 AVENUE E,HONDO,TX,78861,MEDINA,(830) 426-7700,Critical Access Hospitals,Voluntary Non-Profit - Other,1.0,,,,1,1,0
451331,COON MEMORIAL HOSPITAL,1411 DENVER AVENUE,DALHART,TX,79022,DALLAM,(806) 244-4571,Critical Access Hospitals,Government - Hospital District or Authority,1.0,,,,1,1,0
451332,PALACIOS COMMUNITY MEDICAL CENTER,311 GREEN AVENUE,PALACIOS,TX,77465,MATAGORDA,(361) 972-2511,,,,,,,0,1,0
451333,MARTIN COUNTY HOSPITAL DISTRICT,600 E INTERSTATE 20     PO BOX 640,STANTON,TX,79782,MARTIN,(432) 756-3345,,,,,,,0,1,0
451334,PARKVIEW HOSPITAL,901 S. SWEETWATER,WHEELER,TX,79096,WHEELER,(806) 826-5581,Critical Access Hospitals,Government - Hospital District or Authority,1.0,,,,1,1,0
451335,MUENSTER MEMORIAL HOSPITAL,605 N MAPLE STREET,MUENSTER,TX,76252,COOKE,(940) 759-2271,,,,,,,0,1,0
451337,W J MANGOLD MEMORIAL HOSPITAL,320 NORTH MAIN,LOCKNEY,TX,79241,FLOYD,(806) 652-3373,Critical Access Hospitals,Government - Hospital District or Authority,1.0,,,,1,1,0
451338,CULBERSON HOSPITAL,EISENHOWER ROAD AND FM 2185,VAN HORN,TX,79855,CULBERSON,(432) 283-2760,,,,,,,0,1,0
451339,THROCKMORTON COUNTY MEMORIAL HOSPITAL,802 N MINTER AVENUE,THROCKMORTON,TX,76483,THROCKMORTON,(940) 849-2151,,,,,,,0,1,0
451340,SHAMROCK GENERAL HOSPITAL,1000 SOUTH MAIN STREET,SHAMROCK,TX,79079,WHEELER,(806) 256-2114,,,,,,,0,1,0
451341,HASKELL MEMORIAL HOSPITAL,1 NORTH AVENUE N  PO BOX 1117,HASKELL,TX,79521,HASKELL,(940) 864-2621,Critical Access Hospitals,Government - Hospital District or Authority,1.0,,,,1,1,0
451342,MITCHELL COUNTY HOSPITAL DISTRICT,997 WEST I-20,COLORADO CITY,TX,79512,MITCHELL,(325) 728-3431,Critical Access Hospitals,Government - Hospital District or Authority,1.0,,,,1,1,0
451343,ELECTRA MEMORIAL HOSPITAL,1207 S BAILEY STREET,ELECTRA,TX,76360,WICHITA,(940) 495-3981,Critical Access Hospitals,Government - Hospital District or Authority,1.0,,,,1,1,0
451344,HANSFORD COUNTY HOSPITAL,707 ROLAND ST,SPEARMAN,TX,79081,HANSFORD,(806) 659-2535,Critical Access Hospitals,Government - Hospital District or Authority,1.0,,,,1,1,0
451346,YOAKUM COMMUNITY HOSPITAL,1200 CARL RAMERT DRIVE,YOAKUM,TX,77995,LAVACA,(361) 293-2321,Critical Access Hospitals,Government - Hospital District or Authority,1.0,,,,1,1,0
451347,COLEMAN COUNTY MEDICAL CENTER COMPANY,310 SOUTH PECOS STREET,COLEMAN,TX,76834,COLEMAN,(325) 625-2135,Critical Access Hospitals,Government - Hospital District or Authority,1.0,,,,1,1,0
451348,HEART OF TEXAS MEMORIAL HOSPITAL,2008 NINE ROAD,BRADY,TX,76825,MC CULLOCH,(325) 597-2901,,,,,,,0,1,0
451349,SWISHER MEMORIAL HOSPITAL,539 SOUTHEAST 2ND,TULIA,TX,79088,SWISHER,(806) 995-3581,Critical Access Hospitals,Government - Hospital District or Authority,1.0,,,,1,1,0
451350,PLAINS MEMORIAL HOSPITAL,310 WEST HALSELL STREET,DIMMITT,TX,79027,CASTRO,(806) 647-2191,Critical Access Hospitals,Government - Hospital District or Authority,1.0,,,,1,1,0
451351,LYNN COUNTY HOSPITAL DISTRICT,2600 LOCKWOOD STREET,TAHOKA,TX,79373,LYNN,(806) 998-4533,,,,,,,0,1,0
451352,HARDEMAN COUNTY MEMORIAL HOSPITAL,402 MERCER ST,QUANAH,TX,79252,HARDEMAN,(940) 663-2795,,,,,,,0,1,0
451353,CRANE COUNTY HOSPITAL DISTRICT,1310 S ALFORD ST,CRANE,TX,79731,CRANE,(432) 558-3555,,,,,,,0,1,0
451354,HAMILTON HOSPITAL,901 WEST HAMILTON,OLNEY,TX,76374,YOUNG,(940) 564-5521,,,,,,,0,1,0
451355,COLLINGSWORTH GENERAL HOSPITAL,1013 15TH ST,WELLINGTON,TX,79095,COLLINGSWORTH,(806) 447-2521,Critical Access Hospitals,Proprietary,1.0,,,,1,1,0
451356,MEMORIAL MEDICAL CENTER,701 N VIRGINIA ST,PORT LAVACA,TX,77979,CALHOUN,(361) 552-6713,Critical Access Hospitals,Government - Local,1.0,,,,1,1,0
451358,MEMORIAL HOSPITAL,209 NORTHWEST 8TH STREET,SEMINOLE,TX,79360,GAINES,(432) 758-5811,,,,,,,0,1,0
451359,OCHILTREE GENERAL HOSPITAL,3101 GARRETT DRIVE,PERRYTON,TX,79070,OCHILTREE,(806) 435-3606,,,,,,,0,1,0
451361,SABINE COUNTY HOSPITAL,"PO BOX 750, 2301 HWY 83 W",HEMPHILL,TX,75948,SABINE,(409) 787-3300,,,,,,,0,1,0
451362,CLAY COUNTY MEMORIAL HOSPITAL,310 W SOUTH STREET,HENRIETTA,TX,76365,CLAY,(940) 538-5621,,,,,,,0,1,0
451363,JACKSON HEALTHCARE CENTER,1013 S WELLS,EDNA,TX,77957,JACKSON,(361) 782-7800,,,,,,,0,1,0
451364,OTTO KAISER MEMORIAL HOSPITAL,3349 S HIGHWAY 181,KENEDY,TX,78119,KARNES,(830) 583-3401,Critical Access Hospitals,Government - Hospital District or Authority,1.0,,,,1,1,0
451365,ASCENSION SETON HIGHLAND LAKES,HIGHWAY 281 SOUTH,BURNET,TX,78611,BURNET,(512) 715-3000,Critical Access Hospitals,Voluntary Non-Profit - Church,1.0,,,,1,1,0
451366,COCHRAN MEMORIAL HOSPITAL,205 E GRANT STREET,MORTON,TX,79346,COCHRAN,(806) 266-5565,,,,,,,0,1,0
451367,UT HEALTH EAST TEXAS PITTSBURG HOSPITAL,2701 US HWY 271 N,PITTSBURG,TX,75686,CAMP,(903) 946-5000,Critical Access Hospitals,Voluntary Non-Profit - Private,1.0,,,,1,1,0
451369,GOLDEN PLAINS COMMUNITY HOSPITAL,100 MEDICAL DRIVE,BORGER,TX,79007,HUTCHINSON,(806) 273-1100,Critical Access Hospitals,Government - Federal,1.0,,,,1,1,0
451370,TMC- BONHAM HOSPITAL,504 LIPSCOMB STREET,BONHAM,TX,75418,FANNIN,(903) 640-7311,Critical Access Hospitals,Proprietary,1.0,,,,1,1,0
451371,ASCENSION SETON EDGAR B DAVIS,130 HAYS STREET,LULING,TX,78648,CALDWELL,(830) 875-7000,Critical Access Hospitals,Voluntary Non-Profit - Church,1.0,,,,1,1,0
451372,MULESHOE AREA MEDICAL CENTER,708 S 1ST ST,MULESHOE,TX,79347,BAILEY,(806) 272-4524,Critical Access Hospitals,Government - Hospital District or Authority,1.0,,,,1,1,0
451373,WARD MEMORIAL HOSPITAL,406 SOUTH GARY ST,MONAHANS,TX,79756,WARD,(432) 943-2511,Critical Access Hospitals,Government - Local,0.0,,,,1,1,0
451374,BAYLOR SCOTT & WHITE MEDICAL CENTER -TAYLOR,305 MALLARD,TAYLOR,TX,76574,WILLIAMSON,(512) 352-7611,Critical Access Hospitals,Voluntary Non-Profit - Private,1.0,,,,1,1,0
451375,LIBERTY DAYTON REGIONAL MEDICAL CENTER,1353 N TRAVIS ST,LIBERTY,TX,77575,LIBERTY,(936) 336-7316,,,,,,,0,1,0
451376,LAVACA MEDICAL CENTER,1400 NORTH TEXANA STREET,HALLETTSVILLE,TX,77964,LAVACA,(361) 798-3671,Critical Access Hospitals,Government - Hospital District or Authority,1.0,,,,1,1,0
451377,REEVES REGIONAL HEALTH,2323 TEXAS STREET,PECOS,TX,79772,REEVES,(432) 447-3551,Critical Access Hospitals,Government - Hospital District or Authority,1.0,,,,1,1,0
451378,BIG BEND REGIONAL MEDICAL CENTER,2600 HIGHWAY 118 NORTH,ALPINE,TX,79830,BREWSTER,(432) 837-3447,Critical Access Hospitals,Voluntary Non-Profit - Private,1.0,,,,1,1,0
451379,CORYELL MEMORIAL HOSPITAL,1507 W MAIN STREET,GATESVILLE,TX,76528,CORYELL,(254) 865-8251,Critical Access Hospitals,Government - Hospital District or Authority,1.0,,,,1,1,0
451380,UT HEALTH EAST TEXAS QUITMAN HOSPITAL,117 WINNSBORO STREET,QUITMAN,TX,75783,WOOD,(903) 763-6300,,,,,,,0,1,0
451381,CHRISTUS MOTHER FRANCES HOSPITAL- WINNSBORO,719 WEST COKE ROAD,WINNSBORO,TX,75494,WOOD,(903) 342-5227,,,,,,,0,1,0
451382,COMANCHE COUNTY MEDICAL CENTER,10201 HWY 16,COMANCHE,TX,76442,COMANCHE,(254) 879-4900,,,,,,,0,1,0
451384,COGDELL MEMORIAL HOSPITAL,1700 COGDELL BLVD,SNYDER,TX,79549,SCURRY,(325) 574-7437,,,,,,,0,1,0
451385,GOODALL WITCHER HOSPITAL,101 POSEY AVENUE,CLIFTON,TX,76634,BOSQUE,(254) 675-8322,,,,,,,0,1,0
451386,MEMORIAL HOSPITAL,224 E SECOND STREET,DUMAS,TX,79029,MOORE,(806) 935-7171,,,,,,,0,1,0
451387,UVALDE MEMORIAL HOSPITAL,1025 GARNER FIELD ROAD,UVALDE,TX,78801,UVALDE,(830) 278-6251,,,,,,,0,1,0
451389,PECOS COUNTY MEMORIAL HOSPITAL,387 WEST I 10,FORT STOCKTON,TX,79735,PECOS,(432) 336-2004,,,,,,,0,1,0
451390,DIMMIT REGIONAL HOSPITAL,704 HOSPITAL DRIVE,CARRIZO SPRINGS,TX,78834,DIMMIT,(830) 876-2424,,,,,,,0,1,0
451391,FRIO REGIONAL HOSPITAL,200 S IH 35,PEARSALL,TX,78061,FRIO,(830) 334-3617,,,,,,,0,1,0
451392,HAMILTON GENERAL HOSPITAL,"400 N BROWN, BUILDING 1",HAMILTON,TX,76531,HAMILTON,(254) 386-3151,,,,,,,0,1,0
451393,CROCKETT MEDICAL CENTER,1100 E LOOP 304,CROCKETT,TX,75835,HOUSTON,(936) 546-3890,,,,,,,0,1,0
451394,KNOX COUNTY HOSPITAL,701 SOUTHEAST 5TH STREET,KNOX CITY,TX,79529,KNOX,(940) 657-3535,,,,,,,0,1,0
451395,HILL REGIONAL HOSPITAL,101 CIRCLE DRIVE,HILLSBORO,TX,76645,HILL,(254) 580-8500,,,,,,,0,1,0
451396,MID COAST MEDICAL CENTER - CENTRAL,200 W OLLIE,LLANO,TX,78643,LLANO,(325) 247-5040,,,,,,,0,1,0
451397,BAYLOR SCOTT & WHITE HOSPITAL BRENHAM,700 MEDICAL PARKWAY,BRENHAM,TX,77833,WASHINGTON,(979) 836-6173,,,,,,,0,1,0
451398,PAMPA REGIONAL MEDICAL CENTER,1 MEDICAL PLAZA,PAMPA,TX,79065,GRAY,(806) 665-3721,,,,,,,0,1,0
451399,SEYMOUR HOSPITAL,200 STADIUM DRIVE,SEYMOUR,TX,76380,BAYLOR,(940) 889-5572,,,,,,,0,1,0
453300,COOK CHILDRENS MEDICAL CENTER,801 SEVENTH AVENUE,FORT WORTH,TX,76104,TARRANT,(682) 885-4000,Childrens,Voluntary Non-Profit - Private,1.0,,,,1,1,0
453301,DRISCOLL CHILDRENS HOSPITAL,3533 S ALAMEDA,CORPUS CHRISTI,TX,78411,NUECES,(361) 739-4846,Childrens,Voluntary Non-Profit - Other,1.0,,,,1,1,0
453302,CHILDRENS MEDICAL CTR OF DALLAS,1935 MEDICAL DISTRICT DRIVE,DALLAS,TX,75235,DALLAS,(214) 456-7000,,,,,,,0,1,0
453304,TEXAS CHILDRENS HOSPITAL,6621 FANNIN STREET,HOUSTON,TX,77030,HARRIS,(832) 824-1000,,,,,,,0,1,0
453306,COVENANT CHILDRENS HOSPITAL,4015 22ND PLACE,LUBBOCK,TX,79410,LUBBOCK,(806) 725-7975,,,,,,,0,1,0
453309,HEALTHBRIDGE CHILDRENS'S HOSPITAL OF HOUSTON,2929 WOODLAND PARK DRIVE,HOUSTON,TX,77082,HARRIS,(281) 293-7774,,,,,,,0,1,0
453310,DELL CHILDREN'S MEDICAL CENTER,4900 MUELLER BLVD,AUSTIN,TX,78723,TRAVIS,(512) 324-0000,Childrens,Voluntary Non-Profit - Church,1.0,,,,1,1,0
453311,SHRINERS HOSPITALS FOR CHILDREN,815 MARKET STREET,GALVESTON,TX,77550,GALVESTON,(409) 770-6600,,,,,,,0,1,0
453313,EL PASO CHILDREN'S HOSPITAL,4845 ALAMEDA AVENUE,EL PASO,TX,79905,EL PASO,(915) 521-7148,,,,,,,0,1,0
453314,TEXAS SCOTTISH RITE HOSPITAL FOR CHILDREN,2222 WELBORN STREET,DALLAS,TX,75219,DALLAS,(214) 559-5000,,,,,,,0,1,0
453315,CHILDREN'S HOSPITAL OF SAN ANTONIO,333 N SANTA ROSA ST,SAN ANTONIO,TX,78207,BEXAR,(210) 704-3342,,,,,,,0,1,0
453316,CHILDRENS MEDICAL CENTER PLANO,7601 PRESTON ROAD,PLANO,TX,75024,COLLIN,(214) 456-1792,,,,,,,0,1,0
453317,COOK CHILDRENS MEDICAL CENTER PROSPER,4100 W UNIVERSITY DRIVE,PROSPER,TX,75078,COLLIN,(945) 204-4100,,,,,,,0,1,0
453318,NEXUS CHILDRENS HOSPITAL DALLAS,9525 GREENVILLE AVENUE,DALLAS,TX,75243,DALLAS,(945) 258-7900,,,,,,,0,1,0
453319,TEXAS CHILDRENS HOSPITAL NORTH AUSTIN CAMPUS,9835 NORTH LAKE CREEK PARKWAY BLDG A,AUSTIN,TX,78717,WILLIAMSON,(832) 824-1100,,,,,,,0,1,0
453321,DRISCOLL CHILDREN'S HOSPITAL RIO GRANDE VALLEY,2820 W MICHAELANGELO DRIVE,EDINBURG,TX,78539,HIDALGO,(361) 694-5041,,,,,,,0,1,0
460001,INTERMOUNTAIN HEALTH UTAH VALLEY HOSPITAL,1034 NORTH 500 WEST,PROVO,UT,84604,UTAH,(801) 373-7850,Acute Care Hospitals,Voluntary Non-Profit - Private,1.0,,,,1,1,0
460003,HOLY CROSS HOSPITAL - SALT LAKE,1050 EAST SOUTH TEMPLE,SALT LAKE CITY,UT,84102,SALT LAKE,(801) 350-4111,Acute Care Hospitals,Proprietary,1.0,,,,1,1,0
460004,MCKAY-DEE HOSPITAL,4401 HARRISON BOULEVARD,OGDEN,UT,84403,WEBER,(801) 387-2800,Acute Care Hospitals,Voluntary Non-Profit - Private,1.0,,,,1,1,0
460005,OGDEN REGIONAL MEDICAL CENTER,5475 SOUTH 500 EAST,OGDEN,UT,84405,WEBER,(801) 479-2111,Acute Care Hospitals,Proprietary,1.0,,,,1,1,0
460006,LDS HOSPITAL,8TH AVENUE AND C STREET,SALT LAKE CITY,UT,84143,SALT LAKE,(801) 408-1100,Acute Care Hospitals,Voluntary Non-Profit - Private,1.0,,,,1,1,0
460007,CEDAR CITY HOSPITAL,1303 NORTH MAIN STREET,CEDAR CITY,UT,84721,IRON,(435) 868-5800,Acute Care Hospitals,Voluntary Non-Profit - Private,1.0,,,,1,1,0
460009,UNIVERSITY OF UTAH HOSPITAL AND CLINICS,50 NORTH MEDICAL DRIVE,SALT LAKE CITY,UT,84132,SALT LAKE,(801) 581-2121,Acute Care Hospitals,Government - State,1.0,,,,1,1,0
460010,INTERMOUNTAIN MEDICAL CENTER,5121 SOUTH COTTONWOOD STREET,MURRAY,UT,84107,SALT LAKE,(801) 507-7000,Acute Care Hospitals,Voluntary Non-Profit - Private,1.0,,,,1,1,0
460011,CASTLEVIEW HOSPITAL,300 NORTH HOSPITAL DRIVE,PRICE,UT,84501,CARBON,(435) 637-4800,Acute Care Hospitals,Government - State,1.0,,,,1,1,0
460013,MOUNTAIN VIEW HOSPITAL,1000 EAST 100 NORTH,PAYSON,UT,84651,UTAH,(801) 465-7100,Acute Care Hospitals,Proprietary,1.0,,,,1,1,0
460014,MOUNTAIN WEST MEDICAL CENTER,2055 NORTH MAIN STREET,TOOELE,UT,84074,TOOELE,(435) 843-3700,Acute Care Hospitals,Proprietary,1.0,,,,1,1,0
460015,LOGAN REGIONAL HOSPITAL,1400 NORTH 500 EAST,LOGAN,UT,84341,CACHE,(435) 716-1000,Acute Care Hospitals,Voluntary Non-Profit - Private,1.0,,,,1,1,0
460017,BRIGHAM CITY COMMUNITY HOSPITAL,950 SOUTH MEDICAL DRIVE,BRIGHAM CITY,UT,84302,BOX ELDER,(435) 734-9471,Acute Care Hospitals,Proprietary,1.0,,,,1,1,0
460019,UINTAH BASIN MEDICAL CENTER,250 WEST 300 NORTH,ROOSEVELT,UT,84066,DUCHESNE,(435) 722-4691,Acute Care Hospitals,Government - Local,1.0,,,,1,1,0
460021,ST. GEORGE REGIONAL HOSPITAL,1380 EAST MEDICAL CENTER DRIVE,ST GEORGE,UT,84790,WASHINGTON,(435) 251-2100,Acute Care Hospitals,Voluntary Non-Profit - Private,1.0,,,,1,1,0
460023,AMERICAN FORK HOSPITAL,170 NORTH 1100 EAST,AMERICAN FORK,UT,84003,UTAH,(801) 855-3305,Acute Care Hospitals,Voluntary Non-Profit - Private,1.0,,,,1,1,0
460026,SEVIER VALLEY HOSPITAL,1000 NORTH MAIN STREET,RICHFIELD,UT,84701,SEVIER,(435) 893-4100,Acute Care Hospitals,Voluntary Non-Profit - Private,1.0,,,,1,1,0
46002F,VA SALT LAKE CITY HEALTHCARE - GEORGE E. WAHLEN VA MEDICAL CENTER,500 FOOTHILL BLVD.,SALT LAKE CITY,UT,84148,SALT LAKE,(801) 584-1211,ACUTE CARE - VETERANS ADMINISTRATION,Government - Federal,1.0,,,,1,1,0
460030,ASHLEY REGIONAL MEDICAL CENTER,150 WEST 100 NORTH,VERNAL,UT,84078,UINTAH,(435) 789-3342,Acute Care Hospitals,Proprietary,1.0,,,,1,1,0
460033,GARFIELD MEMORIAL HOSPITAL,200 NORTH 400 EAST,PANGUITCH,UT,84759,GARFIELD,4356768811,Acute Care Hospitals,Government - Local,1.0,,,,1,0,0
460035,BEAVER VALLEY HOSPITAL,1109 NORTH 100 WEST,BEAVER,UT,84713,BEAVER,4354387102,Acute Care Hospitals,Government - Local,1.0,,,,1,0,0
460039,BEAR RIVER VALLEY HOSPITAL,905 NORTH 1000 WEST,TREMONTON,UT,84337,BOX ELDER,(435) 207-4500,Acute Care Hospitals,Voluntary Non-Profit - Private,1.0,,,,1,1,0
460041,HOLY CROSS HOSPITAL-DAVIS,1600 WEST ANTELOPE DRIVE,LAYTON,UT,84041,DAVIS,(801) 807-7000,Acute Care Hospitals,Proprietary,1.0,,,,1,1,0
460042,LAKEVIEW HOSPITAL,630 EAST MEDICAL DRIVE,BOUNTIFUL,UT,84010,DAVIS,(801) 299-2200,Acute Care Hospitals,Proprietary,1.0,,,,1,1,0
460043,OREM COMMUNITY HOSPITAL,331 NORTH 400 WEST,OREM,UT,84057,UTAH,(801) 714-3307,Acute Care Hospitals,Voluntary Non-Profit - Private,1.0,,,,1,1,0
460044,INTERMOUNTAIN HEALTH ALTA VIEW HOSPITAL,9660 SOUTH 1300 EAST,SANDY,UT,84094,SALT LAKE,(801) 501-2600,Acute Care Hospitals,Voluntary Non-Profit - Private,1.0,,,,1,1,0
460047,ST MARK'S HOSPITAL,1200 EAST 3900 SOUTH,SALT LAKE CITY,UT,84124,SALT LAKE,(801) 268-7111,Acute Care Hospitals,Proprietary,1.0,,,,1,1,0
460049,THE ORTHOPEDIC SPECIALTY HOSPITAL,5848 SOUTH 300 EAST,MURRAY,UT,84107,SALT LAKE,8013144100,Acute Care Hospitals,Voluntary Non-Profit - Private,0.0,,,,1,0,0
460051,HOLY CROSS HOSPITAL-JORDAN VALLEY,3580 WEST 9000 SOUTH,WEST JORDAN,UT,84088,SALT LAKE,(801) 561-8888,Acute Care Hospitals,Voluntary Non-Profit - Other,1.0,,,,1,1,0
460052,TIMPANOGOS REGIONAL HOSPITAL,750 WEST 800 NORTH,OREM,UT,84057,UTAH,(801) 714-6800,Acute Care Hospitals,Proprietary,1.0,,,,1,1,0
460054,CACHE VALLEY HOSPITAL,2380 NORTH 400 EAST,NORTH LOGAN,UT,84341,CACHE,(435) 713-9700,Acute Care Hospitals,Proprietary,1.0,,,,1,1,0
460057,PARK CITY HOSPITAL,900 ROUND VALLEY DRIVE,PARK CITY,UT,84060,SUMMIT,(435) 658-6700,Acute Care Hospitals,Voluntary Non-Profit - Private,1.0,,,,1,1,0
460058,RIVERTON HOSPITAL,3741 WEST 12600 SOUTH,RIVERTON,UT,84065,SALT LAKE,(801) 285-4000,Acute Care Hospitals,Voluntary Non-Profit - Private,1.0,,,,1,1,0
460060,LONE PEAK HOSPITAL,11925 SOUTH STATE STREET,DRAPER,UT,84020,SALT LAKE,(801) 545-8000,,,,,,,0,1,0
460061,INTERMOUNTAIN HEALTH LAYTON HOSPITAL,201 WEST LAYTON PARKWAY,LAYTON,UT,84041,DAVIS,(801) 543-6000,,,,,,,0,1,0
460062,INTERMOUNTAIN HEALTH SPANISH FORK HOSPITAL,765 EAST MARKET PLACE DRIVE,SPANISH FORK,UT,84660,UTAH,(385) 344-5000,,,,,,,0,1,0
461300,INTERMOUNTAIN HEALTH DELTA COMMUNITY HOSPITAL,126 SOUTH WHITE SAGE AVENUE,DELTA,UT,84624,MILLARD,(435) 864-5591,Critical Access Hospitals,Voluntary Non-Profit - Private,1.0,,,,1,1,0
461301,FILLMORE COMMUNITY HOSPITAL,674 SOUTH HIGHWAY 99,FILLMORE,UT,84631,MILLARD,(435) 743-5591,Critical Access Hospitals,Voluntary Non-Profit - Private,1.0,,,,1,1,0
461302,MOAB REGIONAL HOSPITAL,450 WEST WILLIAMS WAY,MOAB,UT,84532,GRAND,(435) 719-3500,,,,,,,0,1,0
461303,INTERMOUNTAIN HEALTH SANPETE VALLEY HOSPITAL,1100 SOUTH MEDICAL DRIVE,MOUNT PLEASANT,UT,84647,SANPETE,(435) 462-4123,Critical Access Hospitals,Voluntary Non-Profit - Private,1.0,,,,1,1,0
461304,CENTRAL VALLEY MEDICAL CENTER - CAH,48 WEST 1500 NORTH,NEPHI,UT,84648,JUAB,(435) 623-3000,Critical Access Hospitals,Voluntary Non-Profit - Private,1.0,,,,1,1,0
461305,MILFORD MEMORIAL HOSPITAL,850 NORTH MAIN STREET,MILFORD,UT,84751,BEAVER,(435) 387-2411,,,,,,,0,1,0
461306,GUNNISON VALLEY HOSPITAL,64 EAST 100 NORTH,GUNNISON,UT,84634,SANPETE,(435) 528-2114,Critical Access Hospitals,Voluntary Non-Profit - Other,1.0,,,,1,1,0
461307,INTERMOUNTAIN HEALTH HEBER VALLEY HOSPITAL,454 EAST MEDICAL WAY,HEBER CITY,UT,84032,WASATCH,(435) 654-2500,Critical Access Hospitals,Voluntary Non-Profit - Private,1.0,,,,1,1,0
461308,SAN JUAN HOSPITAL,380 WEST 100 NORTH,MONTICELLO,UT,84535,SAN JUAN,(435) 587-2116,Critical Access Hospitals,Government - Hospital District or Authority,1.0,,,,1,1,0
461309,KANE COUNTY HOSPITAL,355 NORTH MAIN STREET,KANAB,UT,84741,KANE,(435) 644-5811,Critical Access Hospitals,Government - Hospital District or Authority,1.0,,,,1,1,0
461310,BLUE MOUNTAIN HOSPITAL,802 SOUTH 200 WEST,BLANDING,UT,84511,SAN JUAN,(435) 678-3993,Critical Access Hospitals,Voluntary Non-Profit - Private,1.0,,,,1,1,0
461333,INTERMOUNTAIN HEALTH GARFIELD MEMORIAL HOSPITAL,200 NORTH 400 EAST,PANGUITCH,UT,84759,GARFIELD,(435) 676-1262,,,,,,,0,1,0
461335,BEAVER VALLEY HOSPITAL,1109 NORTH 100 WEST,BEAVER,UT,84713,BEAVER,(435) 438-7100,,,,,,,0,1,0
463301,PRIMARY CHILDREN'S HOSPITAL,100 NORTH MARIO CAPECCHI DRIVE,SALT LAKE CITY,UT,84113,SALT LAKE,(801) 662-1000,Childrens,Voluntary Non-Profit - Private,1.0,,,,1,1,0
470001,CENTRAL VERMONT MEDICAL CENTER,BOX 547,BARRE,VT,05641,WASHINGTON,(802) 371-4100,Acute Care Hospitals,Voluntary Non-Profit - Private,1.0,,,,1,1,0
470003,UNIV. OF VERMONT - FLETCHER ALLEN HEALTH CARE,111 COLCHESTER AVE,BURLINGTON,VT,05401,CHITTENDEN,(802) 847-0000,Acute Care Hospitals,Voluntary Non-Profit - Other,1.0,,,,1,1,0
470005,RUTLAND REGIONAL MEDICAL CENTER,160 ALLEN ST,RUTLAND,VT,05701,RUTLAND,(802) 775-7111,Acute Care Hospitals,Voluntary Non-Profit - Other,1.0,,,,1,1,0
470011,BRATTLEBORO MEMORIAL HOSPITAL,17 BELMONT AVE,BRATTLEBORO,VT,05301,WINDHAM,(802) 257-0341,Acute Care Hospitals,Voluntary Non-Profit - Private,1.0,,,,1,1,0
470012,SOUTHWESTERN VERMONT MEDICAL CENTER,100 HOSPITAL DRIVE,BENNINGTON,VT,05201,BENNINGTON,(802) 442-6361,Acute Care Hospitals,Voluntary Non-Profit - Private,1.0,,,,1,1,0
47001F,WHITE RIVER JCT VA MEDICAL CENTER,163 VETERANS DRIVE,WHITE RIVER JUNCTION,VT,05009,WINDSOR,(802) 295-9363,ACUTE CARE - VETERANS ADMINISTRATION,Government - Federal,1.0,,,,1,1,0
470024,NORTHWESTERN MEDICAL CENTER INC,133 FAIRFIELD STREET,SAINT ALBANS,VT,05478,FRANKLIN,(802) 524-5911,Acute Care Hospitals,Voluntary Non-Profit - Other,1.0,,,,1,1,0
471300,GRACE COTTAGE HOSPITAL,po box 216,TOWNSHEND,VT,05353,WINDHAM,(802) 365-7920,Critical Access Hospitals,Voluntary Non-Profit - Private,1.0,,,,1,1,0
471301,GIFFORD MEDICAL CENTER,44 SOUTH MAIN STREET,RANDOLPH,VT,05060,ORANGE,(802) 728-4441,Critical Access Hospitals,Voluntary Non-Profit - Other,1.0,,,,1,1,0
471302,MT ASCUTNEY HOSPITAL,289 COUNTY ROAD,WINDSOR,VT,05089,WINDSOR,(802) 674-6711,Critical Access Hospitals,Voluntary Non-Profit - Private,1.0,,,,1,1,0
471303,NORTHEASTERN VERMONT REGIONAL HOSPITAL,1315 HOSPITAL DRIVE,SAINT JOHNSBURY,VT,05819,CALEDONIA,(802) 748-7400,Critical Access Hospitals,Voluntary Non-Profit - Private,1.0,,,,1,1,0
471304,NORTH COUNTRY HOSPITAL AND HEALTH CENTER,189 PROUTY DRIVE,NEWPORT,VT,05855,ORLEANS,(802) 334-7331,Critical Access Hospitals,Voluntary Non-Profit - Private,1.0,,,,1,1,0
471305,COPLEY HOSPITAL,528 WASHINGTON HIGHWAY,MORRISVILLE,VT,05661,LAMOILLE,(802) 888-4231,Critical Access Hospitals,Government - Federal,1.0,,,,1,1,0
471306,SPRINGFIELD HOSPITAL,PO BOX 2003,SPRINGFIELD,VT,05156,WINDSOR,(802) 885-2151,Critical Access Hospitals,Voluntary Non-Profit - Private,1.0,,,,1,1,0
471307,PORTER HOSPITAL INC,115 PORTER DRIVE,MIDDLEBURY,VT,05753,ADDISON,(802) 388-4701,Critical Access Hospitals,Voluntary Non-Profit - Private,1.0,,,,1,1,0
480001,"ROY LESTER SCHNEIDER HOSPITAL,THE",9048 SUGAR ESTATE,ST THOMAS,VI,00801,SAINT THOMAS ISLAND,(809) 776-8311,Acute Care Hospitals,Government - Local,1.0,,,,1,1,0
480002,GOV JUAN F LUIS HOSPITAL & MEDICAL CTR,"#4007 EST DIAMOND RUBY, CHRISTIANSTED",ST CROIX,VI,00820,SAINT CROIX ISLAND,(340) 778-6311,Acute Care Hospitals,Government - Local,1.0,,,,1,1,0
490001,NORTON COMMUNITY HOSPITAL,100  15TH ST NW,NORTON,VA,24273,NORTON CITY,7036799600,Acute Care Hospitals,Voluntary Non-Profit - Other,1.0,,,,1,0,0
490002,RUSSELL COUNTY HOSPITAL,58 CARROLL STREET,LEBANON,VA,24266,RUSSELL,(276) 883-8000,Acute Care Hospitals,Proprietary,1.0,,,,1,1,0
490004,SENTARA RMH MEDICAL CENTER,2010 HEALTH CAMPUS DRIVE,HARRISONBURG,VA,22801,HARRISONBURG CITY,(540) 689-1000,Acute Care Hospitals,Voluntary Non-Profit - Private,1.0,,,,1,1,0
490005,WINCHESTER MEDICAL CENTER,1840 AMHERST ST,WINCHESTER,VA,22601,WINCHESTER CITY,(540) 536-8000,Acute Care Hospitals,Voluntary Non-Profit - Private,1.0,,,,1,1,0
490007,SENTARA NORFOLK GENERAL HOSPITAL,600 GRESHAM DR,NORFOLK,VA,23507,NORFOLK CITY,(757) 388-3000,Acute Care Hospitals,Voluntary Non-Profit - Other,1.0,,,,1,1,0
490009,UNIVERSITY OF VIRGINIA MEDICAL CENTER,1215 LEE STREET,CHARLOTTESVILLE,VA,22908,CHARLOTTESVILLE CITY,(434) 924-0000,Acute Care Hospitals,Government - State,1.0,,,,1,1,0
490011,BON SECOURS - DEPAUL MEDICAL CENTER,150 KINGSLEY LANE,NORFOLK,VA,23505,NORFOLK CITY,7578895000,Acute Care Hospitals,Voluntary Non-Profit - Church,1.0,,,,1,0,0
490012,LEE REGIONAL MEDICAL CENTER,127 HEALTH CARE DRIVE,PENNINGTON GAP,VA,24277,LEE,2765461440,Acute Care Hospitals,Voluntary Non-Profit - Other,1.0,,,,1,0,0
490013,SENTARA HALIFAX REGIONAL HOSPITAL,2204 WILBORN AVENUE,SOUTH BOSTON,VA,24592,HALIFAX,(434) 517-3100,Acute Care Hospitals,Voluntary Non-Profit - Private,1.0,,,,1,1,0
490017,BON SECOURS MARYVIEW MEDICAL CENTER,3636 HIGH STREET,PORTSMOUTH,VA,23707,PORTSMOUTH CITY,(757) 398-2200,Acute Care Hospitals,Voluntary Non-Profit - Church,1.0,,,,1,1,0
490018,AUGUSTA HEALTH,78 MEDICAL CENTER DRIVE,FISHERSVILLE,VA,22939,AUGUSTA,(540) 332-4000,Acute Care Hospitals,Voluntary Non-Profit - Other,1.0,,,,1,1,0
490019,UVA HEALTH CULPEPER MEDICAL CENTER,501 SUNSET LANE,CULPEPER,VA,22701,CULPEPER,(703) 829-4300,Acute Care Hospitals,Voluntary Non-Profit - Other,1.0,,,,1,1,0
49001F,Fort Belvoir Community Hospital,9300 DeWitt Loop,Fort Belvoir,VA,22060,FAIRFAX,(571) 231-3224,,,,,,,0,1,0
490020,JOHN RANDOLPH MEDICAL CENTER,411 WEST RANDOLPH ROAD,HOPEWELL,VA,23860,HOPEWELL CITY,(804) 541-1600,Acute Care Hospitals,Proprietary,1.0,,,,1,1,0
490021,CENTRA HEALTH -  LYNCHBURG GEN HOSPITAL,1901 TATE SPRINGS ROAD,LYNCHBURG,VA,24501,LYNCHBURG CITY,(434) 200-4789,Acute Care Hospitals,Voluntary Non-Profit - Private,1.0,,,,1,1,0
490022,MARY WASHINGTON HOSPITAL,1001 SAM PERRY BOULEVARD,FREDERICKSBURG,VA,22401,FREDERICKSBURG CITY,(540) 741-1100,Acute Care Hospitals,Voluntary Non-Profit - Private,1.0,,,,1,1,0
490023,FAUQUIER HOSPITAL,500 HOSPITAL DRIVE,WARRENTON,VA,20186,FAUQUIER,(540) 316-5000,Acute Care Hospitals,Voluntary Non-Profit - Private,0.0,,,,1,1,0
490024,CARILION MEDICAL CENTER,"1906 BELLEVIEW AVENUE, SE",ROANOKE,VA,24014,ROANOKE CITY,(540) 981-7000,Acute Care Hospitals,Voluntary Non-Profit - Private,1.0,,,,1,1,0
490027,MOUNTAIN VIEW REGIONAL MEDICAL CENTER,310 THIRD STREET NE,NORTON,VA,24273,NORTON CITY,2766799174,Acute Care Hospitals,Voluntary Non-Profit - Private,1.0,,,,1,0,0
490032,MEDICAL COLLEGE OF VIRGINIA HOSPITALS,1250 EAST MARSHALL STREET,RICHMOND,VA,23298,RICHMOND CITY,(804) 828-9000,Acute Care Hospitals,Government - Hospital District or Authority,1.0,,,,1,1,0
490033,WARREN MEMORIAL HOSPITAL,351 VALLEY HEALTH WAY,FRONT ROYAL,VA,22630,WARREN,(540) 636-0299,Acute Care Hospitals,Voluntary Non-Profit - Other,1.0,,,,1,1,0
490037,RIVERSIDE SHORE MEMORIAL HOSPITAL,20480 MARKET STREET,ONANCOCK,VA,23417,ACCOMACK,(757) 414-8000,Acute Care Hospitals,Voluntary Non-Profit - Private,1.0,,,,1,1,0
490038,SMYTH COUNTY COMMUNITY HOSPITAL,245 MEDICAL PARK DRIVE,MARION,VA,24354,SMYTH,(276) 378-1000,Acute Care Hospitals,Voluntary Non-Profit - Other,1.0,,,,1,1,0
490040,INOVA ALEXANDRIA HOSPITAL,4320 SEMINARY RD,ALEXANDRIA,VA,22304,ALEXANDRIA CITY,(703) 504-3167,Acute Care Hospitals,Voluntary Non-Profit - Private,1.0,,,,1,1,0
490041,MARY IMMACULATE HOSPITAL,2 BERNARDINE DRIVE,NEWPORT NEWS,VA,23602,NEWPORT NEWS CITY,(757) 886-6000,Acute Care Hospitals,Voluntary Non-Profit - Church,1.0,,,,1,1,0
490042,CARILION NEW RIVER VALLEY MEDICAL CENTER,2900 LAMB CIRCLE,CHRISTIANSBURG,VA,24073,MONTGOMERY,(540) 731-2000,Acute Care Hospitals,Voluntary Non-Profit - Other,1.0,,,,1,1,0
490043,INOVA LOUDOUN HOSPITAL,44045 RIVERSIDE PARKWAY,LEESBURG,VA,20176,LOUDOUN,(703) 858-6600,Acute Care Hospitals,Proprietary,1.0,,,,1,1,0
490044,SENTARA OBICI HOSPITAL,2800 GODWIN BOULEVARD,SUFFOLK,VA,23434,SUFFOLK CITY,(757) 934-4000,Acute Care Hospitals,Voluntary Non-Profit - Other,1.0,,,,1,1,0
490045,NOVANT PRINCE WILLIAM MEDICAL CENTER,8700 SUDLEY RD,MANASSAS,VA,20110,MANASSAS CITY,(703) 369-8736,Acute Care Hospitals,Voluntary Non-Profit - Other,1.0,,,,1,1,0
490046,SENTARA LEIGH HOSPITAL,830 KEMPSVILLE ROAD,NORFOLK,VA,23502,NORFOLK CITY,(757) 261-6700,Acute Care Hospitals,Voluntary Non-Profit - Other,1.0,,,,1,1,0
490048,LEWISGALE MEDICAL CENTER,1900 ELECTRIC ROAD,SALEM,VA,24153,SALEM CITY,(540) 776-4100,Acute Care Hospitals,Proprietary,1.0,,,,1,1,0
490050,VIRGINIA HOSPITAL CENTER,1701 NORTH GEORGE MASON DRIVE,ARLINGTON,VA,22205,ARLINGTON,(703) 558-5000,Acute Care Hospitals,Voluntary Non-Profit - Private,0.0,,,,1,1,0
490052,RIVERSIDE REGIONAL MEDICAL CENTER,500 J CLYDE MORRIS BLVD,NEWPORT NEWS,VA,23601,NEWPORT NEWS CITY,(757) 594-2000,Acute Care Hospitals,Voluntary Non-Profit - Private,1.0,,,,1,1,0
490053,JOHNSTON MEMORIAL HOSPITAL,16000 JOHNSTON MEMORIAL DRIVE,ABINGDON,VA,24211,WASHINGTON,(276) 258-1000,Acute Care Hospitals,Voluntary Non-Profit - Private,1.0,,,,1,1,0
490057,SENTARA VIRGINIA BEACH GENERAL HOSPITAL,1060 FIRST COLONIAL ROAD,VIRGINIA BEACH,VA,23454,VIRGINIA BEACH CITY,(757) 395-8000,Acute Care Hospitals,Voluntary Non-Profit - Other,1.0,,,,1,1,0
490059,BON SECOURS ST MARYS HOSPITAL,5801 BREMO RD,RICHMOND,VA,23226,RICHMOND CITY,(804) 285-2011,Acute Care Hospitals,Voluntary Non-Profit - Church,1.0,,,,1,1,0
490060,CLINCH VALLEY MEDICAL CENTER,6801 Governor GC Perry Highway,RICHLANDS,VA,24641,TAZEWELL,(276) 596-6000,Acute Care Hospitals,Proprietary,1.0,,,,1,1,0
490063,INOVA FAIRFAX HOSPITAL,3300 GALLOWS ROAD,FALLS CHURCH,VA,22042,FAIRFAX,(703) 698-1110,Acute Care Hospitals,Voluntary Non-Profit - Other,1.0,,,,1,1,0
490066,SENTARA WILLIAMSBURG REGIONAL MEDICAL CENTER,100 SENTARA CIRCLE,WILLIAMSBURG,VA,23185,JAMES CITY,(757) 984-8137,Acute Care Hospitals,Government - Local,1.0,,,,1,1,0
490067,BON SECOURS SOUTHSIDE MEDICAL CENTER,200 MEDICAL PARK BOULEVARD,PETERSBURG,VA,23805,PETERSBURG CITY,(804) 765-5000,Acute Care Hospitals,Proprietary,1.0,,,,1,1,0
490069,BON SECOURS MEMORIAL REGIONAL MEDICAL CENTER,8260 ATLEE ROAD,MECHANICSVILLE,VA,23116,HANOVER,(804) 764-6000,Acute Care Hospitals,Voluntary Non-Profit - Church,1.0,,,,1,1,0
49006F,HAMPTON VA MEDICAL CENTER,100 EMANCIPATION DRIVE,HAMPTON,VA,23667,HAMPTON CITY,(757) 722-9961,ACUTE CARE - VETERANS ADMINISTRATION,Government - Federal,1.0,,,,1,1,0
490075,SOVAH HEALTH DANVILLE,142 SOUTH MAIN STREET,DANVILLE,VA,24541,DANVILLE CITY,(434) 799-2100,Acute Care Hospitals,Proprietary,1.0,,,,1,1,0
490077,SENTARA MARTHA JEFFERSON HOSPITAL,500 MARTHA JEFFERSON DRIVE,CHARLOTTESVILLE,VA,22911,ALBEMARLE,(434) 654-7000,Acute Care Hospitals,Voluntary Non-Profit - Private,1.0,,,,1,1,0
490079,MEMORIAL HOSPITAL OF MARTINSVILLE & HENRY COUNTY,320 HOSPITAL DRIVE,MARTINSVILLE,VA,24115,HENRY,2766667200,Acute Care Hospitals,Proprietary,1.0,,,,1,0,0
490084,VCU HEALTH TAPPAHANNOCK HOSPITAL,618 HOSPITAL ROAD,TAPPAHANNOCK,VA,22560,ESSEX,(804) 443-3311,Acute Care Hospitals,Voluntary Non-Profit - Private,1.0,,,,1,1,0
490088,CENTRA BEDFORD MEMORIAL HOSPITAL,1613 OAKWOOD STREET,BEDFORD,VA,24523,BEDFORD,(540) 586-2441,Acute Care Hospitals,Voluntary Non-Profit - Private,1.0,,,,1,1,0
490089,CARILION FRANKLIN MEMORIAL HOSPITAL,180 FLOYD AVENUE,ROCKY MOUNT,VA,24151,FRANKLIN,(540) 483-5277,Acute Care Hospitals,Voluntary Non-Profit - Other,1.0,,,,1,1,0
49008F,NMC Portsmouth,620 John Paul Jones Cir,Portsmouth,VA,23708,PORTSMOUTH CITY,(757) 953-5000,,,,,,,0,1,0
490090,"SOUTHSIDE COMMUNITY HOSPITAL, INC",800 OAK STREET,FARMVILLE,VA,23901,PRINCE EDWARD,(434) 392-8811,Acute Care Hospitals,Voluntary Non-Profit - Other,1.0,,,,1,1,0
490092,BON SECOURS SOUTHAMPTON MEMORIAL HOSPITAL,100 FAIRVIEW DRIVE - PO BOX 817,FRANKLIN,VA,23851,FRANKLIN CITY,(757) 569-6100,Acute Care Hospitals,Proprietary,1.0,,,,1,1,0
490093,SENTARA CAREPLEX HOSPITAL,3000 COLISEUM DRIVE,HAMPTON,VA,23666,HAMPTON CITY,(757) 827-2545,Acute Care Hospitals,Voluntary Non-Profit - Private,1.0,,,,1,1,0
490094,BON SECOURS RICHMOND COMMUNITY HOSPITAL,1500 N. 28TH STREET,RICHMOND,VA,23223,RICHMOND CITY,(804) 225-1701,Acute Care Hospitals,Voluntary Non-Profit - Private,1.0,,,,1,1,0
490097,BON SECOURS SOUTHERN VIRGINIA MEDICAL CENTER,727 NORTH MAIN STREET,EMPORIA,VA,23847,EMPORIA CITY,(434) 348-4400,Acute Care Hospitals,Proprietary,1.0,,,,1,1,0
490098,COMMUNITY MEMORIAL HOSPITAL,1755 NORTH MECKLENBURG AVENUE,SOUTH HILL,VA,23970,MECKLENBURG,(434) 447-3151,Acute Care Hospitals,Voluntary Non-Profit - Private,1.0,,,,1,1,0
490101,INOVA FAIR OAKS HOSPITAL,3600 JOSEPH SIEWICK DRIVE,FAIRFAX,VA,22033,FAIRFAX,(703) 391-4170,Acute Care Hospitals,Voluntary Non-Profit - Other,1.0,,,,1,1,0
490104,HIRAM W DAVIS MEDICAL CENTER,P O BOX 4030,PETERSBURG,VA,23803,PETERSBURG CITY,(804) 524-7112,,,,,,,0,1,0
490105,SOUTHWESTERN VIRGINIA MENTAL HEALTH INSTITUTE,340 BAGLEY CIRCLE,MARION,VA,24354,SMYTH,2767831217,Acute Care Hospitals,Government - State,0.0,,,,1,0,0
490106,WESTERN STATE HOSPITAL,1301 RICHMOND AVENUE,STAUNTON,VA,24402,STAUNTON CITY,7033328000,Acute Care Hospitals,Government - State,1.0,,,,1,0,0
490107,RESTON HOSPITAL CENTER,1850 TOWN CENTER PARKWAY,RESTON,VA,20190,FAIRFAX,(703) 689-9000,Acute Care Hospitals,Proprietary,0.0,,,,1,1,0
490109,EASTERN STATE HOSPITAL,4601 IRONBOUND ROAD,WILLIAMSBURG,VA,23188,JAMES CITY,7572535161,Acute Care Hospitals,Government - State,0.0,,,,1,0,0
49010F,RICHMOND VA MEDICAL CENTER,1201 BROAD ROCK BOULEVARD,RICHMOND,VA,23249,RICHMOND CITY,(804) 675-5000,ACUTE CARE - VETERANS ADMINISTRATION,Government - Federal,1.0,,,,1,1,0
490110,LEWISGALE HOSPITAL MONTGOMERY,3700 SOUTH MAIN STREET,BLACKSBURG,VA,24060,MONTGOMERY,(540) 951-1111,Acute Care Hospitals,Proprietary,1.0,,,,1,1,0
490111,WYTHE COUNTY COMMUNITY HOSPITAL,600 WEST RIDGE ROAD,WYTHEVILLE,VA,24382,WYTHE,(276) 228-0200,Acute Care Hospitals,Voluntary Non-Profit - Private,1.0,,,,1,1,0
490112,CJW MEDICAL CENTER,7101 JAHNKE ROAD,RICHMOND,VA,23225,RICHMOND CITY,(804) 483-0000,Acute Care Hospitals,Proprietary,1.0,,,,1,1,0
490113,SENTARA NORTHERN VIRGINIA MEDICAL CENTER,2300 OPITZ BOULEVARD,WOODBRIDGE,VA,22191,PRINCE WILLIAM,(703) 523-1000,Acute Care Hospitals,Voluntary Non-Profit - Other,0.0,,,,1,1,0
490114,LONESOME PINE HOSPITAL,1990 HOLTON AVENUE EAST,BIG STONE GAP,VA,24219,WISE,(276) 523-3111,Acute Care Hospitals,Voluntary Non-Profit - Other,1.0,,,,1,1,0
490115,TWIN COUNTY REGIONAL HOSPITAL,200 HOSPITAL DRIVE,GALAX,VA,24333,GALAX CITY,(276) 236-1650,Acute Care Hospitals,Voluntary Non-Profit - Private,1.0,,,,1,1,0
490116,LEWISGALE HOSPITAL PULASKI,2400 LEE HIGHWAY,PULASKI,VA,24301,PULASKI,(540) 994-8100,Acute Care Hospitals,Proprietary,1.0,,,,1,1,0
490117,CARILION TAZEWELL COMMUNITY HOSPITAL,388 BEN BOLT AVENUE,TAZEWELL,VA,24651,TAZEWELL,(276) 988-8700,Acute Care Hospitals,Voluntary Non-Profit - Other,1.0,,,,1,1,0
490118,HENRICO DOCTORS' HOSPITAL,1602 SKIPWITH ROAD,RICHMOND,VA,23229,HENRICO,(804) 289-4500,Acute Care Hospitals,Proprietary,1.0,,,,1,1,0
490119,SENTARA PRINCESS ANNE HOSPITAL,2025 GLENN MITCHELL DRIVE,VIRGINIA BEACH,VA,23456,VIRGINIA BEACH CITY,(757) 507-1520,Acute Care Hospitals,Voluntary Non-Profit - Other,1.0,,,,1,1,0
49011F,SALEM VA MEDICAL CENTER,1970 ROANOKE BOULEVARD,SALEM,VA,24153,SALEM CITY,(540) 982-2463,ACUTE CARE - VETERANS ADMINISTRATION,Government - Federal,1.0,,,,1,1,0
490120,CHESAPEAKE GENERAL HOSPITAL,"736 BATTLEFIELD BLVD, NORTH",CHESAPEAKE,VA,23320,CHESAPEAKE CITY,(757) 312-8121,Acute Care Hospitals,Government - Hospital District or Authority,1.0,,,,1,1,0
490122,INOVA MOUNT VERNON HOSPITAL,2501 PARKERS LANE,ALEXANDRIA,VA,22306,FAIRFAX,(703) 664-7105,Acute Care Hospitals,Voluntary Non-Profit - Other,1.0,,,,1,1,0
490123,RAPPAHANNOCK GENERAL HOSPITAL,101 HARRIS ROAD,KILMARNOCK,VA,22482,LANCASTER,8044358000,Acute Care Hospitals,Voluntary Non-Profit - Private,1.0,,,,1,0,0
490126,LEWISGALE HOSPITAL ALLEGHANY,ONE ARH LANE - PO BOX 7,LOW MOOR,VA,24457,ALLEGHANY,(540) 862-6200,Acute Care Hospitals,Proprietary,1.0,,,,1,1,0
490127,BUCHANAN GENERAL HOSPITAL,1535 SLATE CREEK ROAD,GRUNDY,VA,24614,BUCHANAN,(276) 935-1000,Acute Care Hospitals,Voluntary Non-Profit - Private,1.0,,,,1,1,0
490130,RIVERSIDE WALTER REED HOSPITAL,7519 HOSPITAL ROAD,GLOUCESTER,VA,23061,GLOUCESTER,(804) 693-8800,Acute Care Hospitals,Voluntary Non-Profit - Private,1.0,,,,1,1,0
490134,PIEDMONT GERIATRIC HOSPITAL,5001 E PATRICK HENRY HWY - HIGHWAY 360 AND 460,BURKEVILLE,VA,23922,NOTTOWAY,4347674401,Acute Care Hospitals,Government - State,0.0,,,,1,0,0
490136,BON SECOURS ST FRANCIS MEDICAL CENTER,13710 ST FRANCIS BOULEVARD,MIDLOTHIAN,VA,23114,CHESTERFIELD,(804) 594-7400,Acute Care Hospitals,Voluntary Non-Profit - Church,1.0,,,,1,1,0
490140,"STAFFORD HOSPITAL, LLC",101 HOSPITAL CENTER BOULEVARD,STAFFORD,VA,22554,STAFFORD,(540) 741-9000,Acute Care Hospitals,Voluntary Non-Profit - Private,1.0,,,,1,1,0
490141,SPOTSYLVANIA REGIONAL MEDICAL CENTER,4600 SPOTSYLVANIA PARKWAY,FREDERICKSBURG,VA,22408,SPOTSYLVANIA,(540) 498-4000,Acute Care Hospitals,Proprietary,1.0,,,,1,1,0
490143,RIVERSIDE DOCTORS' HOSPITAL OF WILLIAMSBURG,1500 COMMONWEALTH AVENUE,WILLIAMSBURG,VA,23185,JAMES CITY,(757) 585-2010,,,,,,,0,1,0
490144,UVA HEALTH HAYMARKET MEDICAL CENTER,15225 HEALTHCOTE BOULEVARD,HAYMARKET,VA,20169,PRINCE WILLIAM,(571) 284-1000,,,,,,,0,1,0
490145,STONESPRINGS HOSPITAL CENTER,24440 STONE SPRINGS BOULEVARD,DULLES,VA,20166,LOUDOUN,(571) 349-4000,,,,,,,0,1,0
491300,BATH COMMUNITY HOSPITAL,106 PARK DRIVE- PO DRAWER Z,HOT SPRINGS,VA,24445,BATH,(540) 839-7000,Critical Access Hospitals,Voluntary Non-Profit - Private,1.0,,,,1,1,0
491302,CARILION GILES COMMUNITY HOSPITAL,159 HARTLEY WAY,PEARISBURG,VA,24134,GILES,(540) 921-6000,Critical Access Hospitals,Voluntary Non-Profit - Private,1.0,,,,1,1,0
491303,DICKENSON COMMUNITY HOSPITAL,312 HOSPITAL DRIVE,CLINTWOOD,VA,24228,DICKENSON,(276) 926-0300,Critical Access Hospitals,Voluntary Non-Profit - Private,1.0,,,,1,1,0
491304,CARILION STONEWALL JACKSON HOSPITAL,1 HEALTH CIRCLE,LEXINGTON,VA,24450,LEXINGTON CITY,(540) 458-3300,Critical Access Hospitals,Voluntary Non-Profit - Private,1.0,,,,1,1,0
491305,SHENANDOAH MEMORIAL HOSPITAL,759 SOUTH MAIN STREET,WOODSTOCK,VA,22664,SHENANDOAH,(540) 459-1100,Critical Access Hospitals,Voluntary Non-Profit - Private,1.0,,,,1,1,0
491306,"PIONEER HEALTH SERVICES OF PATRICK COUNTY,INC",18688 JEB STUART HIGHWAY,STUART,VA,24171,PATRICK,2766943151,Critical Access Hospitals,Proprietary,1.0,,,,1,0,0
491307,"PAGE MEMORIAL HOSPITAL, INC",200 MEMORIAL DRIVE,LURAY,VA,22835,PAGE,(540) 743-4561,Critical Access Hospitals,Voluntary Non-Profit - Private,1.0,,,,1,1,0
491308,RAPPAHANNOCK GENERAL HOSPITAL,101 HARRIS ROAD,KILMARNOCK,VA,22482,LANCASTER,(804) 435-8000,,,,,,,0,1,0
491309,LEE COUNTY COMMUNITY HOSPITAL,127 HEALTH CARE DRIVE,PENNINGTON GAP,VA,24277,LEE,(276) 299-5000,,,,,,,0,1,0
493300,CUMBERLAND HOSPITAL LLC,9407 CUMBERLAND ROAD,NEW KENT,VA,23124,NEW KENT,(804) 966-2242,,,,,,,0,1,0
493301,CHILDRENS HOSPITAL OF THE KINGS DAUGHTERS INC,601 CHILDREN'S LANE,NORFOLK,VA,23507,NORFOLK CITY,(757) 668-9647,,,,,,,0,1,0
500001,NORTHWEST HOSPITAL,1550 NORTH 115TH STREET,SEATTLE,WA,98133,KING,2063640500,Acute Care Hospitals,Voluntary Non-Profit - Other,1.0,,,,1,0,0
500002,PROVIDENCE ST MARY MEDICAL CENTER,401 W POPLAR ST,WALLA WALLA,WA,99362,WALLA WALLA,(509) 522-5900,Acute Care Hospitals,Voluntary Non-Profit - Private,1.0,,,,1,1,0
500003,SKAGIT VALLEY HOSPITAL,1415 KINCAID STREET,MOUNT VERNON,WA,98274,SKAGIT,(360) 424-4111,Acute Care Hospitals,Government - Hospital District or Authority,1.0,,,,1,1,0
500005,VIRGINIA MASON MEDICAL CENTER,925 SENECA ST,SEATTLE,WA,98101,KING,(206) 223-6600,Acute Care Hospitals,Voluntary Non-Profit - Private,1.0,,,,1,1,0
500007,ISLAND HOSPITAL,1211  24TH STREET,ANACORTES,WA,98221,SKAGIT,(360) 299-1300,Acute Care Hospitals,Government - Hospital District or Authority,1.0,,,,1,1,0
500008,UNIVERSITY OF WASHINGTON MEDICAL CTR,1959 NE PACIFIC ST  BOX 356151,SEATTLE,WA,98195,KING,(206) 598-3300,Acute Care Hospitals,Government - State,1.0,,,,1,1,0
500011,HIGHLINE MEDICAL CENTER,16251 SYLVESTER ROAD SW,BURIEN,WA,98166,KING,(206) 431-5237,Acute Care Hospitals,Voluntary Non-Profit - Private,1.0,,,,1,1,0
500012,YAKIMA REGIONAL MEDICAL AND CARDIAC CENTER,110 SOUTH NINTH AVE,YAKIMA,WA,98902,YAKIMA,5095755102,Acute Care Hospitals,Proprietary,1.0,,,,1,0,0
500014,PROVIDENCE REGIONAL MEDICAL CENTER EVERETT,1321 COLBY AVENUE,EVERETT,WA,98201,SNOHOMISH,(425) 261-2000,Acute Care Hospitals,Voluntary Non-Profit - Church,1.0,,,,1,1,0
500015,MULTICARE AUBURN MEDICAL CENTER,202 NORTH DIVISION STREET PLAZA ONE,AUBURN,WA,98001,KING,(253) 833-7711,Acute Care Hospitals,Voluntary Non-Profit - Private,1.0,,,,1,1,0
500016,CONFLUENCE HEALTH HOSPITAL,1201 S MILLER STREET,WENATCHEE,WA,98807,CHELAN,(509) 662-1511,Acute Care Hospitals,Voluntary Non-Profit - Other,1.0,,,,1,1,0
500019,PROVIDENCE CENTRALIA HOSPITAL,914 S SCHEUBER ROAD,CENTRALIA,WA,98531,LEWIS,(360) 330-8530,Acute Care Hospitals,Voluntary Non-Profit - Other,1.0,,,,1,1,0
500021,ST CLARE HOSPITAL,11315 BRIDGEPORT WAY S W,LAKEWOOD,WA,98499,PIERCE,(253) 588-1711,Acute Care Hospitals,Voluntary Non-Profit - Church,1.0,,,,1,1,0
500024,PROVIDENCE ST PETER HOSPITAL,413 LILLY ROAD NE,OLYMPIA,WA,98506,THURSTON,(360) 493-7179,Acute Care Hospitals,Voluntary Non-Profit - Church,1.0,,,,1,1,0
500025,SWEDISH MEDICAL CENTER / CHERRY HILL,500 17TH AVENUE,SEATTLE,WA,98122,KING,(206) 320-2000,Acute Care Hospitals,Voluntary Non-Profit - Church,1.0,,,,1,1,0
500026,SWEDISH EDMONDS HOSPITAL,21601 76TH AVENUE WEST,EDMONDS,WA,98026,SNOHOMISH,(425) 640-4000,Acute Care Hospitals,Voluntary Non-Profit - Private,1.0,,,,1,1,0
500027,SWEDISH MEDICAL CENTER,747 BROADWAY,SEATTLE,WA,98122,KING,(206) 386-6000,Acute Care Hospitals,Voluntary Non-Profit - Private,1.0,,,,1,1,0
500030,ST JOSEPH HOSPITAL,2901 SQUALICUM PARKWAY,BELLINGHAM,WA,98225,WHATCOM,(360) 734-5400,Acute Care Hospitals,Voluntary Non-Profit - Other,1.0,,,,1,1,0
500031,GRAYS HARBOR COMMUNITY HOSPITAL,915 ANDERSON DRIVE,ABERDEEN,WA,98520,GRAYS HARBOR,(360) 532-8330,Acute Care Hospitals,Voluntary Non-Profit - Private,1.0,,,,1,1,0
500033,SAMARITAN HOSPITAL,801 EAST WHEELER ROAD,MOSES LAKE,WA,98837,GRANT,(509) 765-5606,Acute Care Hospitals,Government - Hospital District or Authority,1.0,,,,1,1,0
500036,YAKIMA VALLEY MEMORIAL,2811 TIETON DRIVE,YAKIMA,WA,98902,YAKIMA,(509) 575-8000,Acute Care Hospitals,Voluntary Non-Profit - Private,1.0,,,,1,1,0
500037,ASTRIA TOPPENISH HOSPITAL,502 W FOURTH AVE,TOPPENISH,WA,98948,YAKIMA,(509) 865-1520,Acute Care Hospitals,Proprietary,1.0,,,,1,1,0
500039,HARRISON MEDICAL CENTER,1800 NW MYHRE RD,SILVERDALE,WA,98383,KITSAP,(360) 377-3911,Acute Care Hospitals,Voluntary Non-Profit - Private,1.0,,,,1,1,0
500041,PEACEHEALTH ST JOHN MEDICAL CENTER,1615 DELAWARE STREET,LONGVIEW,WA,98632,COWLITZ,(360) 414-2000,Acute Care Hospitals,Voluntary Non-Profit - Church,1.0,,,,1,1,0
500044,DEACONESS MEDICAL CENTER,W 800 FIFTH AVENUE,SPOKANE,WA,99210,SPOKANE,(509) 473-5800,Acute Care Hospitals,Voluntary Non-Profit - Private,1.0,,,,1,1,0
500049,WALLA WALLA GENERAL HOSPITAL,1025 S SECOND AVE,WALLA WALLA,WA,99362,WALLA WALLA,5095250480,Acute Care Hospitals,Voluntary Non-Profit - Church,1.0,,,,1,0,0
500050,PEACEHEALTH SOUTHWEST MEDICAL CENTER,400 NE MOTHER JOSEPH PLACE,VANCOUVER,WA,98664,CLARK,(360) 256-2000,Acute Care Hospitals,Voluntary Non-Profit - Private,1.0,,,,1,1,0
500051,OVERLAKE HOSPITAL MEDICAL CENTER,1035-116TH AVE NE,BELLEVUE,WA,98004,KING,(425) 688-5000,Acute Care Hospitals,Voluntary Non-Profit - Other,1.0,,,,1,1,0
500052,KAISER PERMANENTE CENTRAL HOSPITAL,201 - 16TH AVENUE EAST,SEATTLE,WA,98112,KING,(206) 326-3000,Acute Care Hospitals,Voluntary Non-Profit - Other,1.0,,,,1,1,0
500053,TRIOS HEALTH,3780 PLAZA WAY,KENNEWICK,WA,99338,BENTON,(509) 586-6111,Acute Care Hospitals,Government - Hospital District or Authority,1.0,,,,1,1,0
500054,PROV SACRED HRT MED CTR & CHILDS HOSP.,101 WEST 8TH AVENUE,SPOKANE,WA,99220,SPOKANE,(509) 474-3131,Acute Care Hospitals,Voluntary Non-Profit - Church,1.0,,,,1,1,0
500058,KADLEC REGIONAL MEDICAL CENTER,888 SWIFT BLVD,RICHLAND,WA,99352,BENTON,(509) 946-4611,Acute Care Hospitals,Voluntary Non-Profit - Private,1.0,,,,1,1,0
50005F,Madigan AMC (FT Lewis),9040A Jackson Ave,Joint Base Lewis-McChord,WA,98431,PIERCE,(253) 968-1110,,,,,,,0,1,0
500060,CASCADE VALLEY HOSPITAL,330 S STILLAGUAMISH AVE,ARLINGTON,WA,98223,SNOHOMISH,(360) 435-2133,Acute Care Hospitals,Government - Hospital District or Authority,1.0,,,,1,1,0
500064,HARBORVIEW MEDICAL CENTER,325 9TH AVENUE,SEATTLE,WA,98104,KING,(206) 744-9535,Acute Care Hospitals,Government - Local,1.0,,,,1,1,0
500072,OLYMPIC MEDICAL CENTER,939 CAROLINE ST,PORT ANGELES,WA,98362,CLALLAM,(360) 417-7000,Acute Care Hospitals,Government - Local,1.0,,,,1,1,0
500077,PROVIDENCE HOLY FAMILY HOSPITAL,5633 NORTH LIDGERWOOD,SPOKANE,WA,99208,SPOKANE,(509) 482-0111,Acute Care Hospitals,Voluntary Non-Profit - Church,1.0,,,,1,1,0
500079,MULTICARE GOOD SAMARITAN HOSPITAL,401 15TH AVENUE SE,PUYALLUP,WA,98372,PIERCE,(253) 697-2102,Acute Care Hospitals,Voluntary Non-Profit - Private,1.0,,,,1,1,0
500084,EVERGREENHEALTH MONROE,14701 179TH AVE SE,MONROE,WA,98272,SNOHOMISH,(360) 794-7497,Acute Care Hospitals,Government - Hospital District or Authority,1.0,,,,1,1,0
500088,VALLEY MEDICAL CENTER,400 S 43RD ST,RENTON,WA,98055,KING,(425) 228-3450,Acute Care Hospitals,Government - Hospital District or Authority,1.0,,,,1,1,0
500108,ST JOSEPH MEDICAL CENTER,1717 SOUTH J STREET,TACOMA,WA,98405,PIERCE,(253) 627-4101,Acute Care Hospitals,Voluntary Non-Profit - Church,1.0,,,,1,1,0
500119,MULTICARE VALLEY HOSPITAL,12606 EAST MISSION AVENUE,SPOKANE VALLEY,WA,99216,SPOKANE,(509) 924-6650,Acute Care Hospitals,Voluntary Non-Profit - Private,1.0,,,,1,1,0
50011F,SPOKANE VA MEDICAL CENTER,4815 N. ASSEMBLY STREET,SPOKANE,WA,99205,SPOKANE,(509) 434-7000,ACUTE CARE - VETERANS ADMINISTRATION,Government - Federal,1.0,,,,1,1,0
500124,EVERGREENHEALTH MEDICAL CENTER,12040 NE 128TH STREET,KIRKLAND,WA,98034,KING,(425) 899-1000,Acute Care Hospitals,Government - Hospital District or Authority,1.0,,,,1,1,0
500129,TACOMA GENERAL ALLENMORE HOSPITAL,315 S MLK JR WAY,TACOMA,WA,98405,PIERCE,(253) 403-1000,Acute Care Hospitals,Voluntary Non-Profit - Private,1.0,,,,1,1,0
500139,CAPITAL MEDICAL CENTER,3900 CAPITAL MALL DR SW,OLYMPIA,WA,98502,THURSTON,(360) 956-2550,Acute Care Hospitals,Voluntary Non-Profit - Private,1.0,,,,1,1,0
50013F,WALLA WALLA VA MEDICAL CENTER,77 WAINWRIGHT DRIVE,WALLA WALLA,WA,99362,WALLA WALLA,5095273450,ACUTE CARE - VETERANS ADMINISTRATION,Government - Federal,1.0,,,,1,0,0
500141,ST FRANCIS COMMUNITY HOSPITAL,34515 9TH AVENUE SOUTH,FEDERAL WAY,WA,98003,KING,(253) 944-8100,Acute Care Hospitals,Voluntary Non-Profit - Church,1.0,,,,1,1,0
500148,WENATCHEE VALLEY HOSPITAL,820 NORTH CHELAN STREET,WENATCHEE,WA,98801,CHELAN,5096638711,Acute Care Hospitals,Proprietary,1.0,,,,1,0,0
500150,LEGACY SALMON CREEK MEDICAL CENTER,2211 NE 139TH STREET,VANCOUVER,WA,98686,CLARK,(360) 487-1000,Acute Care Hospitals,Voluntary Non-Profit - Private,1.0,,,,1,1,0
500151,ST ANTHONY HOSPITAL,11567 CANTERWOOD BOULEVARD NW,GIG HARBOR,WA,98332,PIERCE,(253) 530-2050,Acute Care Hospitals,Voluntary Non-Profit - Church,1.0,,,,1,1,0
500152,SWEDISH ISSAQUAH,751 NE BLAKELY DR,ISSAQUAH,WA,98029,KING,(425) 313-4000,Acute Care Hospitals,Voluntary Non-Profit - Private,1.0,,,,1,1,0
500154,MULTICARE COVINGTON MEDICAL CENTER,17700 SE 272ND ST,COVINGTON,WA,98042,KING,(253) 372-7400,,,,,,,0,1,0
50030F,SEATTLE VA MEDICAL CENTER (VA PUGET SOUND HEALTHCARE SYSTEM),1660 S. COLUMBIAN WAY,SEATTLE,WA,98108,KING,(206) 764-2299,ACUTE CARE - VETERANS ADMINISTRATION,Government - Federal,1.0,,,,1,1,0
501301,GARFIELD COUNTY PUBLIC HOSPITAL DISTRICT #1,66 NORTH SIXTH STREET,POMEROY,WA,99347,GARFIELD,(509) 843-1591,Critical Access Hospitals,Government - Hospital District or Authority,1.0,,,,1,1,0
501302,DAYTON GENERAL HOSPITAL,1012 SOUTH 3RD STREET,DAYTON,WA,99328,COLUMBIA,(509) 382-2531,Critical Access Hospitals,Government - Hospital District or Authority,1.0,,,,1,1,0
501303,WILLAPA HARBOR HOSPITAL,800 ALDER STREET,SOUTH BEND,WA,98586,PACIFIC,(360) 875-5526,Critical Access Hospitals,Government - Local,1.0,,,,1,1,0
501304,SUMMIT PACIFIC MEDICAL CENTER,600 EAST MAIN STREET,ELMA,WA,98541,GRAYS HARBOR,(360) 346-2222,Critical Access Hospitals,Government - Hospital District or Authority,1.0,,,,1,1,0
501305,LINCOLN HOSPITAL,10 NICHOLS STREET,DAVENPORT,WA,99122,LINCOLN,(509) 725-7101,Critical Access Hospitals,Government - Hospital District or Authority,1.0,,,,1,1,0
501307,ODESSA MEMORIAL HEALTHCARE CENTER,502 E AMENDE DRIVE,ODESSA,WA,99159,LINCOLN,(509) 982-2611,Critical Access Hospitals,Government - Hospital District or Authority,1.0,,,,1,1,0
501308,COULEE MEDICAL CENTER,411 FORTUYN ROAD,GRAND COULEE,WA,99133,GRANT,(509) 633-1753,Critical Access Hospitals,Government - Hospital District or Authority,1.0,,,,1,1,0
501309,PROVIDENCE ST JOSEPH HOSPITAL,500 EAST WEBSTER,CHEWELAH,WA,99109,STEVENS,(509) 935-8211,Critical Access Hospitals,Voluntary Non-Profit - Church,1.0,,,,1,1,0
501310,NEWPORT COMMUNITY HOSPITAL,714 WEST PINE STREET,NEWPORT,WA,99156,PEND OREILLE,(509) 447-2441,Critical Access Hospitals,Government - Hospital District or Authority,1.0,,,,1,1,0
501311,EAST ADAMS RURAL HOSPITAL,903 SOUTH ADAMS,RITZVILLE,WA,99169,ADAMS,(509) 659-1200,Critical Access Hospitals,Government - Hospital District or Authority,1.0,,,,1,1,0
501312,PROSSER MEMORIAL HOSPITAL,723 MEMORIAL STREET,PROSSER,WA,99350,BENTON,(509) 786-2222,Critical Access Hospitals,Voluntary Non-Profit - Other,1.0,,,,1,1,0
501313,CASCADE MEDICAL CENTER,817 COMMERCIAL STREET,LEAVENWORTH,WA,98826,CHELAN,(509) 548-5815,Critical Access Hospitals,Government - Hospital District or Authority,1.0,,,,1,1,0
501314,OCEAN BEACH HOSPITAL,174 FIRST AVENUE NORTH,ILWACO,WA,98624,PACIFIC,(360) 642-3181,Critical Access Hospitals,Government - Hospital District or Authority,1.0,,,,1,1,0
501315,SKYLINE HOSPITAL,211 SKYLINE DRIVE,WHITE SALMON,WA,98672,KLICKITAT,(509) 491-1101,Critical Access Hospitals,Government - Hospital District or Authority,1.0,,,,1,1,0
501316,KLICKITAT VALLEY HOSPITAL,310 SOUTH ROOSEVELT,GOLDENDALE,WA,98620,KLICKITAT,(509) 773-4022,Critical Access Hospitals,Government - Hospital District or Authority,1.0,,,,1,1,0
501317,COLUMBIA BASIN HOSPITAL,200 NAT WASHINGTON WAY,EPHRATA,WA,98823,GRANT,(509) 754-4631,Critical Access Hospitals,Government - Hospital District or Authority,1.0,,,,1,1,0
501318,OTHELLO COMMUNITY HOSPITAL,315 NORTH 14TH AVENUE,OTHELLO,WA,99344,ADAMS,(509) 488-2636,Critical Access Hospitals,Government - Hospital District or Authority,1.0,,,,1,1,0
501319,ARBOR HEALTH MORTON HOSPITAL,521 ADAMS STREET,MORTON,WA,98356,LEWIS,(360) 496-5112,Critical Access Hospitals,Government - Hospital District or Authority,1.0,,,,1,1,0
501320,QUINCY VALLEY MEDICAL CENTER,908 10TH AVENUE SOUTHWEST,QUINCY,WA,98848,GRANT,(509) 787-3531,Critical Access Hospitals,Government - Hospital District or Authority,1.0,,,,1,1,0
501321,NORTH VALLEY HOSPITAL,203 SOUTH WESTERN,TONASKET,WA,98855,OKANOGAN,(509) 486-2151,Critical Access Hospitals,Government - Hospital District or Authority,1.0,,,,1,1,0
501322,FERRY COUNTY MEMORIAL HOSPITAL,36 KLONDIKE ROAD,REPUBLIC,WA,99166,FERRY,(509) 775-3333,Critical Access Hospitals,Government - Hospital District or Authority,1.0,,,,1,1,0
501323,JEFFERSON HEALTHCARE,834 SHERIDAN STREET,PORT TOWNSEND,WA,98368,JEFFERSON,(360) 385-2200,Critical Access Hospitals,Government - Hospital District or Authority,1.0,,,,1,1,0
501324,THREE RIVERS HOSPITAL,507 HOSPITAL WAY,BREWSTER,WA,98812,OKANOGAN,(509) 689-2517,Critical Access Hospitals,Government - Hospital District or Authority,1.0,,,,1,1,0
501325,FORKS COMMUNITY HOSPITAL,530 BOGACHIEL WAY,FORKS,WA,98331,CLALLAM,(360) 374-6271,Critical Access Hospitals,Government - Hospital District or Authority,1.0,,,,1,1,0
501326,PROVIDENCE MOUNT CARMEL HOSPITAL,982 EAST COLUMBIA,COLVILLE,WA,99114,STEVENS,(509) 684-2561,Critical Access Hospitals,Voluntary Non-Profit - Church,1.0,,,,1,1,0
501327,WHITMAN HOSPITAL AND MEDICAL CENTER,1200 WEST FAIRVIEW,COLFAX,WA,99111,WHITMAN,(509) 397-3435,Critical Access Hospitals,Government - Hospital District or Authority,1.0,,,,1,1,0
501328,MID VALLEY HOSPITAL & CLINIC,810 JASMINE STREET,OMAK,WA,98841,OKANOGAN,(509) 826-1760,Critical Access Hospitals,Government - Hospital District or Authority,1.0,,,,1,1,0
501329,PEACEHEALTH UNITED GENERAL MEDICAL CENTER,2000 HOSPITAL DRIVE,SEDRO WOOLLEY,WA,98284,SKAGIT,(360) 856-6021,Critical Access Hospitals,Government - Hospital District or Authority,1.0,,,,1,1,0
501330,ASTRIA SUNNYSIDE HOSPITAL,1016 TACOMA AVENUE,SUNNYSIDE,WA,98944,YAKIMA,(509) 837-1500,Critical Access Hospitals,Voluntary Non-Profit - Private,1.0,,,,1,1,0
501331,PULLMAN REGIONAL HOSPITAL,835 S BISHOP BLVD,PULLMAN,WA,99163,WHITMAN,(509) 332-2541,Critical Access Hospitals,Government - Hospital District or Authority,1.0,,,,1,1,0
501332,TRI-STATE MEMORIAL HOSPITAL,1221 HIGHLAND AVENUE,CLARKSTON,WA,99403,ASOTIN,(509) 758-5511,Critical Access Hospitals,Government - Local,1.0,,,,1,1,0
501333,KITTITAS VALLEY COMMUNITY HOSPITAL,603 SOUTH CHESTNUT,ELLENSBURG,WA,98926,KITTITAS,(509) 962-9841,Critical Access Hospitals,Government - Hospital District or Authority,1.0,,,,1,1,0
501334,LAKE CHELAN COMMUNITY HOSPITAL,110 S APPLE BLOSSOM DR,CHELAN,WA,98816,CHELAN,(509) 682-3300,Critical Access Hospitals,Government - Hospital District or Authority,1.0,,,,1,1,0
501335,ST ELIZABETH HOSPITAL,1450 BATTERSBY AVENUE,ENUMCLAW,WA,98022,KING,(360) 825-2505,Critical Access Hospitals,Voluntary Non-Profit - Private,1.0,,,,1,1,0
501336,MASON GENERAL HOSPITAL & FAMILY OF CLINICS,901 MT VIEW DRIVE,SHELTON,WA,98584,MASON,(360) 426-1611,Critical Access Hospitals,Government - Hospital District or Authority,1.0,,,,1,1,0
501337,LOURDES MEDICAL CENTER,520 N FOURTH AVENUE,PASCO,WA,99301,FRANKLIN,(509) 546-2278,Critical Access Hospitals,Voluntary Non-Profit - Church,1.0,,,,1,1,0
501338,SNOQUALMIE VALLEY HOSPITAL,9801 FRONTIER AVE SE,SNOQUALMIE,WA,98065,KING,(425) 831-2300,Critical Access Hospitals,Government - Hospital District or Authority,1.0,,,,1,1,0
501339,WHIDBEYHEALTH MEDICAL CENTER,101 NORTH MAIN STREET,COUPEVILLE,WA,98239,ISLAND,(360) 678-5151,Critical Access Hospitals,Government - Hospital District or Authority,1.0,,,,1,1,0
501340,PEACEHEALTH PEACE ISLAND MEDICAL CENTER,1117 SPRING STREET,FRIDAY HARBOR,WA,98250,SAN JUAN,(360) 378-2141,,,,,,,0,1,0
503300,SEATTLE CHILDREN'S HOSPITAL,"4800 SAND POINT WAY NE, PO BOX C-5371",SEATTLE,WA,98105,KING,(206) 987-2000,Childrens,Voluntary Non-Profit - Private,1.0,,,,1,1,0
503301,MARY BRIDGE CHILDREN'S HOSPITAL,317 MARTIN LUTHER KING JR W BOX 5299,TACOMA,WA,98415,PIERCE,(253) 403-1400,,,,,,,0,1,0
503302,SHRINERS HOSPITAL FOR CHILDREN,911 WEST 5TH AVENUE,SPOKANE,WA,99204,SPOKANE,(509) 623-0422,,,,,,,0,1,0
510001,"WEST VIRGINIA UNIVERSITY HOSPITALS, INC",MEDICAL CENTER DRIVE,MORGANTOWN,WV,26506,MONONGALIA,(304) 598-4000,Acute Care Hospitals,Voluntary Non-Profit - Private,1.0,,,,1,1,0
510002,"CAMC GREENBRIER VALLEY MEDICAL CENTER, INC",1320 MAPLEWOOD AVENUE,RONCEVERTE,WV,24970,GREENBRIER,(304) 647-4411,Acute Care Hospitals,Proprietary,1.0,,,,1,1,0
510006,"UNITED HOSPITAL CENTER, INC",327 MEDICAL PARK DRIVE,BRIDGEPORT,WV,26330,HARRISON,(681) 342-1000,Acute Care Hospitals,Voluntary Non-Profit - Private,1.0,,,,1,1,0
510007,ST MARYS MEDICAL CENTER,2900 1ST AVENUE,HUNTINGTON,WV,25702,CABELL,(304) 526-1234,Acute Care Hospitals,Voluntary Non-Profit - Church,1.0,,,,1,1,0
510008,BERKELEY MEDICAL CENTER,2500 HOSPITAL DRIVE,MARTINSBURG,WV,25401,BERKELEY,(304) 264-1000,Acute Care Hospitals,Voluntary Non-Profit - Other,1.0,,,,1,1,0
510012,RIVERS HEALTH,2520 VALLEY DRIVE,POINT PLEASANT,WV,25550,MASON,(304) 675-4340,Acute Care Hospitals,Voluntary Non-Profit - Private,1.0,,,,1,1,0
510013,REYNOLDS MEMORIAL HOSPITAL,800 WHEELING AVE,GLEN DALE,WV,26038,MARSHALL,(304) 843-3230,Acute Care Hospitals,Voluntary Non-Profit - Private,1.0,,,,1,1,0
510018,JACKSON GENERAL HOSPITAL,122 PINNELL ST,RIPLEY,WV,25271,JACKSON,3043722731,Acute Care Hospitals,Voluntary Non-Profit - Other,1.0,,,,1,0,0
510022,CHARLESTON AREA MEDICAL CENTER,501 MORRIS STREET,CHARLESTON,WV,25301,KANAWHA,(304) 388-5432,Acute Care Hospitals,Voluntary Non-Profit - Private,1.0,,,,1,1,0
510023,"WEIRTON MEDICAL CENTER, INC",601 COLLIERS WAY,WEIRTON,WV,26062,HANCOCK,(304) 797-6000,Acute Care Hospitals,Government - Local,1.0,,,,1,1,0
510024,MON HEALTH MEDICAL CENTER,1200 JD ANDERSON DRIVE,MORGANTOWN,WV,26505,MONONGALIA,(304) 598-1200,Acute Care Hospitals,Voluntary Non-Profit - Private,1.0,,,,1,1,0
510029,THOMAS MEMORIAL HOSPITAL,4605 MACCORKLE AVENUE SW,SOUTH CHARLESTON,WV,25309,KANAWHA,(304) 766-3600,Acute Care Hospitals,Voluntary Non-Profit - Private,1.0,,,,1,1,0
51002F,BECKLEY VA MEDICAL CENTER,200 VETERANS AVENUE,BECKLEY,WV,25801,RALEIGH,(304) 255-2121,ACUTE CARE - VETERANS ADMINISTRATION,Government - Federal,1.0,,,,1,1,0
510030,DAVIS MEDICAL CENTER,812 GORMAN AVENUE,ELKINS,WV,26241,RANDOLPH,(304) 636-3300,Acute Care Hospitals,Voluntary Non-Profit - Private,1.0,,,,1,1,0
510031,ST FRANCIS HOSPITAL,333 LAIDLEY ST,CHARLESTON,WV,25301,KANAWHA,3043476500,Acute Care Hospitals,Proprietary,1.0,,,,1,0,0
510038,STONEWALL JACKSON MEMORIAL HOSPITAL,230 HOSPITAL PLAZA,WESTON,WV,26452,LEWIS,(304) 269-8000,Acute Care Hospitals,Voluntary Non-Profit - Private,1.0,,,,1,1,0
510039,OHIO VALLEY MEDICAL CENTER,2000 EOFF STREET,WHEELING,WV,26003,OHIO,3042340123,Acute Care Hospitals,Voluntary Non-Profit - Private,1.0,,,,1,0,0
51003F,CLARKSBURG VA MEDICAL CENTER,1 MEDICAL CENTER DRIVE,CLARKSBURG,WV,26301,HARRISON,(304) 623-3461,ACUTE CARE - VETERANS ADMINISTRATION,Government - Federal,1.0,,,,1,1,0
510046,PRINCETON COMMUNITY HOSPITAL ASSN INC,122 12TH STREET,PRINCETON,WV,24740,MERCER,(304) 487-7000,Acute Care Hospitals,Government - Local,1.0,,,,1,1,0
510047,FAIRMONT GENERAL HOSPITAL,1325 LOCUST AVENUE,FAIRMONT,WV,26554,MARION,3043677100,Acute Care Hospitals,Voluntary Non-Profit - Private,1.0,,,,1,0,0
510048,LOGAN REGIONAL MEDICAL CENTER,20 HOSPITAL DRIVE,LOGAN,WV,25601,LOGAN,(304) 831-1101,Acute Care Hospitals,Proprietary,1.0,,,,1,1,0
51004F,HUNTINGTON VA MEDICAL CENTER,1540 SPRING VALLEY ROAD,HUNTINGTON,WV,25704,WAYNE,(304) 429-0241,ACUTE CARE - VETERANS ADMINISTRATION,Government - Federal,1.0,,,,1,1,0
510050,"WHEELING HOSPITAL, INC",1 MEDICAL PARK,WHEELING,WV,26003,OHIO,(304) 243-3000,Acute Care Hospitals,Voluntary Non-Profit - Church,1.0,,,,1,1,0
510053,ST JOSEPH HOSPITAL,1 AMALIA DRIVE,BUCKHANNON,WV,26201,UPSHUR,3044722000,Acute Care Hospitals,Voluntary Non-Profit - Church,1.0,,,,1,0,0
510055,"CABELL HUNTINGTON HOSPITAL, INC",1340 HAL GREER BOULEVARD,HUNTINGTON,WV,25701,CABELL,(304) 526-2000,Acute Care Hospitals,Voluntary Non-Profit - Private,1.0,,,,1,1,0
510058,CAMDEN CLARK MEDICAL CENTER,800 GARFIELD AVE,PARKERSBURG,WV,26101,WOOD,(304) 424-2111,Acute Care Hospitals,Voluntary Non-Profit - Private,1.0,,,,1,1,0
510059,CHARLESTON SURGICAL HOSPITAL,1306 KANAWHA BL E,CHARLESTON,WV,25301,KANAWHA,3043434371,Acute Care Hospitals,Government - Federal,0.0,,,,1,0,0
51005F,MARTINSBURG VA MEDICAL CENTER,510 BUTLER AVE.,MARTINSBURG,WV,25405,BERKELEY,(304) 263-0811,ACUTE CARE - VETERANS ADMINISTRATION,Government - Federal,1.0,,,,1,1,0
510062,BECKLEY ARH HOSPITAL,306 STANAFORD ROAD,BECKLEY,WV,25801,RALEIGH,(304) 255-3000,Acute Care Hospitals,Voluntary Non-Profit - Private,1.0,,,,1,1,0
510070,RALEIGH GENERAL HOSPITAL,1710 HARPER ROAD,BECKLEY,WV,25801,RALEIGH,(304) 256-4100,Acute Care Hospitals,Proprietary,1.0,,,,1,1,0
510071,BLUEFIELD REGIONAL MEDICAL CENTER,500 CHERRY ST,BLUEFIELD,WV,24701,MERCER,3043271100,Acute Care Hospitals,Proprietary,1.0,,,,1,0,0
510072,WETZEL COUNTY HOSPITAL,#3 EAST BENJAMIN DRIVE,NEW MARTINSVILLE,WV,26155,WETZEL,(304) 455-8000,Acute Care Hospitals,Government - Local,1.0,,,,1,1,0
510077,WILLIAMSON MEMORIAL HOSPITAL,859 ALDERSON STREET,WILLIAMSON,WV,25661,MINGO,3042352500,Acute Care Hospitals,Voluntary Non-Profit - Private,1.0,,,,1,0,0
510082,SUMMERSVILLE REGIONAL MEDICAL CENTER,400 FAIRVIEW HEIGHTS ROAD,SUMMERSVILLE,WV,26651,NICHOLAS,3048722891,Acute Care Hospitals,Government - Local,1.0,,,,1,0,0
510085,CAMC TEAYS VALLEY HOSPITAL,1400 HOSPITAL DRIVE,HURRICANE,WV,25526,PUTNAM,3047571700,Acute Care Hospitals,Voluntary Non-Profit - Private,1.0,,,,1,0,0
510086,WELCH COMMUNITY HOSPITAL,454 MCDOWELL STREET,WELCH,WV,24801,MC DOWELL,(304) 436-8461,Acute Care Hospitals,Government - State,1.0,,,,1,1,0
510091,CAMC CHARLESTON SURGICAL HOSPITAL,1306 KANAWHA BOULEVARD EAST,CHARLESTON,WV,25301,KANAWHA,(304) 343-4371,,,,,,,0,1,0
510093,MON HEALTH MARION,140 MIDDLETOWN LOOP,WHITEHALL,WV,26554,MARION,(304) 333-1150,,,,,,,0,1,0
510094,WILLIAMSON MEMORIAL INC,859 ALDERSON ST,WILLIAMSON,WV,25661,MINGO,(304) 235-2500,,,,,,,0,1,0
511300,"BROADDUS HOSPITAL ASSOCIATION, INC",1 HEALTHCARE DRIVE MANSFIELD HILL,PHILIPPI,WV,26416,BARBOUR,(304) 457-1760,Critical Access Hospitals,Voluntary Non-Profit - Private,1.0,,,,1,1,0
511301,WEBSTER MEMORIAL HOSPITAL,125 DIANA DRIVE,WEBSTER SPRINGS,WV,26288,WEBSTER,(304) 847-5682,Critical Access Hospitals,Voluntary Non-Profit - Private,1.0,,,,1,1,0
511303,MINNIE HAMILTON HEALTH SYSTEM,186 HOSPITAL DRIVE,GRANTSVILLE,WV,26147,CALHOUN,(304) 354-9244,Critical Access Hospitals,Voluntary Non-Profit - Private,1.0,,,,1,1,0
511304,SISTERSVILLE GENERAL HOSPITAL,314 SOUTH WELLS STREET,SISTERSVILLE,WV,26175,TYLER,(304) 652-2611,Critical Access Hospitals,Voluntary Non-Profit - Private,1.0,,,,1,1,0
511306,ROANE GENERAL HOSPITAL,200 HOSPITAL DRIVE,SPENCER,WV,25276,ROANE,(304) 927-4444,Critical Access Hospitals,Voluntary Non-Profit - Private,1.0,,,,1,1,0
511307,"GRAFTON CITY HOSPITAL, INC",1 HOSPITAL PLAZA,GRAFTON,WV,26354,TAYLOR,(304) 265-0400,Critical Access Hospitals,Voluntary Non-Profit - Other,1.0,,,,1,1,0
511308,"BRAXTON COUNTY MEMORIAL HOSPITAL, INC",100 HOYLMAN DRIVE,GASSAWAY,WV,26624,BRAXTON,(304) 364-5156,Critical Access Hospitals,Voluntary Non-Profit - Private,1.0,,,,1,1,0
511309,VALLEY HEALTH WAR MEMORIAL HOSPITAL,1 HEALTHY WAY,BERKELEY SPRINGS,WV,25411,MORGAN,(304) 258-1234,Critical Access Hospitals,Voluntary Non-Profit - Other,1.0,,,,1,1,0
511310,SUMMERS COUNTY ARH HOSPITAL,115 SUMMERS HOSPITAL ROAD,HINTON,WV,25951,SUMMERS,(304) 466-1000,Critical Access Hospitals,Voluntary Non-Profit - Private,1.0,,,,1,1,0
511311,HAMPSHIRE MEMORIAL HOSPITAL,363 SUNRISE BOULEVARD,ROMNEY,WV,26757,HAMPSHIRE,(304) 822-4561,Critical Access Hospitals,Voluntary Non-Profit - Private,1.0,,,,1,1,0
511312,PRESTON MEMORIAL HOSPITAL,150 MEMORIAL DRIVE,KINGWOOD,WV,26537,PRESTON,(304) 329-1400,Critical Access Hospitals,Voluntary Non-Profit - Private,1.0,,,,1,1,0
511313,BOONE MEMORIAL HOSPITAL,701 MADISON AVENUE,MADISON,WV,25130,BOONE,(304) 369-1230,Critical Access Hospitals,Government - Local,1.0,,,,1,1,0
511314,POCAHONTAS MEMORIAL HOSPITAL,150 DUNCAN ROAD,BUCKEYE,WV,24924,POCAHONTAS,(304) 799-7400,Critical Access Hospitals,Government - Local,1.0,,,,1,1,0
511315,POTOMAC VALLEY HOSPITAL,100 PIN OAK LANE,KEYSER,WV,26726,MINERAL,(304) 597-3500,Critical Access Hospitals,Voluntary Non-Profit - Private,1.0,,,,1,1,0
511316,GRANT MEMORIAL HOSPITAL,117 HOSPITAL DRIVE,PETERSBURG,WV,26847,GRANT,(304) 257-1026,Critical Access Hospitals,Government - Local,1.0,,,,1,1,0
511317,"CAMC PLATEAU MEDICAL CENTER, INC","430 MAIN STREET, WEST",OAK HILL,WV,25901,FAYETTE,(304) 469-8600,Critical Access Hospitals,Proprietary,1.0,,,,1,1,0
511318,MONTGOMERY GENERAL HOSPITAL,401 SIXTH AVENUE,MONTGOMERY,WV,25136,FAYETTE,(304) 442-5151,Critical Access Hospitals,Voluntary Non-Profit - Private,1.0,,,,1,1,0
511319,JEFFERSON MEDICAL CENTER,300 SOUTH PRESTON STREET,RANSON,WV,25438,JEFFERSON,(304) 728-1600,Critical Access Hospitals,Voluntary Non-Profit - Private,1.0,,,,1,1,0
511320,JACKSON GENERAL HOSPITAL,122 PINNELL ST,RIPLEY,WV,25271,JACKSON,(304) 372-2731,,,,,,,0,1,0
511321,"ST JOSEPH'S HOSPITAL OF BUCKHANNON, INC",1 AMALIA DRIVE,BUCKHANNON,WV,26201,UPSHUR,(304) 472-2000,,,,,,,0,1,0
511322,SUMMERSVILLE REGIONAL MEDICAL CENTER,400 FAIRVIEW HEIGHTS ROAD,SUMMERSVILLE,WV,26651,NICHOLAS,(304) 872-2891,,,,,,,0,1,0
520002,"ASPIRUS STEVENS POINT HOSPITAL & CLINICS, INC.",900 ILLINOIS AVE,STEVENS POINT,WI,54481,PORTAGE,(715) 346-5000,Acute Care Hospitals,Voluntary Non-Profit - Church,1.0,,,,1,1,0
520004,MAYO CLINIC HEALTH SYSTEM-FRANCISCAN MEDICAL CENTER INC,700 WEST AVENUE SOUTH,LA CROSSE,WI,54601,LA CROSSE,(608) 785-0940,Acute Care Hospitals,Voluntary Non-Profit - Private,1.0,,,,1,1,0
520008,WAUKESHA MEMORIAL HOSPITAL,725 AMERICAN AVE,WAUKESHA,WI,53188,WAUKESHA,(262) 928-1000,Acute Care Hospitals,Voluntary Non-Profit - Private,1.0,,,,1,1,0
520009,ASCENSION NE WISCONSIN - ST ELIZABETH CAMPUS,1506 S ONEIDA ST,APPLETON,WI,54915,OUTAGAMIE,(920) 738-2000,Acute Care Hospitals,Voluntary Non-Profit - Private,1.0,,,,1,1,0
520011,MARSHFIELD MEDICAL CENTER - RICE LAKE,1700 WEST STOUT STREET,RICE LAKE,WI,54868,BARRON,(715) 234-1515,Acute Care Hospitals,Voluntary Non-Profit - Private,1.0,,,,1,1,0
520013,SACRED HEART HSPTL,900 W CLAIREMONT AVE,EAU CLAIRE,WI,54701,EAU CLAIRE,7157174131,Acute Care Hospitals,Voluntary Non-Profit - Church,1.0,,,,1,0,0
520017,ST JOSEPHS HSPTL,2661 CTY HWY I,CHIPPEWA FALLS,WI,54729,CHIPPEWA,7157177200,Acute Care Hospitals,Voluntary Non-Profit - Church,1.0,,,,1,0,0
520019,ASPIRUS RHINELANDER HOSPITAL,2251 NORTH SHORE DR,RHINELANDER,WI,54501,ONEIDA,(715) 361-2000,Acute Care Hospitals,Voluntary Non-Profit - Private,1.0,,,,1,1,0
520021,FROEDTERT SOUTH INC.,6308 EIGHTH AVE,KENOSHA,WI,53143,KENOSHA,(262) 656-2368,Acute Care Hospitals,Government - Local,1.0,,,,1,1,0
520027,"COLUMBIA ST MARY'S HOSPITAL OZAUKEE, INC",13111 N PORT WASHINGTON RD,MEQUON,WI,53097,OZAUKEE,2622437300,Acute Care Hospitals,Voluntary Non-Profit - Church,1.0,,,,1,0,0
520028,THE MONROE CLINIC,515 22ND AVE,MONROE,WI,53566,GREEN,(608) 324-2000,Acute Care Hospitals,Voluntary Non-Profit - Church,1.0,,,,1,1,0
52002F,TOMAH VA MEDICAL CENTER,500 EAST VETERANS STREET,TOMAH,WI,54660,MONROE,(608) 372-3971,ACUTE CARE - VETERANS ADMINISTRATION,Government - Federal,1.0,,,,1,1,0
520030,ASPIRUS WAUSAU HOSPITAL,333 PINE RIDGE BLVD,WAUSAU,WI,54401,MARATHON,(715) 847-2000,Acute Care Hospitals,Proprietary,1.0,,,,1,1,0
520033,ASPIRUS RIVERVIEW HOSPITAL & CLINICS INC,410 DEWEY ST,WISCONSIN RAPIDS,WI,54494,WOOD,(715) 423-6060,Acute Care Hospitals,Voluntary Non-Profit - Private,1.0,,,,1,1,0
520034,AURORA MEDICAL CTR MANITOWOC COUNTY,5000 MEMORIAL DRIVE,TWO RIVERS,WI,54241,MANITOWOC,(920) 794-5000,Acute Care Hospitals,Voluntary Non-Profit - Private,1.0,,,,1,1,0
520035,AURORA MEDICAL CENTER SHEBOYGAN COUNTY,2629 N 7TH ST,SHEBOYGAN,WI,53083,SHEBOYGAN,(920) 451-5000,Acute Care Hospitals,Voluntary Non-Profit - Private,1.0,,,,1,1,0
520037,MARSHFIELD MEDICAL CENTER,611 ST JOSEPH AVE,MARSHFIELD,WI,54449,WOOD,(715) 387-9963,Acute Care Hospitals,Voluntary Non-Profit - Church,1.0,,,,1,1,0
520038,AURORA MEDICAL CTR WASHINGTON COUNTY,1032 E SUMNER ST,HARTFORD,WI,53027,WASHINGTON,(262) 673-2300,Acute Care Hospitals,Voluntary Non-Profit - Private,1.0,,,,1,1,0
52003F,MILWAUKEE VA MEDICAL CENTER,5000 W. NATIONAL AVENUE,MILWAUKEE,WI,53295,MILWAUKEE,(414) 384-2000,ACUTE CARE - VETERANS ADMINISTRATION,Government - Federal,1.0,,,,1,1,0
520041,ASPIRUS DIVINE SAVIOR HOSPITAL,2817 NEW PINERY ROAD,PORTAGE,WI,53901,COLUMBIA,(608) 742-4131,Acute Care Hospitals,Voluntary Non-Profit - Private,1.0,,,,1,1,0
520044,ST NICHOLAS HOSPITAL,3100 SUPERIOR AVE,SHEBOYGAN,WI,53081,SHEBOYGAN,(920) 459-8300,Acute Care Hospitals,Voluntary Non-Profit - Private,1.0,,,,1,1,0
520045,THEDACARE REGIONAL MED CTR - NEENAH,130 2ND ST,NEENAH,WI,54956,WINNEBAGO,(920) 729-3100,Acute Care Hospitals,Voluntary Non-Profit - Private,1.0,,,,1,1,0
520048,MERCY MED CTR OF OSHKOSH,500 S OAKWOOD RD,OSHKOSH,WI,54904,WINNEBAGO,9202232000,Acute Care Hospitals,Voluntary Non-Profit - Church,1.0,,,,1,0,0
520049,BELLIN MEMORIAL HOSPITAL,744 S WEBSTER AVE,GREEN BAY,WI,54301,BROWN,(920) 433-3500,Acute Care Hospitals,Voluntary Non-Profit - Private,1.0,,,,1,1,0
52004F,MADISON VA MEDICAL CENTER,2500 OVERLOOK TERRACE,MADISON,WI,53705,DANE,(608) 256-1901,ACUTE CARE - VETERANS ADMINISTRATION,Government - Federal,1.0,,,,1,1,0
520051,ASCENSION COLUMBIA ST MARYS HOSPITAL MILWAUKEE,2323 N LAKE DR,MILWAUKEE,WI,53211,MILWAUKEE,(414) 585-1374,Acute Care Hospitals,Voluntary Non-Profit - Church,1.0,,,,1,1,0
520057,SSM HEALTH ST CLARE HOSPITAL - BARABOO,707 14TH ST,BARABOO,WI,53913,SAUK,(608) 356-1400,Acute Care Hospitals,Voluntary Non-Profit - Private,1.0,,,,1,1,0
520059,AURORA MEMORIAL HOSPITAL BURLINGTON,252 MCHENRY ST,BURLINGTON,WI,53105,RACINE,(262) 767-6545,Acute Care Hospitals,Voluntary Non-Profit - Private,1.0,,,,1,1,0
520062,OCONOMOWOC MEMORIAL HOSPITAL,791 E SUMMIT AVE,OCONOMOWOC,WI,53066,WAUKESHA,(262) 569-9400,Acute Care Hospitals,Voluntary Non-Profit - Other,1.0,,,,1,1,0
520063,ST JOSEPHS COMMUNITY HOSPITAL WEST BEND,3200 PLEASANT VALLEY ROAD,WEST BEND,WI,53095,WASHINGTON,(262) 334-5533,Acute Care Hospitals,Voluntary Non-Profit - Private,1.0,,,,1,1,0
520066,MERCY HEALTH SYSTEM CORP,1000 MINERAL POINT AVE,JANESVILLE,WI,53547,ROCK,(608) 756-6161,Acute Care Hospitals,Voluntary Non-Profit - Private,1.0,,,,1,1,0
520070,MAYO CLINIC HEALTH SYSTEM EAU CLAIRE HOSPITAL,1221 WHIPPLE ST,EAU CLAIRE,WI,54703,EAU CLAIRE,(715) 838-3311,Acute Care Hospitals,Voluntary Non-Profit - Private,1.0,,,,1,1,0
520071,FORT MEMORIAL HOSPITAL,611 SHERMAN AVE E,FORT ATKINSON,WI,53538,JEFFERSON,(920) 568-5000,Acute Care Hospitals,Voluntary Non-Profit - Private,1.0,,,,1,1,0
520075,ST VINCENT HOSPITAL,835 S VAN BUREN ST,GREEN BAY,WI,54301,BROWN,(920) 433-0111,Acute Care Hospitals,Voluntary Non-Profit - Church,1.0,,,,1,1,0
520076,MARSHFIELD MEDICAL CENTER - BEAVER DAM (MMC-BD),707 S UNIVERSITY AVE,BEAVER DAM,WI,53916,DODGE,(920) 887-7181,Acute Care Hospitals,Voluntary Non-Profit - Private,1.0,,,,1,1,0
520078,ASCENSION ST FRANCIS HOSPITAL,3237 S 16TH ST,MILWAUKEE,WI,53215,MILWAUKEE,(414) 647-5000,Acute Care Hospitals,Voluntary Non-Profit - Church,1.0,,,,1,1,0
520083,SSM HEALTH ST MARY'S HOSPITAL - MADISON,700 SOUTH PARK ST,MADISON,WI,53715,DANE,(608) 251-6100,Acute Care Hospitals,Voluntary Non-Profit - Other,1.0,,,,1,1,0
520087,GUNDERSEN LUTHERAN MEDICAL CENTER,1910 SOUTH AVE,LA CROSSE,WI,54601,LA CROSSE,(608) 782-7300,Acute Care Hospitals,Voluntary Non-Profit - Private,1.0,,,,1,1,0
520088,SSM HEALTH ST AGNES HOSPITAL-FOND DU LAC,430 E DIVISION ST,FOND DU LAC,WI,54935,FOND DU LAC,(920) 929-2300,Acute Care Hospitals,Voluntary Non-Profit - Private,1.0,,,,1,1,0
520089,UNITYPOINT HEALTH - MERITER,202 S PARK ST,MADISON,WI,53715,DANE,(608) 417-6210,Acute Care Hospitals,Voluntary Non-Profit - Private,1.0,,,,1,1,0
520091,HOWARD YOUNG MEDICAL CENTER,240 MAPLE ST,WOODRUFF,WI,54568,VILAS,(715) 356-8000,Acute Care Hospitals,Voluntary Non-Profit - Church,1.0,,,,1,1,0
520095,SAUK PRAIRIE HOSPITAL,260 26TH STREET,PRAIRIE DU SAC,WI,53578,SAUK,(608) 643-3311,Acute Care Hospitals,Voluntary Non-Profit - Private,1.0,,,,1,1,0
520096,ASCENSION ALL SAINTS HOSPITAL,3801 SPRING ST,RACINE,WI,53405,RACINE,(262) 687-4011,Acute Care Hospitals,Voluntary Non-Profit - Church,1.0,,,,1,1,0
520097,ST MARYS HOSPITAL MEDICAL CTR,1726 SHAWANO AVE,GREEN BAY,WI,54303,BROWN,(920) 498-4200,Acute Care Hospitals,Voluntary Non-Profit - Other,1.0,,,,1,1,0
520098,UNIVERSITY OF WI  HOSPITALS & CLINICS AUTHORITY,600 HIGHLAND AVENUE,MADISON,WI,53792,DANE,(608) 263-6400,Acute Care Hospitals,Government - Hospital District or Authority,1.0,,,,1,1,0
520100,BELOIT HEALTH SYSTEM,1969 W HART RD,BELOIT,WI,53511,ROCK,(608) 364-5011,Acute Care Hospitals,Voluntary Non-Profit - Private,1.0,,,,1,1,0
520102,AURORA LAKELAND MEDICAL CENTER,W3985 COUNTY ROAD NN,ELKHORN,WI,53121,WALWORTH,(262) 741-2000,Acute Care Hospitals,Voluntary Non-Profit - Private,1.0,,,,1,1,0
520103,COMMUNITY MEMORIAL HOSPITAL,W180 N8085 TOWN HALL RD,MENOMONEE FALLS,WI,53051,WAUKESHA,(262) 251-1000,Acute Care Hospitals,Voluntary Non-Profit - Private,1.0,,,,1,1,0
520107,HOLY FAMILY MEMORIAL,2300 WESTERN AVE,MANITOWOC,WI,54221,MANITOWOC,(920) 320-2011,Acute Care Hospitals,Voluntary Non-Profit - Other,1.0,,,,1,1,0
520109,MILE BLUFF MEDICAL CENTER,1050 DIVISION ST,MAUSTON,WI,53948,JUNEAU,(608) 847-6161,Acute Care Hospitals,Proprietary,1.0,,,,1,1,0
520113,AURORA MEDICAL CENTER BAY AREA,3003 UNIVERSITY DR,MARINETTE,WI,54143,MARINETTE,(715) 735-4200,Acute Care Hospitals,Voluntary Non-Profit - Private,1.0,,,,1,1,0
520116,WATERTOWN MEMORIAL HOSPITAL,125 HOSPITAL DRIVE,WATERTOWN,WI,53098,DODGE,(920) 261-4210,Acute Care Hospitals,Voluntary Non-Profit - Private,1.0,,,,1,1,0
520136,ASCENSION SE WISCONSIN HOSPITAL,5000 W CHAMBERS ST,MILWAUKEE,WI,53210,MILWAUKEE,(414) 447-2130,Acute Care Hospitals,Voluntary Non-Profit - Church,1.0,,,,1,1,0
520138,AURORA ST LUKES MEDICAL CENTER,2900 W OKLAHOMA AVE,MILWAUKEE,WI,53215,MILWAUKEE,(414) 649-6000,Acute Care Hospitals,Voluntary Non-Profit - Private,1.0,,,,1,1,0
520139,WEST ALLIS MEMORIAL HOSPITAL,8901 W LINCOLN AVE,WEST ALLIS,WI,53227,MILWAUKEE,(414) 328-6000,Acute Care Hospitals,Voluntary Non-Profit - Private,1.0,,,,1,1,0
520160,THEDACARE REGIONAL MEDICAL CENTER - APPLETON INC,1818 N MEADE ST,APPLETON,WI,54911,OUTAGAMIE,(920) 731-4101,Acute Care Hospitals,Voluntary Non-Profit - Private,1.0,,,,1,1,0
520170,WHEATON FRANCISCAN HEALTHCARE- ELMBROOK MEMORIAL,19333 W NORTH AVE,BROOKFIELD,WI,53045,WAUKESHA,2627852000,Acute Care Hospitals,Voluntary Non-Profit - Church,,,,,1,0,0
520177,FROEDTERT MEMORIAL LUTHERAN HOSPITAL,9200 W WISCONSIN AVE,MILWAUKEE,WI,53226,MILWAUKEE,(414) 805-3000,Acute Care Hospitals,Voluntary Non-Profit - Private,1.0,,,,1,1,0
520189,AURORA MEDICAL CENTER KENOSHA,10400 75TH ST,KENOSHA,WI,53142,KENOSHA,(262) 948-5600,Acute Care Hospitals,Voluntary Non-Profit - Private,1.0,,,,1,1,0
520193,AURORA BAYCARE MEDICAL CTR,2845 GREENBRIER RD,GREEN BAY,WI,54313,BROWN,(920) 288-8000,Acute Care Hospitals,Proprietary,1.0,,,,1,1,0
520194,ORTHOPAEDIC HOSPITAL OF WISCONSIN,475 W RIVER WOODS PKWY,GLENDALE,WI,53212,MILWAUKEE,(414) 961-6803,Acute Care Hospitals,Voluntary Non-Profit - Other,0.0,,,,1,1,0
520195,COLUMBIA CENTER,13125 N PORT WASHINGTON RD,MEQUON,WI,53097,OZAUKEE,2622437408,Acute Care Hospitals,Voluntary Non-Profit - Private,0.0,,,,1,0,0
520196,OAKLEAF SURGICAL HOSPITAL,1000 OAKLEAF WAY,ALTOONA,WI,54720,EAU CLAIRE,(715) 895-9435,Acute Care Hospitals,Proprietary,1.0,,,,1,1,0
520198,AURORA MEDICAL CTR OSHKOSH,855 N WESTHAVEN DRIVE,OSHKOSH,WI,54904,WINNEBAGO,(920) 456-6000,Acute Care Hospitals,Voluntary Non-Profit - Private,1.0,,,,1,1,0
520202,MARSHFIELD MEDICAL CENTER - WESTON,3400 MINISTRY PARKWAY,WESTON,WI,54476,MARATHON,(715) 393-3000,Acute Care Hospitals,Voluntary Non-Profit - Private,1.0,,,,1,1,0
520204,"WHEATON FRANCISCAN HEALTHCARE- FRANKLIN, INC",10101 SOUTH 27TH STREET,FRANKLIN,WI,53132,MILWAUKEE,4143254700,Acute Care Hospitals,Voluntary Non-Profit - Private,1.0,,,,1,0,0
520205,MIDWEST ORTHOPEDIC SPECIALTY HOSPITAL,10101 SOUTH 27TH ST  2ND FLOOR,FRANKLIN,WI,53132,MILWAUKEE,(414) 817-5800,Acute Care Hospitals,Voluntary Non-Profit - Private,0.0,,,,1,1,0
520206,AURORA MEDICAL CENTER - SUMMIT,36500 AURORA DRIVE,SUMMIT,WI,53066,WAUKESHA,(262) 434-1600,Acute Care Hospitals,Voluntary Non-Profit - Private,1.0,,,,1,1,0
520207,AURORA MEDICAL CENTER,975 PORT WASHINGTON ROAD,GRAFTON,WI,53024,OZAUKEE,(262) 329-1000,Acute Care Hospitals,Voluntary Non-Profit - Private,1.0,,,,1,1,0
520208,SSM HEALTH ST MARY'S HOSPITAL - JANESVILLE,3400 EAST RACINE STREET,JANESVILLE,WI,53546,ROCK,(608) 373-8000,,,,,,,0,1,0
520210,MARSHFIELD MEDICAL CENTER - EAU CLAIRE,2310 CRAIG RD,EAU CLAIRE,WI,54701,EAU CLAIRE,(715) 858-8100,,,,,,,0,1,0
520212,MARSHFIELD MEDICAL CENTER - MINOCQUA,9576 HIGHWAY 70,MINOCQUA,WI,54548,ONEIDA,(715) 358-1710,,,,,,,0,1,0
520213,FROEDTERT COMMUNITY HOSPITAL,4805 S MOORLAND RD,NEW BERLIN,WI,53151,WAUKESHA,(262) 796-0001,,,,,,,0,1,0
520214,ASCENSION WISCONSIN HOSP MENOMONEE FALLS CAMPUS,"N88W14275 MAIN STREET, SUITE 100",MENOMONEE FALLS,WI,53051,WAUKESHA,(262) 415-2001,,,,,,,0,1,0
520215,MARSHFIELD MEDICAL CENTER - RIVER REGION,4100 STATE HIGHWAY 66,STEVENS POINT,WI,54482,PORTAGE,(715) 997-6000,,,,,,,0,1,0
521300,ASPIRUS EAGLE RIVER HOSPITAL,201 HOSPITAL ROAD,EAGLE RIVER,WI,54521,VILAS,(715) 479-7411,Critical Access Hospitals,Voluntary Non-Profit - Church,1.0,,,,1,1,0
521302,MAYO CLINIC HEALTH SYSTEM OAKRIDGE,13025 8TH ST,OSSEO,WI,54758,TREMPEALEAU,(715) 597-3121,Critical Access Hospitals,Voluntary Non-Profit - Other,1.0,,,,1,1,0
521303,THEDACARE MEDICAL CENTER - WILD ROSE,601 GROVE AVE,WILD ROSE,WI,54984,WAUSHARA,(920) 622-3257,Critical Access Hospitals,Voluntary Non-Profit - Private,1.0,,,,1,1,0
521304,GUNDERSEN ST JOSEPHS HOSPITAL AND CLINICS,400 WATER AVE,HILLSBORO,WI,54634,VERNON,(608) 489-8000,Critical Access Hospitals,Voluntary Non-Profit - Private,1.0,,,,1,1,0
521305,MAYO CLINIC HLTH SYSTM FRANCISCAN HLTHCARE SPARTA,310 W MAIN ST,SPARTA,WI,54656,MONROE,(608) 269-2132,Critical Access Hospitals,Voluntary Non-Profit - Church,1.0,,,,1,1,0
521307,CHIPPEWA VALLEY HOSPITAL,1220 3RD AVE W,DURAND,WI,54736,PEPIN,(715) 672-4211,Critical Access Hospitals,Voluntary Non-Profit - Church,1.0,,,,1,1,0
521308,AMERY HOSPITAL & CLINIC,265 GRIFFIN STREET EAST,AMERY,WI,54001,POLK,(715) 268-0300,Critical Access Hospitals,Voluntary Non-Profit - Private,1.0,,,,1,1,0
521309,GUNDERSEN MOUNDVIEW HOSPITAL AND CLINICS,402 W LAKE ST,FRIENDSHIP,WI,53934,ADAMS,(608) 339-3331,Critical Access Hospitals,Government - Local,1.0,,,,1,1,0
521310,HSHS ST CLARE MEMORIAL HOSPITAL,855 S MAIN ST,OCONTO FALLS,WI,54154,OCONTO,(920) 846-3444,Critical Access Hospitals,Voluntary Non-Profit - Private,1.0,,,,1,1,0
521311,ASPIRUS STANLEY HOSPITAL,1120 PINE ST,STANLEY,WI,54768,CHIPPEWA,(715) 644-5571,Critical Access Hospitals,Voluntary Non-Profit - Private,1.0,,,,1,1,0
521312,MEMORIAL HOSPITAL OF LAFAYETTE COUNTY,211 BEV ANDERSON DR,DARLINGTON,WI,53530,LAFAYETTE,(608) 776-4466,Critical Access Hospitals,Government - Local,1.0,,,,1,1,0
521313,ASPIRUS TOMAHAWK HOSPITAL,401 W MOHAWK DR  SUITE 100,TOMAHAWK,WI,54487,LINCOLN,(715) 453-7700,Critical Access Hospitals,Voluntary Non-Profit - Church,1.0,,,,1,1,0
521314,MAYO CLINIC HEALTH SYSTEM CHIPPEWA VALLEY,1501 THOMPSON ST,BLOOMER,WI,54724,CHIPPEWA,(715) 568-2000,Critical Access Hospitals,Voluntary Non-Profit - Other,1.0,,,,1,1,0
521315,MAYO CLINIC HEALTH SYSTEM-NORTHLAND,1222 E WOODLAND AVE,BARRON,WI,54812,BARRON,(715) 537-3186,Critical Access Hospitals,Voluntary Non-Profit - Other,1.0,,,,1,1,0
521316,GUNDERSEN TRI-COUNTY HOSPITAL & CLINICS,18601 LINCOLN ST,WHITEHALL,WI,54773,TREMPEALEAU,(715) 538-4361,Critical Access Hospitals,Voluntary Non-Profit - Private,1.0,,,,1,1,0
521317,ASCENSION CALUMET HOSPITAL,614 MEMORIAL DRIVE,CHILTON,WI,53014,CALUMET,(920) 849-2386,Critical Access Hospitals,Voluntary Non-Profit - Private,1.0,,,,1,1,0
521318,LADD MEMORIAL HOSPITAL,2600 65TH AVENUE,OSCEOLA,WI,54020,POLK,(715) 294-2111,Critical Access Hospitals,Voluntary Non-Profit - Private,1.0,,,,1,1,0
521319,EDGERTON HOSPITAL AND HEALTH SERVICES,11101 N SHERMAN ROAD,EDGERTON,WI,53534,ROCK,(608) 884-3441,Critical Access Hospitals,Voluntary Non-Profit - Private,1.0,,,,1,1,0
521320,TOMAH MEMORIAL HOSPITAL,501 GOPHER DR,TOMAH,WI,54660,MONROE,(608) 372-2181,Critical Access Hospitals,Voluntary Non-Profit - Private,1.0,,,,1,1,0
521321,RIPON MEDICAL CENTER,845 PARKSIDE ST,RIPON,WI,54971,FOND DU LAC,(920) 748-3101,Critical Access Hospitals,Voluntary Non-Profit - Private,1.0,,,,1,1,0
521322,GRANT REGIONAL HEALTH CENTER,507 S MONROE ST,LANCASTER,WI,53813,GRANT,(608) 723-2143,Critical Access Hospitals,Voluntary Non-Profit - Private,1.0,,,,1,1,0
521323,MARSHFIELD MEDICAL CENTER - NEILLSVILLE,216 SUNSET PLACE,NEILLSVILLE,WI,54456,CLARK,(715) 743-3101,Critical Access Hospitals,Voluntary Non-Profit - Other,1.0,,,,1,1,0
521324,"ASPIRUS MEDFORD HOSPITAL & CLINICS, INC",135 S GIBSON ST,MEDFORD,WI,54451,TAYLOR,(715) 748-8100,Critical Access Hospitals,Voluntary Non-Profit - Other,1.0,,,,1,1,0
521325,FLAMBEAU HOSPITAL,98 SHERRY AVE,PARK FALLS,WI,54552,PRICE,(715) 762-7500,Critical Access Hospitals,Voluntary Non-Profit - Private,1.0,,,,1,1,0
521326,THEDACARE MEDICAL CENTER - NEW LONDON,1405 MILL ST,NEW LONDON,WI,54961,WAUPACA,(920) 531-2000,Critical Access Hospitals,Voluntary Non-Profit - Private,1.0,,,,1,1,0
521327,WAUPUN MEMORIAL HOSPITAL,620 W BROWN ST,WAUPUN,WI,53963,FOND DU LAC,(920) 324-6512,Critical Access Hospitals,Voluntary Non-Profit - Church,1.0,,,,1,1,0
521328,MARSHFIELD MEDICAL CENTER - LADYSMITH,900 COLLEGE AVE WEST,LADYSMITH,WI,54848,RUSK,(715) 532-5561,Critical Access Hospitals,Voluntary Non-Profit - Other,1.0,,,,1,1,0
521329,ST MARYS HOSPITAL SUPERIOR,3500 TOWER AVE,SUPERIOR,WI,54880,DOUGLAS,(715) 817-7000,Critical Access Hospitals,Voluntary Non-Profit - Private,1.0,,,,1,1,0
521330,CROSSING RIVERS HEALTH MEDICAL CENTER,37868 US HWY 18,PRAIRIE DU CHIEN,WI,53821,CRAWFORD,(608) 357-2000,Critical Access Hospitals,Voluntary Non-Profit - Private,1.0,,,,1,1,0
521331,BURNETT MEDICAL CENTER,257 W ST GEORGE AVE,GRANTSBURG,WI,54840,BURNETT,(715) 463-5353,Critical Access Hospitals,Voluntary Non-Profit - Private,1.0,,,,1,1,0
521332,SPOONER HEALTH SYSTEM,1280 CHANDLER DR,SPOONER,WI,54801,WASHBURN,(715) 635-2111,Critical Access Hospitals,Voluntary Non-Profit - Private,1.0,,,,1,1,0
521333,BLACK RIVER MEMORIAL HOSPITAL,711 W ADAMS ST,BLACK RIVER FALLS,WI,54615,JACKSON,(715) 284-5361,Critical Access Hospitals,Voluntary Non-Profit - Private,1.0,,,,1,1,0
521334,THEDACARE MEDICAL CENTER-WAUPACA,800 RIVERSIDE DR,WAUPACA,WI,54981,WAUPACA,(715) 258-1000,Critical Access Hospitals,Voluntary Non-Profit - Private,1.0,,,,1,1,0
521335,HUDSON HOSPITAL,405 STAGELINE RD,HUDSON,WI,54016,ST. CROIX,(715) 531-6000,Critical Access Hospitals,Voluntary Non-Profit - Other,1.0,,,,1,1,0
521336,TAMARACK HEALTH HAYWARD MEDICAL CENTER,11040 N STATE RD 77,HAYWARD,WI,54843,SAWYER,(715) 934-4321,Critical Access Hospitals,Voluntary Non-Profit - Private,1.0,,,,1,1,0
521337,ST CROIX REGIONAL MEDICAL CENTER,235 E STATE STREET,SAINT CROIX FALLS,WI,54024,POLK,(715) 483-0247,Critical Access Hospitals,Voluntary Non-Profit - Private,1.0,,,,1,1,0
521338,COLUMBUS COMMUNITY HOSPITAL,1515 PARK AVE,COLUMBUS,WI,53925,COLUMBIA,(920) 623-2200,Critical Access Hospitals,Voluntary Non-Profit - Private,1.0,,,,1,1,0
521339,ASPIRUS MERRILL HOSPITAL,601 S CENTER AVE,MERRILL,WI,54452,LINCOLN,(715) 536-5511,Critical Access Hospitals,Voluntary Non-Profit - Church,1.0,,,,1,1,0
521340,MAYO CLINIC HEALTH SYSTEM-RED CEDAR INC,2321 STOUT RD,MENOMONIE,WI,54751,DUNN,(715) 235-5531,Critical Access Hospitals,Voluntary Non-Profit - Private,1.0,,,,1,1,0
521341,RICHLAND HOSPITAL,333 E SECOND ST,RICHLAND CENTER,WI,53581,RICHLAND,(608) 647-6321,Critical Access Hospitals,Voluntary Non-Profit - Private,1.0,,,,1,1,0
521342,INDIANHEAD MEDICAL CTR,"113 4TH AVE, P O BOX 300",SHELL LAKE,WI,54871,WASHBURN,(715) 468-7833,Critical Access Hospitals,Proprietary,1.0,,,,1,1,0
521343,STOUGHTON HOSPITAL,900 RIDGE STREET,STOUGHTON,WI,53589,DANE,(608) 873-6611,Critical Access Hospitals,Voluntary Non-Profit - Private,1.0,,,,1,1,0
521344,GUNDERSEN BOSCOBEL AREA HOSPITAL AND CLINICS,205 PARKER ST,BOSCOBEL,WI,53805,GRANT,(608) 375-4112,Critical Access Hospitals,Voluntary Non-Profit - Private,1.0,,,,1,1,0
521345,WESTFIELDS HOSPITAL AND CLINIC,535 HOSPITAL RD,NEW RICHMOND,WI,54017,ST. CROIX,(715) 246-2101,Critical Access Hospitals,Voluntary Non-Profit - Private,1.0,,,,1,1,0
521346,THEDACARE MEDICAL CENTER - SHAWANO,100 COUNTY RD B,SHAWANO,WI,54166,SHAWANO,(715) 526-2111,Critical Access Hospitals,Voluntary Non-Profit - Private,1.0,,,,1,1,0
521347,WESTERN WISCONSIN HEALTH,730 10TH AVE,BALDWIN,WI,54002,ST. CROIX,(715) 684-1111,Critical Access Hospitals,Voluntary Non-Profit - Private,1.0,,,,1,1,0
521348,VERNON MEMORIAL HOSPITAL,507 SOUTH MAIN ST,VIROQUA,WI,54665,VERNON,(608) 637-2101,Critical Access Hospitals,Voluntary Non-Profit - Private,1.0,,,,1,1,0
521349,RIVER FALLS AREA HOSPITAL,1629 E DIVISION ST,RIVER FALLS,WI,54022,PIERCE,(715) 307-6000,Critical Access Hospitals,Voluntary Non-Profit - Private,1.0,,,,1,1,0
521350,LANGLADE HOSPITAL,112 E FIFTH AVE,ANTIGO,WI,54409,LANGLADE,(715) 623-2331,Critical Access Hospitals,Voluntary Non-Profit - Church,1.0,,,,1,1,0
521351,REEDSBURG AREA MEDICAL CENTER,2000 N DEWEY AVE,REEDSBURG,WI,53959,SAUK,(608) 524-6487,Critical Access Hospitals,Voluntary Non-Profit - Private,1.0,,,,1,1,0
521352,UPLAND HILLS HEALTH,800 COMPASSION WAY,DODGEVILLE,WI,53533,IOWA,(608) 930-8000,Critical Access Hospitals,Voluntary Non-Profit - Private,1.0,,,,1,1,0
521353,CUMBERLAND MEMORIAL HOSPITAL,1705 16TH AVE,CUMBERLAND,WI,54829,BARRON,(715) 822-7200,Critical Access Hospitals,Voluntary Non-Profit - Other,1.0,,,,1,1,0
521354,SOUTHWEST HEALTH CENTER,1400 EAST SIDE RD,PLATTEVILLE,WI,53818,GRANT,(608) 348-2331,Critical Access Hospitals,Voluntary Non-Profit - Other,1.0,,,,1,1,0
521355,THEDACARE MEDICAL CENTER - BERLIN INC,225 MEMORIAL DRIVE,BERLIN,WI,54923,GREEN LAKE,(920) 361-1313,Critical Access Hospitals,Voluntary Non-Profit - Private,1.0,,,,1,1,0
521356,BELLIN HEALTH OCONTO HOSPITAL,820 ARBUTUS AVE,OCONTO,WI,54153,OCONTO,(920) 835-1101,Critical Access Hospitals,Voluntary Non-Profit - Private,1.0,,,,1,1,0
521357,MERCY WALWORTH HOSPITAL & MEDICAL CENTER,N2950 STATE ROAD 67,LAKE GENEVA,WI,53147,WALWORTH,(262) 245-0535,Critical Access Hospitals,Voluntary Non-Profit - Private,1.0,,,,1,1,0
521358,DOOR COUNTY MEDICAL CENTER,323 SOUTH 18TH AVENUE,STURGEON BAY,WI,54235,DOOR,(920) 743-5566,Critical Access Hospitals,Voluntary Non-Profit - Church,1.0,,,,1,1,0
521359,TAMARACK HEALTH ASHLAND MEDICAL CENTER,1615 MAPLE LANE,ASHLAND,WI,54806,ASHLAND,(715) 685-5500,Critical Access Hospitals,Voluntary Non-Profit - Private,1.0,,,,1,1,0
523300,CHILDRENS HOSPITAL OF WISCONSIN,9000 W WISCONSIN AVE,MILWAUKEE,WI,53226,MILWAUKEE,(414) 266-3954,,,,,,,0,1,0
523302,CHILDRENS HOSPITAL OF WISCONSIN FOX VALLEY,130 SECOND ST,NEENAH,WI,54956,WINNEBAGO,(920) 969-7900,,,,,,,0,1,0
530002,CAMPBELL COUNTY HEALTH,501 SOUTH BURMA AVENUE,GILLETTE,WY,82716,CAMPBELL,(307) 688-1000,Acute Care Hospitals,Government - Hospital District or Authority,1.0,,,,1,1,0
530006,SHERIDAN MEMORIAL HOSPITAL,1401 W 5TH ST,SHERIDAN,WY,82801,SHERIDAN,(307) 672-1044,Acute Care Hospitals,Voluntary Non-Profit - Other,1.0,,,,1,1,0
530008,SAGEWEST HEALTH CARE,2100 W SUNSET DR,RIVERTON,WY,82501,FREMONT,(307) 856-4161,Acute Care Hospitals,Proprietary,1.0,,,,1,1,0
530010,LANDER REGIONAL HOSPITAL,1320 BISHOP RANDALL DR,LANDER,WY,82520,FREMONT,3073324420,Acute Care Hospitals,Voluntary Non-Profit - Private,1.0,,,,1,0,0
530011,MEMORIAL HOSPITAL SWEETWATER COUNTY,1200 COLLEGE DRIVE,ROCK SPRINGS,WY,82901,SWEETWATER,3073623711,Acute Care Hospitals,Government - Local,1.0,,,,1,0,0
530012,BANNER WYOMING MEDICAL CENTER,1233 EAST 2ND ST,CASPER,WY,82601,NATRONA,(307) 577-7201,Acute Care Hospitals,Government - Hospital District or Authority,1.0,,,,1,1,0
530014,CHEYENNE REGIONAL MEDICAL CENTER,214 EAST 23RD STREET,CHEYENNE,WY,82001,LARAMIE,(307) 633-2273,Acute Care Hospitals,Voluntary Non-Profit - Other,1.0,,,,1,1,0
530015,ST JOHNS MEDICAL CENTER,po box 428,JACKSON,WY,83001,TETON,(307) 733-3636,Acute Care Hospitals,Government - Hospital District or Authority,1.0,,,,1,1,0
530025,IVINSON MEMORIAL HOSPITAL,255 N 30TH,LARAMIE,WY,82072,ALBANY,(307) 755-4600,Acute Care Hospitals,Government - Hospital District or Authority,1.0,,,,1,1,0
530032,EVANSTON REGIONAL HOSPITAL,190 ARROWHEAD DR,EVANSTON,WY,82930,UINTA,3077893636,Acute Care Hospitals,Proprietary,1.0,,,,1,0,0
530033,MOUNTAIN VIEW REGIONAL HOSPITAL,6550 EAST 2ND STREET,CASPER,WY,82605,NATRONA,3079958100,Acute Care Hospitals,Voluntary Non-Profit - Private,1.0,,,,1,0,0
530034,SUMMIT MEDICAL CENTER,6350 E 2ND STREET,CASPER,WY,82609,NATRONA,(307) 232-6600,,,,,,,0,1,0
53004F,CHEYENNE VA MEDICAL CENTER,2360 E. PERSHING BLVD.,CHEYENNE,WY,82001,LARAMIE,(307) 778-7300,ACUTE CARE - VETERANS ADMINISTRATION,Government - Federal,1.0,,,,1,1,0
53005F,SHERIDAN VA MEDICAL CENTER,1898 FORT ROAD,SHERIDAN,WY,82801,SHERIDAN,(307) 672-1675,ACUTE CARE - VETERANS ADMINISTRATION,Government - Federal,1.0,,,,1,1,0
531301,SOUTH BIG HORN COUNTY HOSPITAL,388 US HIGHWAY 20 SOUTH,BASIN,WY,82410,BIG HORN,(307) 568-3311,Critical Access Hospitals,Government - Hospital District or Authority,1.0,,,,1,1,0
531302,MEMORIAL HOSPITAL OF CONVERSE COUNTY,111 SOUTH 5TH STREET,DOUGLAS,WY,82633,CONVERSE,(307) 358-2122,Critical Access Hospitals,Voluntary Non-Profit - Other,1.0,,,,1,1,0
531303,WESTON COUNTY HEALTH SERVICES,1124 WASHINGTON BOULEVARD,NEWCASTLE,WY,82701,WESTON,(307) 746-4491,Critical Access Hospitals,Government - Hospital District or Authority,1.0,,,,1,1,0
531304,HOT SPRINGS COUNTY MEMORIAL HOSPITAL,150 EAST ARAPAHOE,THERMOPOLIS,WY,82443,HOT SPRINGS,(307) 864-3121,Critical Access Hospitals,Government - Local,1.0,,,,1,1,0
531305,PLATTE COUNTY HOSPITAL,201 14TH STREET,WHEATLAND,WY,82201,PLATTE,(307) 322-3636,Critical Access Hospitals,Voluntary Non-Profit - Other,1.0,,,,1,1,0
531306,WASHAKIE MEDICAL CENTER,400 SOUTH 15TH STREET,WORLAND,WY,82401,WASHAKIE,(307) 347-3221,Critical Access Hospitals,Voluntary Non-Profit - Other,1.0,,,,1,1,0
531307,COMMUNITY HOSPITAL,2000 CAMPBELL DRIVE,TORRINGTON,WY,82240,GOSHEN,(307) 532-4181,Critical Access Hospitals,Voluntary Non-Profit - Private,1.0,,,,1,1,0
531308,JOHNSON COUNTY HEALTHCARE CENTER,497 WEST LOTT,BUFFALO,WY,82834,JOHNSON,(307) 684-5521,Critical Access Hospitals,Government - Local,1.0,,,,1,1,0
531309,NORTH BIG HORN HOSPITAL DISTRICT,1115 LANE 12,LOVELL,WY,82431,BIG HORN,(307) 548-5200,Critical Access Hospitals,Government - Hospital District or Authority,1.0,,,,1,1,0
531310,POWELL VALLEY HOSPITAL,777 AVENUE H,POWELL,WY,82435,PARK,(307) 754-1107,Critical Access Hospitals,Government - Hospital District or Authority,1.0,,,,1,1,0
531311,CROOK COUNTY HOSPITAL,713 OAK STREET,SUNDANCE,WY,82729,CROOK,(307) 283-3501,Critical Access Hospitals,Government - Hospital District or Authority,1.0,,,,1,1,0
531312,CODY REGIONAL HEALTH,707 SHERIDAN AVENUE,CODY,WY,82414,PARK,(307) 572-7501,Critical Access Hospitals,Government - Hospital District or Authority,1.0,,,,1,1,0
531313,STAR VALLEY MEDICAL CENTER,901 ADAMS STREET,AFTON,WY,83110,LINCOLN,(307) 885-5800,Critical Access Hospitals,Government - Hospital District or Authority,1.0,,,,1,1,0
531314,NIOBRARA COUNTY HOSPITAL DISTRICT,921 SOUTH BALLANCEE AVENUE,LUSK,WY,82225,NIOBRARA,(307) 334-4000,Critical Access Hospitals,Government - Hospital District or Authority,1.0,,,,1,1,0
531315,SOUTH LINCOLN MEDICAL CENTER - CAH,711 ONYX STREET,KEMMERER,WY,83101,LINCOLN,(307) 877-4401,Critical Access Hospitals,Government - Hospital District or Authority,1.0,,,,1,1,0
531316,MEMORIAL HOSPITAL OF CARBON COUNTY,2221 WEST ELM STREET,RAWLINS,WY,82301,CARBON,(307) 324-2221,Critical Access Hospitals,Government - Local,1.0,,,,1,1,0
531317,NORTH PLATTE VALLEY MEDICAL CENTER,1300 WEST BRIDGE AVE,SARATOGA,WY,82331,CARBON,(307) 326-3169,,,,,,,0,1,0
531318,MEMORIAL HOSPITAL SWEETWATER COUNTY,1200 COLLEGE DRIVE,ROCK SPRINGS,WY,82901,SWEETWATER,(307) 362-3711,,,,,,,0,1,0
531319,EVANSTON REGIONAL HOSPITAL,190 ARROWHEAD DR,EVANSTON,WY,82930,UINTA,(307) 789-3636,,,,,,,0,1,0
640001,LBJ TROPICAL MEDICAL CENTER,"FAGAALU VILLAGE, P O BOX LBJ",PAGO PAGO,AS,96799,EASTERN DISTRICT,(684) 633-4590,Acute Care Hospitals,Government - Hospital District or Authority,1.0,,,,1,1,0
650001,GUAM MEMORIAL  HOSPITAL AUTHORITY,85O GOV CARLOS G CAMACHO ROAD,TAMUNING,GU,96913,GUAM,(671) 647-2552,Acute Care Hospitals,Government - Local,1.0,,,,1,1,0
650003,GUAM REGIONAL MEDICAL CITY,133 ROUTE 3,DEDEDO,GU,96929,GUAM,(671) 645-5500,,,,,,,0,1,0
660001,COMMONWEALTH HEALTH CENTER,1 LOWER NAVY HILL ROAD (PO BOX 409CK),GARAPAN,MP,96950,SAIPAN,(670) 234-8950,Acute Care Hospitals,Proprietary,1.0,,,,1,1,0
670002,SOUTH HAMPTON COMMUNITY HOSPITAL,2929  SOUTH HAMPTON ROAD,DALLAS,TX,75224,DALLAS,2146234400,Acute Care Hospitals,Proprietary,1.0,,,,1,0,0
670004,ST MARKS MEDICAL CENTER,ONE ST MARK'S PLACE,LA GRANGE,TX,78945,FAYETTE,9792422200,Acute Care Hospitals,Voluntary Non-Profit - Other,1.0,,,,1,0,0
670005,MEMORIAL HERMANN SURGICAL HOSPITAL KINGWOOD,300 KINGWOOD MEDICAL DRIVE,KINGWOOD,TX,77339,HARRIS,(281) 312-4000,Acute Care Hospitals,Proprietary,0.0,,,,1,1,0
670006,THE HOSPITAL AT WESTLAKE MEDICAL CENTER,"5656 BEE CAVES ROAD, SUITE M-302",AUSTIN,TX,78746,TRAVIS,(512) 327-0000,Acute Care Hospitals,Proprietary,1.0,,,,1,1,0
670008,MEMORIAL HERMANN HOUSTON PHYSICIANS HOSPITAL,"333 N TEXAS AVENUE, SUITE 1000",WEBSTER,TX,77598,HARRIS,(281) 335-1700,Acute Care Hospitals,Voluntary Non-Profit - Private,1.0,,,,1,1,0
670010,MAYHILL HOSPITAL,2809 SOUTH MAYHILL ROAD,DENTON,TX,76208,DENTON,(940) 239-3000,Acute Care Hospitals,Proprietary,0.0,,,,1,1,0
670012,FOUNDATION SURGICAL HOSPITAL,5410 WEST LOOP SOUTH,BELLAIRE,TX,77401,HARRIS,7136222262,Acute Care Hospitals,Proprietary,1.0,,,,1,0,0
670018,DOCTORS DIAGNOSTIC HOSPITAL,1017 SOUTH TRAVIS,CLEVELAND,TX,77328,LIBERTY,2816222900,Acute Care Hospitals,Proprietary,1.0,,,,1,0,0
670019,UNIVERSITY GENERAL HOSPITAL,7501 FANNIN,HOUSTON,TX,77054,HARRIS,7136523800,Acute Care Hospitals,Proprietary,1.0,,,,1,0,0
670023,METHODIST MANSFIELD MEDICAL CENTER,2700 E BROAD STREET,MANSFIELD,TX,76063,TARRANT,(682) 622-2059,Acute Care Hospitals,Voluntary Non-Profit - Private,1.0,,,,1,1,0
670024,NORTH CYPRESS MEDICAL CENTER,21214 NORTHWEST FREEWAY,CYPRESS,TX,77429,HARRIS,2818900203,Acute Care Hospitals,Proprietary,1.0,,,,1,0,0
670025,BAYLOR SCOTT & WHITE THE HEART HOSPITAL PLANO,1100 ALLIED DRIVE,PLANO,TX,75093,COLLIN,(469) 814-3278,Acute Care Hospitals,Proprietary,1.0,,,,1,1,0
670029,FIRST STREET HOSPITAL LP,4801 BISSONNET BLVD,BELLAIRE,TX,77401,HARRIS,7137137133,Acute Care Hospitals,Proprietary,1.0,,,,1,0,0
670031,ST LUKE'S PATIENTS MEDICAL CENTER,4600 EAST SAM HOUSTON PARKWAY SOUTH,PASADENA,TX,77505,HARRIS,(281) 487-0700,Acute Care Hospitals,Proprietary,1.0,,,,1,1,0
670034,BAYLOR SCOTT & WHITE MEDICAL CENTER - ROUND ROCK,300 UNIVERSITY BLVD,ROUND ROCK,TX,78664,WILLIAMSON,(512) 509-0401,Acute Care Hospitals,Voluntary Non-Profit - Private,1.0,,,,1,1,0
670041,ASCENSION SETON WILLIAMSON,201 SETON PARKWAY,ROUND ROCK,TX,78664,WILLIAMSON,(512) 324-0000,Acute Care Hospitals,Voluntary Non-Profit - Church,1.0,,,,1,1,0
670043,CEDAR PARK REGIONAL MEDICAL CENTER,1401 MEDICAL PARKWAY,CEDAR PARK,TX,78613,WILLIAMSON,(512) 528-7000,Acute Care Hospitals,Voluntary Non-Profit - Other,1.0,,,,1,1,0
670044,TEXAS HEALTH PRESBYTERIAN HOSPITAL ROCKWALL,3150 HORIZON ROAD,ROCKWALL,TX,75032,ROCKWALL,(469) 698-1000,Acute Care Hospitals,Proprietary,1.0,,,,1,1,0
670046,USMD HOSPITAL  AT FORT WORTH LP,5900 DIRKS ROAD,FORT WORTH,TX,76132,TARRANT,8174339100,Acute Care Hospitals,Proprietary,1.0,,,,1,0,0
670047,THE HOSPITALS OF PROVIDENCE - EAST CAMPUS,3280 JOE BATTLE BLVD,EL PASO,TX,79938,EL PASO,(915) 856-7349,Acute Care Hospitals,Proprietary,1.0,,,,1,1,0
670049,NORTH CENTRAL SURGICAL CENTER LLP,9301 NORTH CENTRAL EXPRESSWAY SUITE 100,DALLAS,TX,75231,DALLAS,(214) 265-2810,Acute Care Hospitals,Voluntary Non-Profit - Other,1.0,,,,1,1,0
670050,TRUSTPOINT HOSPITAL,4302 PRINCETON,LUBBOCK,TX,79415,LUBBOCK,8067492222,Acute Care Hospitals,Government - Federal,1.0,,,,1,0,0
670052,DOCTORS HOSPITAL,1901 DOCTORS HOSPITAL DRIVE,BRIDGEPORT,TX,76426,WISE,9406835423,Acute Care Hospitals,Voluntary Non-Profit - Private,1.0,,,,1,0,0
670053,ST LUKE'S SUGAR LAND HOSPITAL,1317 LAKE POINTE PARKWAY,SUGAR LAND,TX,77478,FORT BEND,(281) 637-7000,Acute Care Hospitals,Voluntary Non-Profit - Other,1.0,,,,1,1,0
670054,FOUNDATION SURGICAL HOSPITAL OF SAN ANTONIO,9522 HUEBNER ROAD,SAN ANTONIO,TX,78240,BEXAR,(210) 478-5400,Acute Care Hospitals,Proprietary,1.0,,,,1,1,0
670055,METHODIST HOSPITAL  STONE OAK,"1139 E SONTERRA BLVD,",SAN ANTONIO,TX,78258,BEXAR,(210) 638-2101,Acute Care Hospitals,Proprietary,1.0,,,,1,1,0
670056,ASCENSION  SETON HAYS,6001 KYLE PKWY,KYLE,TX,78640,HAYS,(512) 324-5000,Acute Care Hospitals,Voluntary Non-Profit - Church,1.0,,,,1,1,0
670057,FOREST PARK MEDICAL CENTER,11990 NORTH CENTRAL EXPRESSWAY,DALLAS,TX,75243,DALLAS,9722341900,Acute Care Hospitals,Proprietary,1.0,,,,1,0,0
670058,EMERUS HOSPITAL,16000 SOUTHWEST FREEWAY,SUGAR LAND,TX,77479,FORT BEND,2815160911,Acute Care Hospitals,Proprietary,1.0,,,,1,0,0
670059,CHI ST LUKES LAKESIDE HOSPITAL,17400 ST LUKES WAY,THE WOODLANDS,TX,77384,MONTGOMERY,(936) 266-4055,Acute Care Hospitals,Voluntary Non-Profit - Other,1.0,,,,1,1,0
670060,BAYLOR SCOTT AND WHITE MEDICAL CENTER SUNNYVALE,231 SOUTH COLLINS ROAD,SUNNYVALE,TX,75182,DALLAS,(972) 892-3000,Acute Care Hospitals,Proprietary,1.0,,,,1,1,0
670061,SOUTH TEXAS SURGICAL HOSPITAL,6130 PARKWAY DRIVE,CORPUS CHRISTI,TX,78414,NUECES,3619932000,Acute Care Hospitals,Proprietary,1.0,,,,1,0,0
670062,BAYLOR EMERGENCY MEDICAL CENTER AT AUBREY,26791 HIGHWAY 380,AUBREY,TX,76227,DENTON,(972) 347-2525,,,,,,,0,1,0
670063,THE HOSPITAL AT CRAIG RANCH,6045 ALMA ROAD SUITE 100,MC KINNEY,TX,75070,COLLIN,4698548000,Acute Care Hospitals,Proprietary,1.0,,,,1,0,0
670064,ALLEGIANCE  HOSPTIAL OF MIDLAND-PERMIAN BASIN,207 TRADEWINDS BLVD,MIDLAND,TX,79706,MIDLAND,4325202333,Acute Care Hospitals,Proprietary,0.0,,,,1,0,0
670066,"BASIN HEALTHCARE CENTER, LLC",900 EAST 4TH STREET,ODESSA,TX,79761,ECTOR,4324259510,Acute Care Hospitals,Proprietary,1.0,,,,1,0,0
670067,BAYLOR SCOTT AND WHITE ORTHOPEDIC AND SPINE HOSPI,707 HIGHLANDER BLVD,ARLINGTON,TX,76015,TARRANT,(817) 583-7100,Acute Care Hospitals,Proprietary,1.0,,,,1,1,0
670068,TEXAS HEALTH PRESBYTERIAN HOSPITAL FLOWER MOUND,4400 LONG PRAIRIE ROAD,FLOWER MOUND,TX,75028,DENTON,(972) 419-1530,Acute Care Hospitals,Proprietary,1.0,,,,1,1,0
670069,METHODIST MCKINNEY HOSPITAL,8000 W ELDORADO PKWY BLDG C SUITE C,MCKINNEY,TX,75070,COLLIN,(214) 491-5710,Acute Care Hospitals,Proprietary,1.0,,,,1,1,0
670071,TEXAS HEALTH HEART & VASCULAR HOSPITAL ARLINGTON,811 WRIGHT STREET,ARLINGTON,TX,76012,TARRANT,(817) 960-3500,Acute Care Hospitals,Proprietary,0.0,,,,1,1,0
670072,"WESTBURY COMMUNITY HOSPITAL, LLC",5556 GASMER,HOUSTON,TX,77035,HARRIS,7134222650,Acute Care Hospitals,Proprietary,1.0,,,,1,0,0
670073,METHODIST HOSPITAL FOR SURGERY,17101 DALLAS PARKWAY,ADDISON,TX,75001,DALLAS,(469) 248-3900,Acute Care Hospitals,Proprietary,1.0,,,,1,1,0
670075,ST LUKE'S HOSPITAL AT THE VINTAGE,20171 CHASEWOOD PARK DRIVE,HOUSTON,TX,77070,HARRIS,(832) 534-5000,Acute Care Hospitals,Proprietary,1.0,,,,1,1,0
670076,BAYLOR SCOTT AND WHITE SURGICAL HOSPITAL AT SHERMA,3601 CALAIS DRIVE,SHERMAN,TX,75090,GRAYSON,(903) 813-3728,Acute Care Hospitals,Proprietary,1.0,,,,1,1,0
670077,HOUSTON METHODIST WEST HOSPITAL,18500 KATY FREEWAY,HOUSTON,TX,77094,HARRIS,(832) 522-1000,Acute Care Hospitals,Voluntary Non-Profit - Private,1.0,,,,1,1,0
670078,BAPTIST NEIGHBORHOOD HOSPITAL THOUSAND OAKS,16088 SAN PEDRO,SAN ANTONIO,TX,78232,BEXAR,(210) 402-4092,,,,,,,0,1,0
670080,SETON MEDICAL CENTER HARKER HEIGHTS,850 W CENTRAL TEXAS EXPRESSWAY,HARKER HEIGHTS,TX,76548,BELL,(254) 690-0900,,,,,,,0,1,0
670082,BAYLOR SCOTT AND WHITE  MEDICAL CENTER  MCKINNEY,5252 WEST UNIVERSITY DRIVE,MC KINNEY,TX,75071,COLLIN,(469) 742-2200,,,,,,,0,1,0
670085,TEXAS HEALTH HARRIS METHODIST HOSPITAL ALLIANCE,10864 TEXAS HEALTH TRAIL,FORT WORTH,TX,76244,TARRANT,(682) 212-2004,,,,,,,0,1,0
670088,BAYLOR SCOTT & WHITE MEDICAL CENTER- COLLEGE STATI,700 SCOTT & WHITE DRIVE,COLLEGE STATION,TX,77845,BRAZOS,(979) 691-3701,,,,,,,0,1,0
670090,CRESCENT MEDICAL CENTER LANCASTER,2600 WEST PLEASANT RUN ROAD,LANCASTER,TX,75146,DALLAS,(972) 230-8888,,,,,,,0,1,0
670093,ASPIRE HOSPITAL,"2006 SOUTH LOOP 336 WEST, SUITE 500",CONROE,TX,77304,MONTGOMERY,(936) 647-3500,,,,,,,0,1,0
670098,RESOLUTE HEALTH HOSPITAL,"555 CREEKSIDE XING,",NEW BRAUNFELS,TX,78130,COMAL,(469) 839-6778,,,,,,,0,1,0
670102,"AD HOSPITAL EAST, LLC","12950 EAST FREEWAY, SUITE 100",HOUSTON,TX,77015,HARRIS,(281) 863-2100,,,,,,,0,1,0
670103,MEDICAL CITY ALLIANCE,3101 NORTH TARRANT PARKWAY,FORT WORTH,TX,76177,TARRANT,(817) 639-1100,,,,,,,0,1,0
670106,HCA HOUSTON HEALTHCARE PEARLAND,11100 SHADOW CREEK PARKWAY,PEARLAND,TX,77584,BRAZORIA,(713) 770-7000,,,,,,,0,1,0
670107,BAYLOR SCOTT AND WHITE EMERGENCY HOSPITAL,12500 SOUTH FREEWAY SUITE 100,BURLESON,TX,76028,JOHNSON,(214) 294-6250,,,,,,,0,1,0
670108,BAYLOR SCOTT & WHITE MEDICAL CENTER - MARBLE FALLS,810 W HIGHWAY 71,MARBLE FALLS,TX,78654,BURNET,(254) 215-9791,,,,,,,0,1,0
670109,ALTUS BAYTOWN HOSPITAL,1626 W BAKER ROAD,BAYTOWN,TX,77521,HARRIS,(281) 837-7600,,,,,,,0,1,0
670112,LEGENT ORTHOPEDIC + SPINE,5330 NORTH LOOP 1604 WEST,SAN ANTONIO,TX,78249,BEXAR,(717) 620-2424,,,,,,,0,1,0
670115,CLEVELAND EMERGENCY HOSPITAL,"8901 FM 1960 BYPASS RD W, SUITE 105",HUMBLE,TX,77338,HARRIS,(281) 592-5400,,,,,,,0,1,0
670120,THE HOSPITALS OF PROVIDENCE TRANSMOUNTAIN CAMPUS,2000 TRANSMOUNTAIN RD,EL PASO,TX,79911,EL PASO,(915) 877-8136,,,,,,,0,1,0
670121,SAINT CAMILLUS MEDICAL CENTER,1612 HURST TOWN CENTER DRIVE,HURST,TX,76054,TARRANT,(817) 519-3700,,,,,,,0,1,0
670122,HOUSTON METHODIST THE WOODLANDS HOSPITAL,17201 INTERSTATE 45 SOUTH,THE WOODLANDS,TX,77385,MONTGOMERY,(936) 270-2000,,,,,,,0,1,0
670124,THE HOSPITALS OF PROVIDENCE HORIZON CITY CAMPUS,"13600 HORIZON STREET, SUITE 100",HORIZON CITY,TX,79928,EL PASO,(915) 407-7878,,,,,,,0,1,0
670125,TEXAS CENTER FOR INFECTIOUS DISEASE,2303 SE MILITARY DR P O BOX 23340,SAN ANTONIO,TX,78223,BEXAR,(210) 534-8857,,,,,,,0,1,0
670128,BAYLOR SCOTT & WHITE MEDICAL CENTER PFLUGERVILLE,2600 EAST  PFLUGERVILLE  PARKWAY,PFLUGERVILLE,TX,78660,TRAVIS,(512) 654-6100,,,,,,,0,1,0
670131,BAYLOR SCOTT & WHITE MEDICAL CENTER - BUDA,5330 OVERPASS ROAD SUITE 110,BUDA,TX,78610,HAYS,(737) 999-6200,,,,,,,0,1,0
670132,METHODIST SOUTHLAKE MEDICAL CENTER,421 E STATE HIGHWAY 114,SOUTHLAKE,TX,76092,TARRANT,(878) 654-4400,,,,,,,0,1,0
670134,ALTUS LUMBERTON HOSPITAL,220 BLANCO ST,LUMBERTON,TX,77657,HARDIN,(409) 227-0520,,,,,,,0,1,0
670135,"ALTUS HOUSTON HOSPITAL, LP",6011 W SAM HOUSTON PKWY SOUTH,HOUSTON,TX,77072,HARRIS,(713) 773-0556,,,,,,,0,1,0
670136,BAYLOR SCOTT & WHITE MEDICAL CENTER- AUSTIN,5245 W US 290,AUSTIN,TX,78735,TRAVIS,(512) 654-2100,,,,,,,0,1,0
670260,TEXAS HEALTH HOSPITAL FRISCO,12400 N DALLAS PARKWAY,FRISCO,TX,75033,DENTON,(469) 495-2000,,,,,,,0,1,0
670265,LEGENT ORTHOPEDIC HOSPITAL,4201 WILLIAM D TATE AVENUE,GRAPEVINE,TX,76051,TARRANT,(817) 288-1300,,,,,,,0,1,0
670266,TOWNSEN MEMORIAL HOSPITAL,1475 FM 1960 BYPASS E,HUMBLE,TX,77338,HARRIS,(281) 369-9001,,,,,,,0,1,0
670267,THE WOODLANDS SPECIALTY HOSPITAL,25440 INTERSTATE 45 NORTH,SPRING,TX,77386,MONTGOMERY,(281) 602-8160,,,,,,,0,1,0
670285,ELITE HOSPITAL KINGWOOD,23330 HIGHWAY 59 N,KINGWOOD,TX,77339,HARRIS,(832) 777-6165,,,,,,,0,1,0
670300,METHODIST MIDLOTHIAN MEDICAL CENTER,1201 E HIGHWAY 287,MIDLOTHIAN,TX,76065,ELLIS,(469) 846-2000,,,,,,,0,1,0
670309,TEXAS HEALTH HOSPITAL MANSFIELD,2300 LONE STAR ROAD,MANSFIELD,TX,76063,TARRANT,(682) 341-5000,,,,,,,0,1,0
670314,ST MICHAELS MEDICAL HOSPITAL LLC,"16000 SOUTHWEST FREEWAY, SUITE 100",SUGAR LAND,TX,77479,FORT BEND,(281) 980-4357,,,,,,,0,1,0
670320,EAST HOUSTON MEDICAL CENTER,15149 WALLISVILLE ROAD,HOUSTON,TX,77049,HARRIS,(281) 988-9800,,,,,,,0,1,0
670321,ADVANCED DALLAS HOSPITALS AND CLINICS,7502 GREENVILLE AVENUE,DALLAS,TX,75231,DALLAS,(214) 221-6000,,,,,,,0,1,0
670322,LEGENT SURGICAL HOSPITAL PLANO,4100 MAPLESHADE LANE,PLANO,TX,75075,COLLIN,(972) 265-1050,,,,,,,0,1,0
670326,BRUSHY CREEK FAMILY HOSPITAL LLC,230 DEER RIDGE DR,ROUND ROCK,TX,78681,WILLIAMSON,(512) 766-1400,,,,,,,0,1,0
670327,EXCEPTIONAL COMMUNITY HOSPITAL LUBBOCK,6401 SPUR 327,LUBBOCK,TX,79424,LUBBOCK,(469) 341-7800,,,,,,,0,1,0
670331,MID COAST MEDICAL CENTER-TRINITY,317 PROSPECT DRIVE,TRINITY,TX,75862,TRINITY,(936) 744-1256,,,,,,,0,1,0
670333,WESTOVER HILLS BAPTIST HOSPITAL,3011 W LOOP 1604 N,SAN ANTONIO,TX,78251,BEXAR,(726) 266-8100,,,,,,,0,1,0
670335,UT HEALTH SAN ANTONIO MULTISPECIALTY & RESEARCH HO,8311 EWING HALSELL DR,SAN ANTONIO,TX,78229,BEXAR,(210) 450-7044,,,,,,,0,1,0
670336,BANDERA FAMILY HOSPITAL,8703 BANDERA RD,SAN ANTONIO,TX,78250,BEXAR,(210) 332-1730,,,,,,,0,1,0
670340,METHODIST CELINA MEDICAL CENTER,1500 S DALLAS PARKWAY,CELINA,TX,75009,COLLIN,(214) 947-6452,,,,,,,0,1,0
670342,HOUSTON METHODIST CYPRESS HOSPITAL,24500 NORTHWEST FWY,CYPRESS,TX,77429,HARRIS,(346) 618-1506,,,,,,,0,1,0
670779,CROSBYTON CLINIC HOSPITAL,710 WEST MAIN STREET,CROSBYTON,TX,79322,CROSBY,(806) 675-2382,,,,,,,0,1,0
670780,FALLS COMMUNITY HOSPITAL AND CLINIC,322 COLEMAN STREET,MARLIN,TX,76661,FALLS,(254) 803-3561,,,,,,,0,1,0
670781,ANSON GENERAL HOSPITAL,101 AVENUE J,ANSON,TX,79501,JONES,(325) 823-3231,,,,,,,0,1,0
670783,CHI ST LUKES HEALTH MEMORIAL SAN AUGUSTINE,511 HOSPITAL ST,SAN AUGUSTINE,TX,75972,SAN AUGUSTINE,(936) 275-3446,,,,,,,0,1,0
671300,GRAHAM REGIONAL MEDICAL CENTER,1301 MONTGOMERY ROAD,GRAHAM,TX,76450,YOUNG,(940) 549-3400,,,,,,,0,1,0
671301,HEMPHILL COUNTY HOSPITAL,1020 S 4TH ST,CANADIAN,TX,79014,HEMPHILL,(806) 323-6622,,,,,,,0,1,0
671302,STEPHENS MEMORIAL HOSPITAL,200 SOUTH GENEVA STREET,BRECKENRIDGE,TX,76424,STEPHENS,(254) 559-2241,,,,,,,0,1,0
